999
FreeCAD v1.1 44987 (Git)
  0
SECTION
  2
HEADER
  9
$ACADVER
  1
AC1014
  9
$ACADMAINTVER
 70
     9
  9
$DWGCODEPAGE
  3
ANSI_1252
  9
$TEXTSTYLE
  7
STANDARD
  9
$DIMSTYLE
  2
STANDARD
  9
$DIMTXSTY
  7
STANDARD
  9
$CMLSTYLE
  2
STANDARD
  9
$LUNITS
 70
2
  9
$INSUNITS
 70
4
  9
$PEXTMAX
 10
50
 20
50
 30
50
  9
$PEXTMIN
 10
0
 20
0
 30
0
  9
$HANDSEED
  5
FFFF
  0
ENDSEC
  0
SECTION
  2
CLASSES
  0
CLASS
  1
ACDBDICTIONARYWDFLT
  2
AcDbDictionaryWithDefault
  3
ObjectDBX Classes
 90
        0
280
     0
281
     0
  0
CLASS
  1
XRECORD
  2
AcDbXrecord
  3
ObjectDBX Classes
 90
        0
280
     0
281
     0
  0
CLASS
  1
LWPOLYLINE
  2
AcDbPolyline
  3
ObjectDBX Classes
 90
        0
280
     0
281
     1
  0
ENDSEC
  0
SECTION
  2
TABLES
  0
TABLE
  2
VPORT
  5
20
330
0
100
AcDbSymbolTable
 70
     1
  0
VPORT
  5
21
330
20
100
AcDbSymbolTableRecord
100
AcDbViewportTableRecord
  2
*ACTIVE
 70
     0
  0
ENDTAB
  0
TABLE
  2
LTYPE
  5
22
330
0
100
AcDbSymbolTable
 70
     1
  0
LTYPE
  5
23
330
21
100
AcDbSymbolTableRecord
100
AcDbLinetypeTableRecord
  2
BYBLOCK
 70
     0
  3

 72
    65
 73
     0
 40
0.0
  0
LTYPE
  5
24
330
21
100
AcDbSymbolTableRecord
100
AcDbLinetypeTableRecord
  2
BYLAYER
 70
     0
  3

 72
    65
 73
     0
 40
0.0
  0
LTYPE
  5
25
330
21
100
AcDbSymbolTableRecord
100
AcDbLinetypeTableRecord
  2
CONTINUOUS
 70
     0
  3
Solid line
 72
    65
 73
     0
 40
0.0
  0
ENDTAB
  0
TABLE
  2
LAYER
  5
DE6
330
0
100
AcDbSymbolTable
 70
9
  0
LAYER
  5
DE7
330
DE6
100
AcDbSymbolTableRecord
100
AcDbLayerTableRecord
  2
0
 70
   0
 62
   7
  6
CONTINUOUS
  0
LAYER
  5
DE8
330
DE6
100
AcDbSymbolTableRecord
100
AcDbLayerTableRecord
  2
none
 70
    0
 62
    7
  6
CONTINUOUS
  0
LAYER
  5
DE9
330
DE6
100
AcDbSymbolTableRecord
100
AcDbLayerTableRecord
  2
ADAPTER_PCB_OUTLINE
 70
    0
 62
    7
  6
CONTINUOUS
  0
LAYER
  5
DEA
330
DE6
100
AcDbSymbolTableRecord
100
AcDbLayerTableRecord
  2
ANNO_AXE630124D_BOTTOM_BODY
 70
    0
 62
    7
  6
CONTINUOUS
  0
LAYER
  5
DEB
330
DE6
100
AcDbSymbolTableRecord
100
AcDbLayerTableRecord
  2
ANNO_KH_FG0_5_H2_0_30PIN_TOP_BODY
 70
    0
 62
    7
  6
CONTINUOUS
  0
LAYER
  5
DEC
330
DE6
100
AcDbSymbolTableRecord
100
AcDbLayerTableRecord
  2
ANNO_FPC_RIBBON_EXIT_PLUS_Y
 70
    0
 62
    7
  6
CONTINUOUS
  0
LAYER
  5
DED
330
DE6
100
AcDbSymbolTableRecord
100
AcDbLayerTableRecord
  2
ShapeString
 70
    0
 62
    7
  6
CONTINUOUS
  0
LAYER
  5
DEE
330
DE6
100
AcDbSymbolTableRecord
100
AcDbLayerTableRecord
  2
ShapeString001
 70
    0
 62
    7
  6
CONTINUOUS
  0
LAYER
  5
DEF
330
DE6
100
AcDbSymbolTableRecord
100
AcDbLayerTableRecord
  2
ShapeString002
 70
    0
 62
    7
  6
CONTINUOUS
  0
ENDTAB
  0
TABLE
  2
STYLE
  5
70
330
0
100
AcDbSymbolTable
 70
     2
  0
STYLE
  5
71
330
70
100
AcDbSymbolTableRecord
100
AcDbTextStyleTableRecord
  2
STANDARD
 70
     0
 40
0.0
 41
1.0
 50
0.0
 71
     0
 42
2.5
  3
arial.ttf
  4

  0
STYLE
  5
72
330
70
100
AcDbSymbolTableRecord
100
AcDbTextStyleTableRecord
  2
ANNOTATIVE
 70
     0
 40
0.0
 41
1.0
 50
0.0
 71
     0
 42
2.5
  3
arial.ttf
  4

  0
ENDTAB
  0
TABLE
  2
VIEW
  5
73
330
0
100
AcDbSymbolTable
 70
     0
  0
ENDTAB
  0
TABLE
  2
UCS
  5
74
330
0
100
AcDbSymbolTable
 70
     0
  0
ENDTAB
  0
TABLE
  2
APPID
  5
75
330
0
100
AcDbSymbolTable
 70
     2
  0
APPID
  5
76
330
75
100
AcDbSymbolTableRecord
100
AcDbRegAppTableRecord
  2
ACAD
 70
     0
  0
APPID
  5
77
330
75
100
AcDbSymbolTableRecord
100
AcDbRegAppTableRecord
  2
ACADANNOTATIVE
 70
     0
  0
ENDTAB
  0
TABLE
  2
DIMSTYLE
  5
78
330
0
100
AcDbSymbolTable
 70
     2
  0
DIMSTYLE
105
79
330
78
100
AcDbSymbolTableRecord
100
AcDbDimStyleTableRecord
  2
STANDARD
 70
     0
  3

  4

  5

  6

  7

 40
0.0
 41
2.5
 42
0.625
 43
3.75
 44
1.25
 45
0.0
 46
0.0
 47
0.0
 48
0.0
140
2.5
141
2.5
142
0.0
143
0.03937007874016
144
1.0
145
0.0
146
1.0
147
0.625
 71
     0
 72
     0
 73
     0
 74
     0
 75
     0
 76
     0
 77
     1
 78
     8
170
     0
171
     3
172
     1
173
     0
174
     0
175
     0
176
     0
177
     0
178
     0
270
     2
271
     2
272
     2
273
     2
274
     3
340
71
275
     0
280
     0
281
     0
282
     0
283
     0
284
     8
285
     0
286
     0
287
     3
288
     0
  0
ENDTAB
  0
TABLE
  2
BLOCK_RECORD
  5
A01
330
0
100
AcDbSymbolTable
  70
5
  0
BLOCK_RECORD
  5
A02
330
A01
100
AcDbSymbolTableRecord
100
AcDbBlockTableRecord
  2
*MODEL_SPACE
  0
BLOCK_RECORD
  5
A03
330
A01
100
AcDbSymbolTableRecord
100
AcDbBlockTableRecord
  2
*PAPER_SPACE
  0
ENDTAB
  0
ENDSEC
  0
SECTION
  2
BLOCKS
  0
BLOCK
  5
A04
330
A02
100
AcDbEntity
  8
0
100
AcDbBlockBegin
  2
*MODEL_SPACE
 70
   0
 10
0
 20
0
 30
0
  3
*MODEL_SPACE
  1

  0
ENDBLK
  5
A05
330
A02
100
AcDbEntity
  8
0
100
AcDbBlockEnd
  0
BLOCK
  5
A06
330
A03
100
AcDbEntity
 67
1
  8
0
100
AcDbBlockBegin
  2
*PAPER_SPACE
 70
   0
 10
0
 20
0
 30
0
  3
*PAPER_SPACE
  1

  0
ENDBLK
  5
A07
330
A03
100
AcDbEntity
 67
    1
  8
0
100
AcDbBlockEnd
  0
ENDSEC
  0
SECTION
  2
ENTITIES
  0
LINE
  5
A08
330
A02
100
AcDbEntity
  8
ADAPTER_PCB_OUTLINE
100
AcDbLine
 10
34.450000000
 20
47.000000000
 30
1.600000000
 11
44.450000000
 21
47.000000000
 31
1.600000000
  0
LINE
  5
A09
330
A02
100
AcDbEntity
  8
ADAPTER_PCB_OUTLINE
100
AcDbLine
 10
44.450000000
 20
47.000000000
 30
1.600000000
 11
44.450000000
 21
55.300000000
 31
1.600000000
  0
LINE
  5
A0A
330
A02
100
AcDbEntity
  8
ADAPTER_PCB_OUTLINE
100
AcDbLine
 10
44.450000000
 20
55.300000000
 30
1.600000000
 11
45.450000000
 21
56.300000000
 31
1.600000000
  0
LINE
  5
A0B
330
A02
100
AcDbEntity
  8
ADAPTER_PCB_OUTLINE
100
AcDbLine
 10
45.450000000
 20
56.300000000
 30
1.600000000
 11
51.450000000
 21
56.300000000
 31
1.600000000
  0
LINE
  5
A0C
330
A02
100
AcDbEntity
  8
ADAPTER_PCB_OUTLINE
100
AcDbLine
 10
51.450000000
 20
56.300000000
 30
1.600000000
 11
51.450000000
 21
65.300000000
 31
1.600000000
  0
LINE
  5
A0D
330
A02
100
AcDbEntity
  8
ADAPTER_PCB_OUTLINE
100
AcDbLine
 10
51.450000000
 20
65.300000000
 30
1.600000000
 11
27.450000000
 21
65.300000000
 31
1.600000000
  0
LINE
  5
A0E
330
A02
100
AcDbEntity
  8
ADAPTER_PCB_OUTLINE
100
AcDbLine
 10
27.450000000
 20
65.300000000
 30
1.600000000
 11
27.450000000
 21
56.300000000
 31
1.600000000
  0
LINE
  5
A0F
330
A02
100
AcDbEntity
  8
ADAPTER_PCB_OUTLINE
100
AcDbLine
 10
27.450000000
 20
56.300000000
 30
1.600000000
 11
33.450000000
 21
56.300000000
 31
1.600000000
  0
LINE
  5
A10
330
A02
100
AcDbEntity
  8
ADAPTER_PCB_OUTLINE
100
AcDbLine
 10
33.450000000
 20
56.300000000
 30
1.600000000
 11
34.450000000
 21
55.300000000
 31
1.600000000
  0
LINE
  5
A11
330
A02
100
AcDbEntity
  8
ADAPTER_PCB_OUTLINE
100
AcDbLine
 10
34.450000000
 20
55.300000000
 30
1.600000000
 11
34.450000000
 21
47.000000000
 31
1.600000000
  0
LINE
  5
A12
330
A02
100
AcDbEntity
  8
ANNO_AXE630124D_BOTTOM_BODY
100
AcDbLine
 10
35.550000000
 20
50.280000000
 30
0.000000000
 11
43.350000000
 21
50.280000000
 31
0.000000000
  0
LINE
  5
A13
330
A02
100
AcDbEntity
  8
ANNO_AXE630124D_BOTTOM_BODY
100
AcDbLine
 10
43.350000000
 20
50.280000000
 30
0.000000000
 11
43.350000000
 21
52.280000000
 31
0.000000000
  0
LINE
  5
A14
330
A02
100
AcDbEntity
  8
ANNO_AXE630124D_BOTTOM_BODY
100
AcDbLine
 10
43.350000000
 20
52.280000000
 30
0.000000000
 11
35.550000000
 21
52.280000000
 31
0.000000000
  0
LINE
  5
A15
330
A02
100
AcDbEntity
  8
ANNO_AXE630124D_BOTTOM_BODY
100
AcDbLine
 10
35.550000000
 20
52.280000000
 30
0.000000000
 11
35.550000000
 21
50.280000000
 31
0.000000000
  0
LINE
  5
A16
330
A02
100
AcDbEntity
  8
ANNO_KH_FG0_5_H2_0_30PIN_TOP_BODY
100
AcDbLine
 10
29.750000000
 20
57.300000000
 30
0.000000000
 11
49.150000000
 21
57.300000000
 31
0.000000000
  0
LINE
  5
A17
330
A02
100
AcDbEntity
  8
ANNO_KH_FG0_5_H2_0_30PIN_TOP_BODY
100
AcDbLine
 10
49.150000000
 20
57.300000000
 30
0.000000000
 11
49.150000000
 21
63.300000000
 31
0.000000000
  0
LINE
  5
A18
330
A02
100
AcDbEntity
  8
ANNO_KH_FG0_5_H2_0_30PIN_TOP_BODY
100
AcDbLine
 10
49.150000000
 20
63.300000000
 30
0.000000000
 11
29.750000000
 21
63.300000000
 31
0.000000000
  0
LINE
  5
A19
330
A02
100
AcDbEntity
  8
ANNO_KH_FG0_5_H2_0_30PIN_TOP_BODY
100
AcDbLine
 10
29.750000000
 20
63.300000000
 30
0.000000000
 11
29.750000000
 21
57.300000000
 31
0.000000000
  0
LINE
  5
A1A
330
A02
100
AcDbEntity
  8
ANNO_FPC_RIBBON_EXIT_PLUS_Y
100
AcDbLine
 10
39.450000000
 20
63.300000000
 30
0.000000000
 11
39.450000000
 21
64.300000000
 31
0.000000000
  0
LINE
  5
A1B
330
A02
100
AcDbEntity
  8
ShapeString
100
AcDbLine
 10
53.000000100
 20
52.300000000
 30
0.000000000
 11
53.621964386
 21
52.300000000
 31
0.000000000
  0
LINE
  5
A1C
330
A02
100
AcDbEntity
  8
ShapeString
100
AcDbLine
 10
53.000000100
 20
50.500000000
 30
0.000000000
 11
53.000000100
 21
52.300000000
 31
0.000000000
  0
LINE
  5
A1D
330
A02
100
AcDbEntity
  8
ShapeString
100
AcDbLine
 10
53.646071529
 20
50.500000000
 30
0.000000000
 11
53.000000100
 21
50.500000000
 31
0.000000000
  0
SPLINE
  5
A1E
330
A02
100
AcDbEntity
  8
ShapeString
100
AcDbSpline
210
0
220
0
230
1
 70
8
 71
2
 72
6
 73
3
 74
0
 40
0.000000000
 40
0.000000000
 40
0.000000000
 40
1.000000000
 40
1.000000000
 40
1.000000000
 10
54.112544743
 20
50.631785714
 30
0.000000000
 10
53.948616171
 20
50.500000000
 30
0.000000000
 10
53.646071529
 20
50.500000000
 30
0.000000000
  0
SPLINE
  5
A1F
330
A02
100
AcDbEntity
  8
ShapeString
100
AcDbSpline
210
0
220
0
230
1
 70
8
 71
2
 72
6
 73
3
 74
0
 40
0.000000000
 40
0.000000000
 40
0.000000000
 40
1.000000000
 40
1.000000000
 40
1.000000000
 10
54.276473314
 20
51.005526786
 30
0.000000000
 10
54.276473314
 20
50.763651786
 30
0.000000000
 10
54.112544743
 20
50.631785714
 30
0.000000000
  0
SPLINE
  5
A20
330
A02
100
AcDbEntity
  8
ShapeString
100
AcDbSpline
210
0
220
0
230
1
 70
8
 71
2
 72
6
 73
3
 74
0
 40
0.000000000
 40
0.000000000
 40
0.000000000
 40
1.000000000
 40
1.000000000
 40
1.000000000
 10
54.176991171
 20
51.312089286
 30
0.000000000
 10
54.276473314
 20
51.189383929
 30
0.000000000
 10
54.276473314
 20
51.005526786
 30
0.000000000
  0
SPLINE
  5
A21
330
A02
100
AcDbEntity
  8
ShapeString
100
AcDbSpline
210
0
220
0
230
1
 70
8
 71
2
 72
6
 73
3
 74
0
 40
0.000000000
 40
0.000000000
 40
0.000000000
 40
1.000000000
 40
1.000000000
 40
1.000000000
 10
53.897991171
 20
51.473607143
 30
0.000000000
 10
54.077589386
 20
51.434875000
 30
0.000000000
 10
54.176991171
 20
51.312089286
 30
0.000000000
  0
SPLINE
  5
A22
330
A02
100
AcDbEntity
  8
ShapeString
100
AcDbSpline
210
0
220
0
230
1
 70
8
 71
2
 72
6
 73
3
 74
0
 40
0.000000000
 40
0.000000000
 40
0.000000000
 40
1.000000000
 40
1.000000000
 40
1.000000000
 10
54.124598314
 20
51.594866071
 30
0.000000000
 10
54.047455457
 20
51.497633929
 30
0.000000000
 10
53.897991171
 20
51.473607143
 30
0.000000000
  0
SPLINE
  5
A23
330
A02
100
AcDbEntity
  8
ShapeString
100
AcDbSpline
210
0
220
0
230
1
 70
8
 71
2
 72
6
 73
3
 74
0
 40
0.000000000
 40
0.000000000
 40
0.000000000
 40
1.000000000
 40
1.000000000
 40
1.000000000
 10
54.201741171
 20
51.856750000
 30
0.000000000
 10
54.201741171
 20
51.692178571
 30
0.000000000
 10
54.124598314
 20
51.594866071
 30
0.000000000
  0
SPLINE
  5
A24
330
A02
100
AcDbEntity
  8
ShapeString
100
AcDbSpline
210
0
220
0
230
1
 70
8
 71
2
 72
6
 73
3
 74
0
 40
0.000000000
 40
0.000000000
 40
0.000000000
 40
1.000000000
 40
1.000000000
 40
1.000000000
 10
54.051071529
 20
52.184687500
 30
0.000000000
 10
54.201741171
 20
52.069375000
 30
0.000000000
 10
54.201741171
 20
51.856750000
 30
0.000000000
  0
SPLINE
  5
A25
330
A02
100
AcDbEntity
  8
ShapeString
100
AcDbSpline
210
0
220
0
230
1
 70
8
 71
2
 72
6
 73
3
 74
0
 40
0.000000000
 40
0.000000000
 40
0.000000000
 40
1.000000000
 40
1.000000000
 40
1.000000000
 10
53.621964386
 20
52.300000000
 30
0.000000000
 10
53.900401886
 20
52.300000000
 30
0.000000000
 10
54.051071529
 20
52.184687500
 30
0.000000000
  0
LINE
  5
A26
330
A02
100
AcDbEntity
  8
ShapeString
100
AcDbLine
 10
53.243482243
 20
51.364000000
 30
0.000000000
 11
53.243482243
 21
50.700571429
 31
0.000000000
  0
LINE
  5
A27
330
A02
100
AcDbEntity
  8
ShapeString
100
AcDbLine
 10
53.634017957
 20
51.364000000
 30
0.000000000
 11
53.243482243
 21
51.364000000
 31
0.000000000
  0
SPLINE
  5
A28
330
A02
100
AcDbEntity
  8
ShapeString
100
AcDbSpline
210
0
220
0
230
1
 70
8
 71
2
 72
6
 73
3
 74
0
 40
0.000000000
 40
0.000000000
 40
0.000000000
 40
1.000000000
 40
1.000000000
 40
1.000000000
 10
53.925071529
 20
51.283321429
 30
0.000000000
 10
53.830491171
 20
51.364000000
 30
0.000000000
 10
53.634017957
 20
51.364000000
 30
0.000000000
  0
SPLINE
  5
A29
330
A02
100
AcDbEntity
  8
ShapeString
100
AcDbSpline
210
0
220
0
230
1
 70
8
 71
2
 72
6
 73
3
 74
0
 40
0.000000000
 40
0.000000000
 40
0.000000000
 40
1.000000000
 40
1.000000000
 40
1.000000000
 10
54.019732243
 20
51.032928571
 30
0.000000000
 10
54.019732243
 20
51.202723214
 30
0.000000000
 10
53.925071529
 20
51.283321429
 30
0.000000000
  0
SPLINE
  5
A2A
330
A02
100
AcDbEntity
  8
ShapeString
100
AcDbSpline
210
0
220
0
230
1
 70
8
 71
2
 72
6
 73
3
 74
0
 40
0.000000000
 40
0.000000000
 40
0.000000000
 40
1.000000000
 40
1.000000000
 40
1.000000000
 10
53.925071529
 20
50.782455357
 30
0.000000000
 10
54.019732243
 20
50.864339286
 30
0.000000000
 10
54.019732243
 20
51.032928571
 30
0.000000000
  0
SPLINE
  5
A2B
330
A02
100
AcDbEntity
  8
ShapeString
100
AcDbSpline
210
0
220
0
230
1
 70
8
 71
2
 72
6
 73
3
 74
0
 40
0.000000000
 40
0.000000000
 40
0.000000000
 40
1.000000000
 40
1.000000000
 40
1.000000000
 10
53.634017957
 20
50.700571429
 30
0.000000000
 10
53.830491171
 20
50.700571429
 30
0.000000000
 10
53.925071529
 20
50.782455357
 30
0.000000000
  0
LINE
  5
A2C
330
A02
100
AcDbEntity
  8
ShapeString
100
AcDbLine
 10
53.243482243
 20
50.700571429
 30
0.000000000
 11
53.634017957
 21
50.700571429
 31
0.000000000
  0
LINE
  5
A2D
330
A02
100
AcDbEntity
  8
ShapeString
100
AcDbLine
 10
53.243482243
 20
52.099428571
 30
0.000000000
 11
53.243482243
 21
51.559428571
 31
0.000000000
  0
LINE
  5
A2E
330
A02
100
AcDbEntity
  8
ShapeString
100
AcDbLine
 10
53.603884029
 20
52.099428571
 30
0.000000000
 11
53.243482243
 21
52.099428571
 31
0.000000000
  0
SPLINE
  5
A2F
330
A02
100
AcDbEntity
  8
ShapeString
100
AcDbSpline
210
0
220
0
230
1
 70
8
 71
2
 72
6
 73
3
 74
0
 40
0.000000000
 40
0.000000000
 40
0.000000000
 40
1.000000000
 40
1.000000000
 40
1.000000000
 10
53.869625100
 20
52.032169643
 30
0.000000000
 10
53.782276886
 20
52.099428571
 30
0.000000000
 10
53.603884029
 20
52.099428571
 30
0.000000000
  0
SPLINE
  5
A30
330
A02
100
AcDbEntity
  8
ShapeString
100
AcDbSpline
210
0
220
0
230
1
 70
8
 71
2
 72
6
 73
3
 74
0
 40
0.000000000
 40
0.000000000
 40
0.000000000
 40
1.000000000
 40
1.000000000
 40
1.000000000
 10
53.957053671
 20
51.829428571
 30
0.000000000
 10
53.957053671
 20
51.964991071
 30
0.000000000
 10
53.869625100
 20
52.032169643
 30
0.000000000
  0
SPLINE
  5
A31
330
A02
100
AcDbEntity
  8
ShapeString
100
AcDbSpline
210
0
220
0
230
1
 70
8
 71
2
 72
6
 73
3
 74
0
 40
0.000000000
 40
0.000000000
 40
0.000000000
 40
1.000000000
 40
1.000000000
 40
1.000000000
 10
53.869625100
 20
51.626044643
 30
0.000000000
 10
53.957053671
 20
51.692660714
 30
0.000000000
 10
53.957053671
 20
51.829428571
 30
0.000000000
  0
SPLINE
  5
A32
330
A02
100
AcDbEntity
  8
ShapeString
100
AcDbSpline
210
0
220
0
230
1
 70
8
 71
2
 72
6
 73
3
 74
0
 40
0.000000000
 40
0.000000000
 40
0.000000000
 40
1.000000000
 40
1.000000000
 40
1.000000000
 10
53.603884029
 20
51.559428571
 30
0.000000000
 10
53.782276886
 20
51.559428571
 30
0.000000000
 10
53.869625100
 20
51.626044643
 30
0.000000000
  0
LINE
  5
A33
330
A02
100
AcDbEntity
  8
ShapeString
100
AcDbLine
 10
53.243482243
 20
51.559428571
 30
0.000000000
 11
53.603884029
 21
51.559428571
 31
0.000000000
  0
SPLINE
  5
A34
330
A02
100
AcDbEntity
  8
ShapeString
100
AcDbSpline
210
0
220
0
230
1
 70
8
 71
2
 72
6
 73
3
 74
0
 40
0.000000000
 40
0.000000000
 40
0.000000000
 40
1.000000000
 40
1.000000000
 40
1.000000000
 10
55.381303671
 20
52.330857143
 30
0.000000000
 10
55.759785814
 20
52.330857143
 30
0.000000000
 10
55.986392957
 20
52.077169643
 30
0.000000000
  0
SPLINE
  5
A35
330
A02
100
AcDbEntity
  8
ShapeString
100
AcDbSpline
210
0
220
0
230
1
 70
8
 71
2
 72
6
 73
3
 74
0
 40
0.000000000
 40
0.000000000
 40
0.000000000
 40
1.000000000
 40
1.000000000
 40
1.000000000
 10
54.774366171
 20
52.077169643
 30
0.000000000
 10
55.001616171
 20
52.330857143
 30
0.000000000
 10
55.381303671
 20
52.330857143
 30
0.000000000
  0
SPLINE
  5
A36
330
A02
100
AcDbEntity
  8
ShapeString
100
AcDbSpline
210
0
220
0
230
1
 70
8
 71
2
 72
6
 73
3
 74
0
 40
0.000000000
 40
0.000000000
 40
0.000000000
 40
1.000000000
 40
1.000000000
 40
1.000000000
 10
54.547196529
 20
51.396866071
 30
0.000000000
 10
54.547196529
 20
51.823482143
 30
0.000000000
 10
54.774366171
 20
52.077169643
 30
0.000000000
  0
SPLINE
  5
A37
330
A02
100
AcDbEntity
  8
ShapeString
100
AcDbSpline
210
0
220
0
230
1
 70
8
 71
2
 72
6
 73
3
 74
0
 40
0.000000000
 40
0.000000000
 40
0.000000000
 40
1.000000000
 40
1.000000000
 40
1.000000000
 10
54.774366171
 20
50.717044643
 30
0.000000000
 10
54.547196529
 20
50.970169643
 30
0.000000000
 10
54.547196529
 20
51.396866071
 30
0.000000000
  0
SPLINE
  5
A38
330
A02
100
AcDbEntity
  8
ShapeString
100
AcDbSpline
210
0
220
0
230
1
 70
8
 71
2
 72
6
 73
3
 74
0
 40
0.000000000
 40
0.000000000
 40
0.000000000
 40
1.000000000
 40
1.000000000
 40
1.000000000
 10
55.381303671
 20
50.464000000
 30
0.000000000
 10
55.001616171
 20
50.464000000
 30
0.000000000
 10
54.774366171
 20
50.717044643
 30
0.000000000
  0
SPLINE
  5
A39
330
A02
100
AcDbEntity
  8
ShapeString
100
AcDbSpline
210
0
220
0
230
1
 70
8
 71
2
 72
6
 73
3
 74
0
 40
0.000000000
 40
0.000000000
 40
0.000000000
 40
1.000000000
 40
1.000000000
 40
1.000000000
 10
55.986392957
 20
50.717687500
 30
0.000000000
 10
55.759785814
 20
50.464000000
 30
0.000000000
 10
55.381303671
 20
50.464000000
 30
0.000000000
  0
SPLINE
  5
A3A
330
A02
100
AcDbEntity
  8
ShapeString
100
AcDbSpline
210
0
220
0
230
1
 70
8
 71
2
 72
6
 73
3
 74
0
 40
0.000000000
 40
0.000000000
 40
0.000000000
 40
1.000000000
 40
1.000000000
 40
1.000000000
 10
56.213000100
 20
51.396866071
 30
0.000000000
 10
56.213000100
 20
50.971375000
 30
0.000000000
 10
55.986392957
 20
50.717687500
 30
0.000000000
  0
SPLINE
  5
A3B
330
A02
100
AcDbEntity
  8
ShapeString
100
AcDbSpline
210
0
220
0
230
1
 70
8
 71
2
 72
6
 73
3
 74
0
 40
0.000000000
 40
0.000000000
 40
0.000000000
 40
1.000000000
 40
1.000000000
 40
1.000000000
 10
55.986392957
 20
52.077169643
 30
0.000000000
 10
56.213000100
 20
51.823482143
 30
0.000000000
 10
56.213000100
 20
51.396866071
 30
0.000000000
  0
SPLINE
  5
A3C
330
A02
100
AcDbEntity
  8
ShapeString
100
AcDbSpline
210
0
220
0
230
1
 70
8
 71
2
 72
6
 73
3
 74
0
 40
0.000000000
 40
0.000000000
 40
0.000000000
 40
1.000000000
 40
1.000000000
 40
1.000000000
 10
55.381303671
 20
52.135428571
 30
0.000000000
 10
55.116125100
 20
52.135428571
 30
0.000000000
 10
54.959991171
 20
51.937187500
 30
0.000000000
  0
SPLINE
  5
A3D
330
A02
100
AcDbEntity
  8
ShapeString
100
AcDbSpline
210
0
220
0
230
1
 70
8
 71
2
 72
6
 73
3
 74
0
 40
0.000000000
 40
0.000000000
 40
0.000000000
 40
1.000000000
 40
1.000000000
 40
1.000000000
 10
55.801330457
 20
51.937187500
 30
0.000000000
 10
55.646482243
 20
52.135428571
 30
0.000000000
 10
55.381303671
 20
52.135428571
 30
0.000000000
  0
SPLINE
  5
A3E
330
A02
100
AcDbEntity
  8
ShapeString
100
AcDbSpline
210
0
220
0
230
1
 70
8
 71
2
 72
6
 73
3
 74
0
 40
0.000000000
 40
0.000000000
 40
0.000000000
 40
1.000000000
 40
1.000000000
 40
1.000000000
 10
55.956259029
 20
51.396785714
 30
0.000000000
 10
55.956259029
 20
51.738946429
 30
0.000000000
 10
55.801330457
 20
51.937187500
 30
0.000000000
  0
SPLINE
  5
A3F
330
A02
100
AcDbEntity
  8
ShapeString
100
AcDbSpline
210
0
220
0
230
1
 70
8
 71
2
 72
6
 73
3
 74
0
 40
0.000000000
 40
0.000000000
 40
0.000000000
 40
1.000000000
 40
1.000000000
 40
1.000000000
 10
55.801330457
 20
50.857669643
 30
0.000000000
 10
55.956259029
 20
51.055910714
 30
0.000000000
 10
55.956259029
 20
51.396785714
 30
0.000000000
  0
SPLINE
  5
A40
330
A02
100
AcDbEntity
  8
ShapeString
100
AcDbSpline
210
0
220
0
230
1
 70
8
 71
2
 72
6
 73
3
 74
0
 40
0.000000000
 40
0.000000000
 40
0.000000000
 40
1.000000000
 40
1.000000000
 40
1.000000000
 10
55.381303671
 20
50.659428571
 30
0.000000000
 10
55.646482243
 20
50.659428571
 30
0.000000000
 10
55.801330457
 20
50.857669643
 30
0.000000000
  0
SPLINE
  5
A41
330
A02
100
AcDbEntity
  8
ShapeString
100
AcDbSpline
210
0
220
0
230
1
 70
8
 71
2
 72
6
 73
3
 74
0
 40
0.000000000
 40
0.000000000
 40
0.000000000
 40
1.000000000
 40
1.000000000
 40
1.000000000
 10
54.959991171
 20
50.857669643
 30
0.000000000
 10
55.116125100
 20
50.659428571
 30
0.000000000
 10
55.381303671
 20
50.659428571
 30
0.000000000
  0
SPLINE
  5
A42
330
A02
100
AcDbEntity
  8
ShapeString
100
AcDbSpline
210
0
220
0
230
1
 70
8
 71
2
 72
6
 73
3
 74
0
 40
0.000000000
 40
0.000000000
 40
0.000000000
 40
1.000000000
 40
1.000000000
 40
1.000000000
 10
54.803937600
 20
51.396785714
 30
0.000000000
 10
54.803937600
 20
51.055910714
 30
0.000000000
 10
54.959991171
 20
50.857669643
 30
0.000000000
  0
SPLINE
  5
A43
330
A02
100
AcDbEntity
  8
ShapeString
100
AcDbSpline
210
0
220
0
230
1
 70
8
 71
2
 72
6
 73
3
 74
0
 40
0.000000000
 40
0.000000000
 40
0.000000000
 40
1.000000000
 40
1.000000000
 40
1.000000000
 10
54.959991171
 20
51.937187500
 30
0.000000000
 10
54.803937600
 20
51.738946429
 30
0.000000000
 10
54.803937600
 20
51.396785714
 30
0.000000000
  0
LINE
  5
A44
330
A02
100
AcDbEntity
  8
ShapeString
100
AcDbLine
 10
56.345348314
 20
52.300000000
 30
0.000000000
 11
57.867714386
 21
52.300000000
 31
0.000000000
  0
LINE
  5
A45
330
A02
100
AcDbEntity
  8
ShapeString
100
AcDbLine
 10
56.345348314
 20
52.094285714
 30
0.000000000
 11
56.345348314
 21
52.300000000
 31
0.000000000
  0
LINE
  5
A46
330
A02
100
AcDbEntity
  8
ShapeString
100
AcDbLine
 10
56.984187600
 20
52.094285714
 30
0.000000000
 11
56.345348314
 21
52.094285714
 31
0.000000000
  0
LINE
  5
A47
330
A02
100
AcDbEntity
  8
ShapeString
100
AcDbLine
 10
56.984187600
 20
50.500000000
 30
0.000000000
 11
56.984187600
 21
52.094285714
 31
0.000000000
  0
LINE
  5
A48
330
A02
100
AcDbEntity
  8
ShapeString
100
AcDbLine
 10
57.228875100
 20
50.500000000
 30
0.000000000
 11
56.984187600
 21
50.500000000
 31
0.000000000
  0
LINE
  5
A49
330
A02
100
AcDbEntity
  8
ShapeString
100
AcDbLine
 10
57.228875100
 20
52.094285714
 30
0.000000000
 11
57.228875100
 21
50.500000000
 31
0.000000000
  0
LINE
  5
A4A
330
A02
100
AcDbEntity
  8
ShapeString
100
AcDbLine
 10
57.867714386
 20
52.094285714
 30
0.000000000
 11
57.228875100
 21
52.094285714
 31
0.000000000
  0
LINE
  5
A4B
330
A02
100
AcDbEntity
  8
ShapeString
100
AcDbLine
 10
57.867714386
 20
52.300000000
 30
0.000000000
 11
57.867714386
 21
52.094285714
 31
0.000000000
  0
LINE
  5
A4C
330
A02
100
AcDbEntity
  8
ShapeString
100
AcDbLine
 10
57.811062600
 20
52.300000000
 30
0.000000000
 11
59.333428671
 21
52.300000000
 31
0.000000000
  0
LINE
  5
A4D
330
A02
100
AcDbEntity
  8
ShapeString
100
AcDbLine
 10
57.811062600
 20
52.094285714
 30
0.000000000
 11
57.811062600
 21
52.300000000
 31
0.000000000
  0
LINE
  5
A4E
330
A02
100
AcDbEntity
  8
ShapeString
100
AcDbLine
 10
58.449901886
 20
52.094285714
 30
0.000000000
 11
57.811062600
 21
52.094285714
 31
0.000000000
  0
LINE
  5
A4F
330
A02
100
AcDbEntity
  8
ShapeString
100
AcDbLine
 10
58.449901886
 20
50.500000000
 30
0.000000000
 11
58.449901886
 21
52.094285714
 31
0.000000000
  0
LINE
  5
A50
330
A02
100
AcDbEntity
  8
ShapeString
100
AcDbLine
 10
58.694589386
 20
50.500000000
 30
0.000000000
 11
58.449901886
 21
50.500000000
 31
0.000000000
  0
LINE
  5
A51
330
A02
100
AcDbEntity
  8
ShapeString
100
AcDbLine
 10
58.694589386
 20
52.094285714
 30
0.000000000
 11
58.694589386
 21
50.500000000
 31
0.000000000
  0
LINE
  5
A52
330
A02
100
AcDbEntity
  8
ShapeString
100
AcDbLine
 10
59.333428671
 20
52.094285714
 30
0.000000000
 11
58.694589386
 21
52.094285714
 31
0.000000000
  0
LINE
  5
A53
330
A02
100
AcDbEntity
  8
ShapeString
100
AcDbLine
 10
59.333428671
 20
52.300000000
 30
0.000000000
 11
59.333428671
 21
52.094285714
 31
0.000000000
  0
SPLINE
  5
A54
330
A02
100
AcDbEntity
  8
ShapeString
100
AcDbSpline
210
0
220
0
230
1
 70
8
 71
2
 72
6
 73
3
 74
0
 40
0.000000000
 40
0.000000000
 40
0.000000000
 40
1.000000000
 40
1.000000000
 40
1.000000000
 10
60.297875100
 20
52.330857143
 30
0.000000000
 10
60.676357243
 20
52.330857143
 30
0.000000000
 10
60.902964386
 20
52.077169643
 30
0.000000000
  0
SPLINE
  5
A55
330
A02
100
AcDbEntity
  8
ShapeString
100
AcDbSpline
210
0
220
0
230
1
 70
8
 71
2
 72
6
 73
3
 74
0
 40
0.000000000
 40
0.000000000
 40
0.000000000
 40
1.000000000
 40
1.000000000
 40
1.000000000
 10
59.690937600
 20
52.077169643
 30
0.000000000
 10
59.918187600
 20
52.330857143
 30
0.000000000
 10
60.297875100
 20
52.330857143
 30
0.000000000
  0
SPLINE
  5
A56
330
A02
100
AcDbEntity
  8
ShapeString
100
AcDbSpline
210
0
220
0
230
1
 70
8
 71
2
 72
6
 73
3
 74
0
 40
0.000000000
 40
0.000000000
 40
0.000000000
 40
1.000000000
 40
1.000000000
 40
1.000000000
 10
59.463767957
 20
51.396866071
 30
0.000000000
 10
59.463767957
 20
51.823482143
 30
0.000000000
 10
59.690937600
 20
52.077169643
 30
0.000000000
  0
SPLINE
  5
A57
330
A02
100
AcDbEntity
  8
ShapeString
100
AcDbSpline
210
0
220
0
230
1
 70
8
 71
2
 72
6
 73
3
 74
0
 40
0.000000000
 40
0.000000000
 40
0.000000000
 40
1.000000000
 40
1.000000000
 40
1.000000000
 10
59.690937600
 20
50.717044643
 30
0.000000000
 10
59.463767957
 20
50.970169643
 30
0.000000000
 10
59.463767957
 20
51.396866071
 30
0.000000000
  0
SPLINE
  5
A58
330
A02
100
AcDbEntity
  8
ShapeString
100
AcDbSpline
210
0
220
0
230
1
 70
8
 71
2
 72
6
 73
3
 74
0
 40
0.000000000
 40
0.000000000
 40
0.000000000
 40
1.000000000
 40
1.000000000
 40
1.000000000
 10
60.297875100
 20
50.464000000
 30
0.000000000
 10
59.918187600
 20
50.464000000
 30
0.000000000
 10
59.690937600
 20
50.717044643
 30
0.000000000
  0
SPLINE
  5
A59
330
A02
100
AcDbEntity
  8
ShapeString
100
AcDbSpline
210
0
220
0
230
1
 70
8
 71
2
 72
6
 73
3
 74
0
 40
0.000000000
 40
0.000000000
 40
0.000000000
 40
1.000000000
 40
1.000000000
 40
1.000000000
 10
60.902964386
 20
50.717687500
 30
0.000000000
 10
60.676357243
 20
50.464000000
 30
0.000000000
 10
60.297875100
 20
50.464000000
 30
0.000000000
  0
SPLINE
  5
A5A
330
A02
100
AcDbEntity
  8
ShapeString
100
AcDbSpline
210
0
220
0
230
1
 70
8
 71
2
 72
6
 73
3
 74
0
 40
0.000000000
 40
0.000000000
 40
0.000000000
 40
1.000000000
 40
1.000000000
 40
1.000000000
 10
61.129571529
 20
51.396866071
 30
0.000000000
 10
61.129571529
 20
50.971375000
 30
0.000000000
 10
60.902964386
 20
50.717687500
 30
0.000000000
  0
SPLINE
  5
A5B
330
A02
100
AcDbEntity
  8
ShapeString
100
AcDbSpline
210
0
220
0
230
1
 70
8
 71
2
 72
6
 73
3
 74
0
 40
0.000000000
 40
0.000000000
 40
0.000000000
 40
1.000000000
 40
1.000000000
 40
1.000000000
 10
60.902964386
 20
52.077169643
 30
0.000000000
 10
61.129571529
 20
51.823482143
 30
0.000000000
 10
61.129571529
 20
51.396866071
 30
0.000000000
  0
SPLINE
  5
A5C
330
A02
100
AcDbEntity
  8
ShapeString
100
AcDbSpline
210
0
220
0
230
1
 70
8
 71
2
 72
6
 73
3
 74
0
 40
0.000000000
 40
0.000000000
 40
0.000000000
 40
1.000000000
 40
1.000000000
 40
1.000000000
 10
60.297875100
 20
52.135428571
 30
0.000000000
 10
60.032696529
 20
52.135428571
 30
0.000000000
 10
59.876562600
 20
51.937187500
 30
0.000000000
  0
SPLINE
  5
A5D
330
A02
100
AcDbEntity
  8
ShapeString
100
AcDbSpline
210
0
220
0
230
1
 70
8
 71
2
 72
6
 73
3
 74
0
 40
0.000000000
 40
0.000000000
 40
0.000000000
 40
1.000000000
 40
1.000000000
 40
1.000000000
 10
60.717901886
 20
51.937187500
 30
0.000000000
 10
60.563053671
 20
52.135428571
 30
0.000000000
 10
60.297875100
 20
52.135428571
 30
0.000000000
  0
SPLINE
  5
A5E
330
A02
100
AcDbEntity
  8
ShapeString
100
AcDbSpline
210
0
220
0
230
1
 70
8
 71
2
 72
6
 73
3
 74
0
 40
0.000000000
 40
0.000000000
 40
0.000000000
 40
1.000000000
 40
1.000000000
 40
1.000000000
 10
60.872830457
 20
51.396785714
 30
0.000000000
 10
60.872830457
 20
51.738946429
 30
0.000000000
 10
60.717901886
 20
51.937187500
 30
0.000000000
  0
SPLINE
  5
A5F
330
A02
100
AcDbEntity
  8
ShapeString
100
AcDbSpline
210
0
220
0
230
1
 70
8
 71
2
 72
6
 73
3
 74
0
 40
0.000000000
 40
0.000000000
 40
0.000000000
 40
1.000000000
 40
1.000000000
 40
1.000000000
 10
60.717901886
 20
50.857669643
 30
0.000000000
 10
60.872830457
 20
51.055910714
 30
0.000000000
 10
60.872830457
 20
51.396785714
 30
0.000000000
  0
SPLINE
  5
A60
330
A02
100
AcDbEntity
  8
ShapeString
100
AcDbSpline
210
0
220
0
230
1
 70
8
 71
2
 72
6
 73
3
 74
0
 40
0.000000000
 40
0.000000000
 40
0.000000000
 40
1.000000000
 40
1.000000000
 40
1.000000000
 10
60.297875100
 20
50.659428571
 30
0.000000000
 10
60.563053671
 20
50.659428571
 30
0.000000000
 10
60.717901886
 20
50.857669643
 30
0.000000000
  0
SPLINE
  5
A61
330
A02
100
AcDbEntity
  8
ShapeString
100
AcDbSpline
210
0
220
0
230
1
 70
8
 71
2
 72
6
 73
3
 74
0
 40
0.000000000
 40
0.000000000
 40
0.000000000
 40
1.000000000
 40
1.000000000
 40
1.000000000
 10
59.876562600
 20
50.857669643
 30
0.000000000
 10
60.032696529
 20
50.659428571
 30
0.000000000
 10
60.297875100
 20
50.659428571
 30
0.000000000
  0
SPLINE
  5
A62
330
A02
100
AcDbEntity
  8
ShapeString
100
AcDbSpline
210
0
220
0
230
1
 70
8
 71
2
 72
6
 73
3
 74
0
 40
0.000000000
 40
0.000000000
 40
0.000000000
 40
1.000000000
 40
1.000000000
 40
1.000000000
 10
59.720509029
 20
51.396785714
 30
0.000000000
 10
59.720509029
 20
51.055910714
 30
0.000000000
 10
59.876562600
 20
50.857669643
 30
0.000000000
  0
SPLINE
  5
A63
330
A02
100
AcDbEntity
  8
ShapeString
100
AcDbSpline
210
0
220
0
230
1
 70
8
 71
2
 72
6
 73
3
 74
0
 40
0.000000000
 40
0.000000000
 40
0.000000000
 40
1.000000000
 40
1.000000000
 40
1.000000000
 10
59.876562600
 20
51.937187500
 30
0.000000000
 10
59.720509029
 20
51.738946429
 30
0.000000000
 10
59.720509029
 20
51.396785714
 30
0.000000000
  0
LINE
  5
A64
330
A02
100
AcDbEntity
  8
ShapeString
100
AcDbLine
 10
61.511428671
 20
52.300000000
 30
0.000000000
 11
61.874241171
 21
52.300000000
 31
0.000000000
  0
LINE
  5
A65
330
A02
100
AcDbEntity
  8
ShapeString
100
AcDbLine
 10
61.511428671
 20
50.500000000
 30
0.000000000
 11
61.511428671
 21
52.300000000
 31
0.000000000
  0
LINE
  5
A66
330
A02
100
AcDbEntity
  8
ShapeString
100
AcDbLine
 10
61.747678671
 20
50.500000000
 30
0.000000000
 11
61.511428671
 21
50.500000000
 31
0.000000000
  0
LINE
  5
A67
330
A02
100
AcDbEntity
  8
ShapeString
100
AcDbLine
 10
61.747678671
 20
52.080383929
 30
0.000000000
 11
61.747678671
 21
50.500000000
 31
0.000000000
  0
LINE
  5
A68
330
A02
100
AcDbEntity
  8
ShapeString
100
AcDbLine
 10
62.211741171
 20
50.844571429
 30
0.000000000
 11
61.747678671
 21
52.080383929
 31
0.000000000
  0
LINE
  5
A69
330
A02
100
AcDbEntity
  8
ShapeString
100
AcDbLine
 10
62.456428671
 20
50.844571429
 30
0.000000000
 11
62.211741171
 21
50.844571429
 31
0.000000000
  0
LINE
  5
A6A
330
A02
100
AcDbEntity
  8
ShapeString
100
AcDbLine
 10
62.920491171
 20
52.080383929
 30
0.000000000
 11
62.456428671
 21
50.844571429
 31
0.000000000
  0
LINE
  5
A6B
330
A02
100
AcDbEntity
  8
ShapeString
100
AcDbLine
 10
62.920491171
 20
50.500000000
 30
0.000000000
 11
62.920491171
 21
52.080383929
 31
0.000000000
  0
LINE
  5
A6C
330
A02
100
AcDbEntity
  8
ShapeString
100
AcDbLine
 10
63.157946529
 20
50.500000000
 30
0.000000000
 11
62.920491171
 21
50.500000000
 31
0.000000000
  0
LINE
  5
A6D
330
A02
100
AcDbEntity
  8
ShapeString
100
AcDbLine
 10
63.157946529
 20
52.300000000
 30
0.000000000
 11
63.157946529
 21
50.500000000
 31
0.000000000
  0
LINE
  5
A6E
330
A02
100
AcDbEntity
  8
ShapeString
100
AcDbLine
 10
62.795134029
 20
52.300000000
 30
0.000000000
 11
63.157946529
 21
52.300000000
 31
0.000000000
  0
LINE
  5
A6F
330
A02
100
AcDbEntity
  8
ShapeString
100
AcDbLine
 10
62.333482243
 20
51.073830357
 30
0.000000000
 11
62.795134029
 21
52.300000000
 31
0.000000000
  0
LINE
  5
A70
330
A02
100
AcDbEntity
  8
ShapeString
100
AcDbLine
 10
61.874241171
 20
52.300000000
 30
0.000000000
 11
62.333482243
 21
51.073830357
 31
0.000000000
  0
LINE
  5
A71
330
A02
100
AcDbEntity
  8
ShapeString
100
AcDbLine
 10
64.891491171
 20
52.300000000
 30
0.000000000
 11
65.167517957
 21
52.300000000
 31
0.000000000
  0
LINE
  5
A72
330
A02
100
AcDbEntity
  8
ShapeString
100
AcDbLine
 10
64.204437600
 20
50.500000000
 30
0.000000000
 11
64.891491171
 21
52.300000000
 31
0.000000000
  0
LINE
  5
A73
330
A02
100
AcDbEntity
  8
ShapeString
100
AcDbLine
 10
64.461178671
 20
50.500000000
 30
0.000000000
 11
64.204437600
 21
50.500000000
 31
0.000000000
  0
LINE
  5
A74
330
A02
100
AcDbEntity
  8
ShapeString
100
AcDbLine
 10
64.625107243
 20
50.962857143
 30
0.000000000
 11
64.461178671
 21
50.500000000
 31
0.000000000
  0
LINE
  5
A75
330
A02
100
AcDbEntity
  8
ShapeString
100
AcDbLine
 10
65.436312600
 20
50.962857143
 30
0.000000000
 11
64.625107243
 21
50.962857143
 31
0.000000000
  0
LINE
  5
A76
330
A02
100
AcDbEntity
  8
ShapeString
100
AcDbLine
 10
65.600241171
 20
50.500000000
 30
0.000000000
 11
65.436312600
 21
50.962857143
 31
0.000000000
  0
LINE
  5
A77
330
A02
100
AcDbEntity
  8
ShapeString
100
AcDbLine
 10
65.853366171
 20
50.500000000
 30
0.000000000
 11
65.600241171
 21
50.500000000
 31
0.000000000
  0
LINE
  5
A78
330
A02
100
AcDbEntity
  8
ShapeString
100
AcDbLine
 10
65.167517957
 20
52.300000000
 30
0.000000000
 11
65.853366171
 21
50.500000000
 31
0.000000000
  0
LINE
  5
A79
330
A02
100
AcDbEntity
  8
ShapeString
100
AcDbLine
 10
65.028901886
 20
52.059892857
 30
0.000000000
 11
64.698634029
 21
51.163428571
 31
0.000000000
  0
LINE
  5
A7A
330
A02
100
AcDbEntity
  8
ShapeString
100
AcDbLine
 10
65.360375100
 20
51.163428571
 30
0.000000000
 11
65.028901886
 21
52.059892857
 31
0.000000000
  0
LINE
  5
A7B
330
A02
100
AcDbEntity
  8
ShapeString
100
AcDbLine
 10
64.698634029
 20
51.163428571
 30
0.000000000
 11
65.360375100
 21
51.163428571
 31
0.000000000
  0
LINE
  5
A7C
330
A02
100
AcDbEntity
  8
ShapeString
100
AcDbLine
 10
66.027500100
 20
52.300000000
 30
0.000000000
 11
66.289062600
 21
52.300000000
 31
0.000000000
  0
LINE
  5
A7D
330
A02
100
AcDbEntity
  8
ShapeString
100
AcDbLine
 10
66.587991171
 20
51.460910714
 30
0.000000000
 11
66.027500100
 21
52.300000000
 31
0.000000000
  0
LINE
  5
A7E
330
A02
100
AcDbEntity
  8
ShapeString
100
AcDbLine
 10
65.945535814
 20
50.500000000
 30
0.000000000
 11
66.587991171
 21
51.460910714
 31
0.000000000
  0
LINE
  5
A7F
330
A02
100
AcDbEntity
  8
ShapeString
100
AcDbLine
 10
66.208303671
 20
50.500000000
 30
0.000000000
 11
65.945535814
 21
50.500000000
 31
0.000000000
  0
LINE
  5
A80
330
A02
100
AcDbEntity
  8
ShapeString
100
AcDbLine
 10
66.718169743
 20
51.265401786
 30
0.000000000
 11
66.208303671
 21
50.500000000
 31
0.000000000
  0
LINE
  5
A81
330
A02
100
AcDbEntity
  8
ShapeString
100
AcDbLine
 10
67.224419743
 20
50.500000000
 30
0.000000000
 11
66.718169743
 21
51.265401786
 31
0.000000000
  0
LINE
  5
A82
330
A02
100
AcDbEntity
  8
ShapeString
100
AcDbLine
 10
67.485982243
 20
50.500000000
 30
0.000000000
 11
67.224419743
 21
50.500000000
 31
0.000000000
  0
LINE
  5
A83
330
A02
100
AcDbEntity
  8
ShapeString
100
AcDbLine
 10
66.868839386
 20
51.435598214
 30
0.000000000
 11
67.485982243
 21
50.500000000
 31
0.000000000
  0
LINE
  5
A84
330
A02
100
AcDbEntity
  8
ShapeString
100
AcDbLine
 10
67.447410814
 20
52.300000000
 30
0.000000000
 11
66.868839386
 21
51.435598214
 31
0.000000000
  0
LINE
  5
A85
330
A02
100
AcDbEntity
  8
ShapeString
100
AcDbLine
 10
67.185848314
 20
52.300000000
 30
0.000000000
 11
67.447410814
 21
52.300000000
 31
0.000000000
  0
LINE
  5
A86
330
A02
100
AcDbEntity
  8
ShapeString
100
AcDbLine
 10
66.736250100
 20
51.631026786
 30
0.000000000
 11
67.185848314
 21
52.300000000
 31
0.000000000
  0
LINE
  5
A87
330
A02
100
AcDbEntity
  8
ShapeString
100
AcDbLine
 10
66.289062600
 20
52.300000000
 30
0.000000000
 11
66.736250100
 21
51.631026786
 31
0.000000000
  0
LINE
  5
A88
330
A02
100
AcDbEntity
  8
ShapeString
100
AcDbLine
 10
67.806285814
 20
52.300000000
 30
0.000000000
 11
68.944142957
 21
52.300000000
 31
0.000000000
  0
LINE
  5
A89
330
A02
100
AcDbEntity
  8
ShapeString
100
AcDbLine
 10
67.806285814
 20
50.500000000
 30
0.000000000
 11
67.806285814
 21
52.300000000
 31
0.000000000
  0
LINE
  5
A8A
330
A02
100
AcDbEntity
  8
ShapeString
100
AcDbLine
 10
68.965839386
 20
50.500000000
 30
0.000000000
 11
67.806285814
 21
50.500000000
 31
0.000000000
  0
LINE
  5
A8B
330
A02
100
AcDbEntity
  8
ShapeString
100
AcDbLine
 10
68.965839386
 20
50.705714286
 30
0.000000000
 11
68.965839386
 21
50.500000000
 31
0.000000000
  0
LINE
  5
A8C
330
A02
100
AcDbEntity
  8
ShapeString
100
AcDbLine
 10
68.049767957
 20
50.705714286
 30
0.000000000
 11
68.965839386
 21
50.705714286
 31
0.000000000
  0
LINE
  5
A8D
330
A02
100
AcDbEntity
  8
ShapeString
100
AcDbLine
 10
68.049767957
 20
51.353714286
 30
0.000000000
 11
68.049767957
 21
50.705714286
 31
0.000000000
  0
LINE
  5
A8E
330
A02
100
AcDbEntity
  8
ShapeString
100
AcDbLine
 10
68.906776886
 20
51.353714286
 30
0.000000000
 11
68.049767957
 21
51.353714286
 31
0.000000000
  0
LINE
  5
A8F
330
A02
100
AcDbEntity
  8
ShapeString
100
AcDbLine
 10
68.906776886
 20
51.559428571
 30
0.000000000
 11
68.906776886
 21
51.353714286
 31
0.000000000
  0
LINE
  5
A90
330
A02
100
AcDbEntity
  8
ShapeString
100
AcDbLine
 10
68.049767957
 20
51.559428571
 30
0.000000000
 11
68.906776886
 21
51.559428571
 31
0.000000000
  0
LINE
  5
A91
330
A02
100
AcDbEntity
  8
ShapeString
100
AcDbLine
 10
68.049767957
 20
52.094285714
 30
0.000000000
 11
68.049767957
 21
51.559428571
 31
0.000000000
  0
LINE
  5
A92
330
A02
100
AcDbEntity
  8
ShapeString
100
AcDbLine
 10
68.944142957
 20
52.094285714
 30
0.000000000
 11
68.049767957
 21
52.094285714
 31
0.000000000
  0
LINE
  5
A93
330
A02
100
AcDbEntity
  8
ShapeString
100
AcDbLine
 10
68.944142957
 20
52.300000000
 30
0.000000000
 11
68.944142957
 21
52.094285714
 31
0.000000000
  0
LINE
  5
A94
330
A02
100
AcDbEntity
  8
ShapeString
100
AcDbLine
 10
70.420464386
 20
52.258857143
 30
0.000000000
 11
70.420464386
 21
52.037714286
 31
0.000000000
  0
SPLINE
  5
A95
330
A02
100
AcDbEntity
  8
ShapeString
100
AcDbSpline
210
0
220
0
230
1
 70
8
 71
2
 72
6
 73
3
 74
0
 40
0.000000000
 40
0.000000000
 40
0.000000000
 40
1.000000000
 40
1.000000000
 40
1.000000000
 10
70.225759029
 20
52.312857143
 30
0.000000000
 10
70.319214386
 20
52.294857143
 30
0.000000000
 10
70.420464386
 20
52.258857143
 30
0.000000000
  0
SPLINE
  5
A96
330
A02
100
AcDbEntity
  8
ShapeString
100
AcDbSpline
210
0
220
0
230
1
 70
8
 71
2
 72
6
 73
3
 74
0
 40
0.000000000
 40
0.000000000
 40
0.000000000
 40
1.000000000
 40
1.000000000
 40
1.000000000
 10
70.040776886
 20
52.330857143
 30
0.000000000
 10
70.132384029
 20
52.330857143
 30
0.000000000
 10
70.225759029
 20
52.312857143
 30
0.000000000
  0
SPLINE
  5
A97
330
A02
100
AcDbEntity
  8
ShapeString
100
AcDbSpline
210
0
220
0
230
1
 70
8
 71
2
 72
6
 73
3
 74
0
 40
0.000000000
 40
0.000000000
 40
0.000000000
 40
1.000000000
 40
1.000000000
 40
1.000000000
 10
69.497160814
 20
52.077169643
 30
0.000000000
 10
69.699660814
 20
52.330857143
 30
0.000000000
 10
70.040776886
 20
52.330857143
 30
0.000000000
  0
SPLINE
  5
A98
330
A02
100
AcDbEntity
  8
ShapeString
100
AcDbSpline
210
0
220
0
230
1
 70
8
 71
2
 72
6
 73
3
 74
0
 40
0.000000000
 40
0.000000000
 40
0.000000000
 40
1.000000000
 40
1.000000000
 40
1.000000000
 10
69.294660814
 20
51.396866071
 30
0.000000000
 10
69.294660814
 20
51.823482143
 30
0.000000000
 10
69.497160814
 20
52.077169643
 30
0.000000000
  0
SPLINE
  5
A99
330
A02
100
AcDbEntity
  8
ShapeString
100
AcDbSpline
210
0
220
0
230
1
 70
8
 71
2
 72
6
 73
3
 74
0
 40
0.000000000
 40
0.000000000
 40
0.000000000
 40
1.000000000
 40
1.000000000
 40
1.000000000
 10
69.459794743
 20
50.703223214
 30
0.000000000
 10
69.294660814
 20
50.942446429
 30
0.000000000
 10
69.294660814
 20
51.396866071
 30
0.000000000
  0
SPLINE
  5
A9A
330
A02
100
AcDbEntity
  8
ShapeString
100
AcDbSpline
210
0
220
0
230
1
 70
8
 71
2
 72
6
 73
3
 74
0
 40
0.000000000
 40
0.000000000
 40
0.000000000
 40
1.000000000
 40
1.000000000
 40
1.000000000
 10
69.937116171
 20
50.464000000
 30
0.000000000
 10
69.624928671
 20
50.464000000
 30
0.000000000
 10
69.459794743
 20
50.703223214
 30
0.000000000
  0
SPLINE
  5
A9B
330
A02
100
AcDbEntity
  8
ShapeString
100
AcDbSpline
210
0
220
0
230
1
 70
8
 71
2
 72
6
 73
3
 74
0
 40
0.000000000
 40
0.000000000
 40
0.000000000
 40
1.000000000
 40
1.000000000
 40
1.000000000
 10
70.373455457
 20
50.631464286
 30
0.000000000
 10
70.209526886
 20
50.464000000
 30
0.000000000
 10
69.937116171
 20
50.464000000
 30
0.000000000
  0
SPLINE
  5
A9C
330
A02
100
AcDbEntity
  8
ShapeString
100
AcDbSpline
210
0
220
0
230
1
 70
8
 71
2
 72
6
 73
3
 74
0
 40
0.000000000
 40
0.000000000
 40
0.000000000
 40
1.000000000
 40
1.000000000
 40
1.000000000
 10
70.537384029
 20
51.076000000
 30
0.000000000
 10
70.537384029
 20
50.798928571
 30
0.000000000
 10
70.373455457
 20
50.631464286
 30
0.000000000
  0
SPLINE
  5
A9D
330
A02
100
AcDbEntity
  8
ShapeString
100
AcDbSpline
210
0
220
0
230
1
 70
8
 71
2
 72
6
 73
3
 74
0
 40
0.000000000
 40
0.000000000
 40
0.000000000
 40
1.000000000
 40
1.000000000
 40
1.000000000
 10
70.380044743
 20
51.523508929
 30
0.000000000
 10
70.537384029
 20
51.359098214
 30
0.000000000
 10
70.537384029
 20
51.076000000
 30
0.000000000
  0
SPLINE
  5
A9E
330
A02
100
AcDbEntity
  8
ShapeString
100
AcDbSpline
210
0
220
0
230
1
 70
8
 71
2
 72
6
 73
3
 74
0
 40
0.000000000
 40
0.000000000
 40
0.000000000
 40
1.000000000
 40
1.000000000
 40
1.000000000
 10
69.951580457
 20
51.688000000
 30
0.000000000
 10
70.222785814
 20
51.688000000
 30
0.000000000
 10
70.380044743
 20
51.523508929
 30
0.000000000
  0
SPLINE
  5
A9F
330
A02
100
AcDbEntity
  8
ShapeString
100
AcDbSpline
210
0
220
0
230
1
 70
8
 71
2
 72
6
 73
3
 74
0
 40
0.000000000
 40
0.000000000
 40
0.000000000
 40
1.000000000
 40
1.000000000
 40
1.000000000
 10
69.715330457
 20
51.631348214
 30
0.000000000
 10
69.822607243
 20
51.688000000
 30
0.000000000
 10
69.951580457
 20
51.688000000
 30
0.000000000
  0
SPLINE
  5
AA0
330
A02
100
AcDbEntity
  8
ShapeString
100
AcDbSpline
210
0
220
0
230
1
 70
8
 71
2
 72
6
 73
3
 74
0
 40
0.000000000
 40
0.000000000
 40
0.000000000
 40
1.000000000
 40
1.000000000
 40
1.000000000
 10
69.536937600
 20
51.468625000
 30
0.000000000
 10
69.608053671
 20
51.574696429
 30
0.000000000
 10
69.715330457
 20
51.631348214
 30
0.000000000
  0
SPLINE
  5
AA1
330
A02
100
AcDbEntity
  8
ShapeString
100
AcDbSpline
210
0
220
0
230
1
 70
8
 71
2
 72
6
 73
3
 74
0
 40
0.000000000
 40
0.000000000
 40
0.000000000
 40
1.000000000
 40
1.000000000
 40
1.000000000
 10
69.682142957
 20
51.961937500
 30
0.000000000
 10
69.555017957
 20
51.798732143
 30
0.000000000
 10
69.536937600
 20
51.468625000
 30
0.000000000
  0
SPLINE
  5
AA2
330
A02
100
AcDbEntity
  8
ShapeString
100
AcDbSpline
210
0
220
0
230
1
 70
8
 71
2
 72
6
 73
3
 74
0
 40
0.000000000
 40
0.000000000
 40
0.000000000
 40
1.000000000
 40
1.000000000
 40
1.000000000
 10
70.050419743
 20
52.125142857
 30
0.000000000
 10
69.809348314
 20
52.125142857
 30
0.000000000
 10
69.682142957
 20
51.961937500
 30
0.000000000
  0
SPLINE
  5
AA3
330
A02
100
AcDbEntity
  8
ShapeString
100
AcDbSpline
210
0
220
0
230
1
 70
8
 71
2
 72
6
 73
3
 74
0
 40
0.000000000
 40
0.000000000
 40
0.000000000
 40
1.000000000
 40
1.000000000
 40
1.000000000
 10
70.235401886
 20
52.102642857
 30
0.000000000
 10
70.142026886
 20
52.125142857
 30
0.000000000
 10
70.050419743
 20
52.125142857
 30
0.000000000
  0
SPLINE
  5
AA4
330
A02
100
AcDbEntity
  8
ShapeString
100
AcDbSpline
210
0
220
0
230
1
 70
8
 71
2
 72
6
 73
3
 74
0
 40
0.000000000
 40
0.000000000
 40
0.000000000
 40
1.000000000
 40
1.000000000
 40
1.000000000
 10
70.420464386
 20
52.037714286
 30
0.000000000
 10
70.328857243
 20
52.080223214
 30
0.000000000
 10
70.235401886
 20
52.102642857
 30
0.000000000
  0
SPLINE
  5
AA5
330
A02
100
AcDbEntity
  8
ShapeString
100
AcDbSpline
210
0
220
0
230
1
 70
8
 71
2
 72
6
 73
3
 74
0
 40
0.000000000
 40
0.000000000
 40
0.000000000
 40
1.000000000
 40
1.000000000
 40
1.000000000
 10
69.937116171
 20
51.492571429
 30
0.000000000
 10
69.773187600
 20
51.492571429
 30
0.000000000
 10
69.677321529
 20
51.381196429
 30
0.000000000
  0
SPLINE
  5
AA6
330
A02
100
AcDbEntity
  8
ShapeString
100
AcDbSpline
210
0
220
0
230
1
 70
8
 71
2
 72
6
 73
3
 74
0
 40
0.000000000
 40
0.000000000
 40
0.000000000
 40
1.000000000
 40
1.000000000
 40
1.000000000
 10
70.196830457
 20
51.381196429
 30
0.000000000
 10
70.101044743
 20
51.492571429
 30
0.000000000
 10
69.937116171
 20
51.492571429
 30
0.000000000
  0
SPLINE
  5
AA7
330
A02
100
AcDbEntity
  8
ShapeString
100
AcDbSpline
210
0
220
0
230
1
 70
8
 71
2
 72
6
 73
3
 74
0
 40
0.000000000
 40
0.000000000
 40
0.000000000
 40
1.000000000
 40
1.000000000
 40
1.000000000
 10
70.292696529
 20
51.076000000
 30
0.000000000
 10
70.292696529
 20
51.269901786
 30
0.000000000
 10
70.196830457
 20
51.381196429
 30
0.000000000
  0
SPLINE
  5
AA8
330
A02
100
AcDbEntity
  8
ShapeString
100
AcDbSpline
210
0
220
0
230
1
 70
8
 71
2
 72
6
 73
3
 74
0
 40
0.000000000
 40
0.000000000
 40
0.000000000
 40
1.000000000
 40
1.000000000
 40
1.000000000
 10
70.196830457
 20
50.771366071
 30
0.000000000
 10
70.292696529
 20
50.883303571
 30
0.000000000
 10
70.292696529
 20
51.076000000
 30
0.000000000
  0
SPLINE
  5
AA9
330
A02
100
AcDbEntity
  8
ShapeString
100
AcDbSpline
210
0
220
0
230
1
 70
8
 71
2
 72
6
 73
3
 74
0
 40
0.000000000
 40
0.000000000
 40
0.000000000
 40
1.000000000
 40
1.000000000
 40
1.000000000
 10
69.937116171
 20
50.659428571
 30
0.000000000
 10
70.101044743
 20
50.659428571
 30
0.000000000
 10
70.196830457
 20
50.771366071
 30
0.000000000
  0
SPLINE
  5
AAA
330
A02
100
AcDbEntity
  8
ShapeString
100
AcDbSpline
210
0
220
0
230
1
 70
8
 71
2
 72
6
 73
3
 74
0
 40
0.000000000
 40
0.000000000
 40
0.000000000
 40
1.000000000
 40
1.000000000
 40
1.000000000
 10
69.677321529
 20
50.771366071
 30
0.000000000
 10
69.773187600
 20
50.659428571
 30
0.000000000
 10
69.937116171
 20
50.659428571
 30
0.000000000
  0
SPLINE
  5
AAB
330
A02
100
AcDbEntity
  8
ShapeString
100
AcDbSpline
210
0
220
0
230
1
 70
8
 71
2
 72
6
 73
3
 74
0
 40
0.000000000
 40
0.000000000
 40
0.000000000
 40
1.000000000
 40
1.000000000
 40
1.000000000
 10
69.581535814
 20
51.076000000
 30
0.000000000
 10
69.581535814
 20
50.883303571
 30
0.000000000
 10
69.677321529
 20
50.771366071
 30
0.000000000
  0
SPLINE
  5
AAC
330
A02
100
AcDbEntity
  8
ShapeString
100
AcDbSpline
210
0
220
0
230
1
 70
8
 71
2
 72
6
 73
3
 74
0
 40
0.000000000
 40
0.000000000
 40
0.000000000
 40
1.000000000
 40
1.000000000
 40
1.000000000
 10
69.677321529
 20
51.381196429
 30
0.000000000
 10
69.581535814
 20
51.269901786
 30
0.000000000
 10
69.581535814
 20
51.076000000
 30
0.000000000
  0
SPLINE
  5
AAD
330
A02
100
AcDbEntity
  8
ShapeString
100
AcDbSpline
210
0
220
0
230
1
 70
8
 71
2
 72
6
 73
3
 74
0
 40
0.000000000
 40
0.000000000
 40
0.000000000
 40
1.000000000
 40
1.000000000
 40
1.000000000
 10
71.692517957
 20
51.467580357
 30
0.000000000
 10
71.867294743
 20
51.430294643
 30
0.000000000
 10
71.965491171
 20
51.312330357
 30
0.000000000
  0
SPLINE
  5
AAE
330
A02
100
AcDbEntity
  8
ShapeString
100
AcDbSpline
210
0
220
0
230
1
 70
8
 71
2
 72
6
 73
3
 74
0
 40
0.000000000
 40
0.000000000
 40
0.000000000
 40
1.000000000
 40
1.000000000
 40
1.000000000
 10
71.936000100
 20
51.610616071
 30
0.000000000
 10
71.850419743
 20
51.507437500
 30
0.000000000
 10
71.692517957
 20
51.467580357
 30
0.000000000
  0
SPLINE
  5
AAF
330
A02
100
AcDbEntity
  8
ShapeString
100
AcDbSpline
210
0
220
0
230
1
 70
8
 71
2
 72
6
 73
3
 74
0
 40
0.000000000
 40
0.000000000
 40
0.000000000
 40
1.000000000
 40
1.000000000
 40
1.000000000
 10
72.021580457
 20
51.863580357
 30
0.000000000
 10
72.021580457
 20
51.713875000
 30
0.000000000
 10
71.936000100
 20
51.610616071
 30
0.000000000
  0
SPLINE
  5
AB0
330
A02
100
AcDbEntity
  8
ShapeString
100
AcDbSpline
210
0
220
0
230
1
 70
8
 71
2
 72
6
 73
3
 74
0
 40
0.000000000
 40
0.000000000
 40
0.000000000
 40
1.000000000
 40
1.000000000
 40
1.000000000
 10
71.860062600
 20
52.204696429
 30
0.000000000
 10
72.021580457
 20
52.078535714
 30
0.000000000
 10
72.021580457
 20
51.863580357
 30
0.000000000
  0
SPLINE
  5
AB1
330
A02
100
AcDbEntity
  8
ShapeString
100
AcDbSpline
210
0
220
0
230
1
 70
8
 71
2
 72
6
 73
3
 74
0
 40
0.000000000
 40
0.000000000
 40
0.000000000
 40
1.000000000
 40
1.000000000
 40
1.000000000
 10
71.421312600
 20
52.330857143
 30
0.000000000
 10
71.698544743
 20
52.330857143
 30
0.000000000
 10
71.860062600
 20
52.204696429
 30
0.000000000
  0
SPLINE
  5
AB2
330
A02
100
AcDbEntity
  8
ShapeString
100
AcDbSpline
210
0
220
0
230
1
 70
8
 71
2
 72
6
 73
3
 74
0
 40
0.000000000
 40
0.000000000
 40
0.000000000
 40
1.000000000
 40
1.000000000
 40
1.000000000
 10
71.192857243
 20
52.311571429
 30
0.000000000
 10
71.314035814
 20
52.330857143
 30
0.000000000
 10
71.421312600
 20
52.330857143
 30
0.000000000
  0
SPLINE
  5
AB3
330
A02
100
AcDbEntity
  8
ShapeString
100
AcDbSpline
210
0
220
0
230
1
 70
8
 71
2
 72
6
 73
3
 74
0
 40
0.000000000
 40
0.000000000
 40
0.000000000
 40
1.000000000
 40
1.000000000
 40
1.000000000
 10
70.933142957
 20
52.253714286
 30
0.000000000
 10
71.071759029
 20
52.292285714
 30
0.000000000
 10
71.192857243
 20
52.311571429
 30
0.000000000
  0
LINE
  5
AB4
330
A02
100
AcDbEntity
  8
ShapeString
100
AcDbLine
 10
70.933142957
 20
52.037714286
 30
0.000000000
 11
70.933142957
 21
52.253714286
 31
0.000000000
  0
SPLINE
  5
AB5
330
A02
100
AcDbEntity
  8
ShapeString
100
AcDbSpline
210
0
220
0
230
1
 70
8
 71
2
 72
6
 73
3
 74
0
 40
0.000000000
 40
0.000000000
 40
0.000000000
 40
1.000000000
 40
1.000000000
 40
1.000000000
 10
71.185062600
 20
52.103848214
 30
0.000000000
 10
71.070553671
 20
52.082633929
 30
0.000000000
 10
70.933142957
 20
52.037714286
 30
0.000000000
  0
SPLINE
  5
AB6
330
A02
100
AcDbEntity
  8
ShapeString
100
AcDbSpline
210
0
220
0
230
1
 70
8
 71
2
 72
6
 73
3
 74
0
 40
0.000000000
 40
0.000000000
 40
0.000000000
 40
1.000000000
 40
1.000000000
 40
1.000000000
 10
71.399616171
 20
52.125142857
 30
0.000000000
 10
71.299571529
 20
52.125142857
 30
0.000000000
 10
71.185062600
 20
52.103848214
 30
0.000000000
  0
SPLINE
  5
AB7
330
A02
100
AcDbEntity
  8
ShapeString
100
AcDbSpline
210
0
220
0
230
1
 70
8
 71
2
 72
6
 73
3
 74
0
 40
0.000000000
 40
0.000000000
 40
0.000000000
 40
1.000000000
 40
1.000000000
 40
1.000000000
 10
71.681026886
 20
52.050973214
 30
0.000000000
 10
71.582830457
 20
52.125142857
 30
0.000000000
 10
71.399616171
 20
52.125142857
 30
0.000000000
  0
SPLINE
  5
AB8
330
A02
100
AcDbEntity
  8
ShapeString
100
AcDbSpline
210
0
220
0
230
1
 70
8
 71
2
 72
6
 73
3
 74
0
 40
0.000000000
 40
0.000000000
 40
0.000000000
 40
1.000000000
 40
1.000000000
 40
1.000000000
 10
71.779303671
 20
51.838026786
 30
0.000000000
 10
71.779303671
 20
51.976803571
 30
0.000000000
 10
71.681026886
 20
52.050973214
 30
0.000000000
  0
SPLINE
  5
AB9
330
A02
100
AcDbEntity
  8
ShapeString
100
AcDbSpline
210
0
220
0
230
1
 70
8
 71
2
 72
6
 73
3
 74
0
 40
0.000000000
 40
0.000000000
 40
0.000000000
 40
1.000000000
 40
1.000000000
 40
1.000000000
 10
71.684080457
 20
51.631187500
 30
0.000000000
 10
71.779303671
 20
51.702946429
 30
0.000000000
 10
71.779303671
 20
51.838026786
 30
0.000000000
  0
SPLINE
  5
ABA
330
A02
100
AcDbEntity
  8
ShapeString
100
AcDbSpline
210
0
220
0
230
1
 70
8
 71
2
 72
6
 73
3
 74
0
 40
0.000000000
 40
0.000000000
 40
0.000000000
 40
1.000000000
 40
1.000000000
 40
1.000000000
 10
71.409259029
 20
51.559428571
 30
0.000000000
 10
71.588857243
 20
51.559428571
 30
0.000000000
 10
71.684080457
 20
51.631187500
 30
0.000000000
  0
LINE
  5
ABB
330
A02
100
AcDbEntity
  8
ShapeString
100
AcDbLine
 10
71.189884029
 20
51.559428571
 30
0.000000000
 11
71.409259029
 21
51.559428571
 31
0.000000000
  0
LINE
  5
ABC
330
A02
100
AcDbEntity
  8
ShapeString
100
AcDbLine
 10
71.189884029
 20
51.358857143
 30
0.000000000
 11
71.189884029
 21
51.559428571
 31
0.000000000
  0
LINE
  5
ABD
330
A02
100
AcDbEntity
  8
ShapeString
100
AcDbLine
 10
71.399616171
 20
51.358857143
 30
0.000000000
 11
71.189884029
 21
51.358857143
 31
0.000000000
  0
SPLINE
  5
ABE
330
A02
100
AcDbEntity
  8
ShapeString
100
AcDbSpline
210
0
220
0
230
1
 70
8
 71
2
 72
6
 73
3
 74
0
 40
0.000000000
 40
0.000000000
 40
0.000000000
 40
1.000000000
 40
1.000000000
 40
1.000000000
 10
71.709955457
 20
51.269419643
 30
0.000000000
 10
71.598500100
 20
51.358857143
 30
0.000000000
 10
71.399616171
 20
51.358857143
 30
0.000000000
  0
SPLINE
  5
ABF
330
A02
100
AcDbEntity
  8
ShapeString
100
AcDbSpline
210
0
220
0
230
1
 70
8
 71
2
 72
6
 73
3
 74
0
 40
0.000000000
 40
0.000000000
 40
0.000000000
 40
1.000000000
 40
1.000000000
 40
1.000000000
 10
71.821491171
 20
51.021517857
 30
0.000000000
 10
71.821491171
 20
51.179982143
 30
0.000000000
 10
71.709955457
 20
51.269419643
 30
0.000000000
  0
SPLINE
  5
AC0
330
A02
100
AcDbEntity
  8
ShapeString
100
AcDbSpline
210
0
220
0
230
1
 70
8
 71
2
 72
6
 73
3
 74
0
 40
0.000000000
 40
0.000000000
 40
0.000000000
 40
1.000000000
 40
1.000000000
 40
1.000000000
 10
71.701517957
 20
50.759714286
 30
0.000000000
 10
71.821491171
 20
50.849794643
 30
0.000000000
 10
71.821491171
 20
51.021517857
 30
0.000000000
  0
SPLINE
  5
AC1
330
A02
100
AcDbEntity
  8
ShapeString
100
AcDbSpline
210
0
220
0
230
1
 70
8
 71
2
 72
6
 73
3
 74
0
 40
0.000000000
 40
0.000000000
 40
0.000000000
 40
1.000000000
 40
1.000000000
 40
1.000000000
 10
71.352607243
 20
50.669714286
 30
0.000000000
 10
71.581625100
 20
50.669714286
 30
0.000000000
 10
71.701517957
 20
50.759714286
 30
0.000000000
  0
SPLINE
  5
AC2
330
A02
100
AcDbEntity
  8
ShapeString
100
AcDbSpline
210
0
220
0
230
1
 70
8
 71
2
 72
6
 73
3
 74
0
 40
0.000000000
 40
0.000000000
 40
0.000000000
 40
1.000000000
 40
1.000000000
 40
1.000000000
 10
71.100687600
 20
50.699526786
 30
0.000000000
 10
71.221223314
 20
50.669714286
 30
0.000000000
 10
71.352607243
 20
50.669714286
 30
0.000000000
  0
SPLINE
  5
AC3
330
A02
100
AcDbEntity
  8
ShapeString
100
AcDbSpline
210
0
220
0
230
1
 70
8
 71
2
 72
6
 73
3
 74
0
 40
0.000000000
 40
0.000000000
 40
0.000000000
 40
1.000000000
 40
1.000000000
 40
1.000000000
 10
70.878901886
 20
50.788000000
 30
0.000000000
 10
70.980151886
 20
50.729419643
 30
0.000000000
 10
71.100687600
 20
50.699526786
 30
0.000000000
  0
LINE
  5
AC4
330
A02
100
AcDbEntity
  8
ShapeString
100
AcDbLine
 10
70.878901886
 20
50.551428571
 30
0.000000000
 11
70.878901886
 21
50.788000000
 31
0.000000000
  0
SPLINE
  5
AC5
330
A02
100
AcDbEntity
  8
ShapeString
100
AcDbSpline
210
0
220
0
230
1
 70
8
 71
2
 72
6
 73
3
 74
0
 40
0.000000000
 40
0.000000000
 40
0.000000000
 40
1.000000000
 40
1.000000000
 40
1.000000000
 10
71.126562600
 20
50.485857143
 30
0.000000000
 10
71.006669743
 20
50.507714286
 30
0.000000000
 10
70.878901886
 20
50.551428571
 30
0.000000000
  0
SPLINE
  5
AC6
330
A02
100
AcDbEntity
  8
ShapeString
100
AcDbSpline
210
0
220
0
230
1
 70
8
 71
2
 72
6
 73
3
 74
0
 40
0.000000000
 40
0.000000000
 40
0.000000000
 40
1.000000000
 40
1.000000000
 40
1.000000000
 10
71.359839386
 20
50.464000000
 30
0.000000000
 10
71.246535814
 20
50.464000000
 30
0.000000000
 10
71.126562600
 20
50.485857143
 30
0.000000000
  0
SPLINE
  5
AC7
330
A02
100
AcDbEntity
  8
ShapeString
100
AcDbSpline
210
0
220
0
230
1
 70
8
 71
2
 72
6
 73
3
 74
0
 40
0.000000000
 40
0.000000000
 40
0.000000000
 40
1.000000000
 40
1.000000000
 40
1.000000000
 10
71.880553671
 20
50.609607143
 30
0.000000000
 10
71.697339386
 20
50.464000000
 30
0.000000000
 10
71.359839386
 20
50.464000000
 30
0.000000000
  0
SPLINE
  5
AC8
330
A02
100
AcDbEntity
  8
ShapeString
100
AcDbSpline
210
0
220
0
230
1
 70
8
 71
2
 72
6
 73
3
 74
0
 40
0.000000000
 40
0.000000000
 40
0.000000000
 40
1.000000000
 40
1.000000000
 40
1.000000000
 10
72.063767957
 20
51.021116071
 30
0.000000000
 10
72.063767957
 20
50.755214286
 30
0.000000000
 10
71.880553671
 20
50.609607143
 30
0.000000000
  0
SPLINE
  5
AC9
330
A02
100
AcDbEntity
  8
ShapeString
100
AcDbSpline
210
0
220
0
230
1
 70
8
 71
2
 72
6
 73
3
 74
0
 40
0.000000000
 40
0.000000000
 40
0.000000000
 40
1.000000000
 40
1.000000000
 40
1.000000000
 10
71.965491171
 20
51.312330357
 30
0.000000000
 10
72.063767957
 20
51.194446429
 30
0.000000000
 10
72.063767957
 20
51.021116071
 30
0.000000000
  0
SPLINE
  5
ACA
330
A02
100
AcDbEntity
  8
ShapeString
100
AcDbSpline
210
0
220
0
230
1
 70
8
 71
2
 72
6
 73
3
 74
0
 40
0.000000000
 40
0.000000000
 40
0.000000000
 40
1.000000000
 40
1.000000000
 40
1.000000000
 10
73.044125100
 20
52.330857143
 30
0.000000000
 10
73.346669743
 20
52.330857143
 30
0.000000000
 10
73.506339386
 20
52.091633929
 30
0.000000000
  0
SPLINE
  5
ACB
330
A02
100
AcDbEntity
  8
ShapeString
100
AcDbSpline
210
0
220
0
230
1
 70
8
 71
2
 72
6
 73
3
 74
0
 40
0.000000000
 40
0.000000000
 40
0.000000000
 40
1.000000000
 40
1.000000000
 40
1.000000000
 10
72.581830457
 20
52.091633929
 30
0.000000000
 10
72.741580457
 20
52.330857143
 30
0.000000000
 10
73.044125100
 20
52.330857143
 30
0.000000000
  0
SPLINE
  5
ACC
330
A02
100
AcDbEntity
  8
ShapeString
100
AcDbSpline
210
0
220
0
230
1
 70
8
 71
2
 72
6
 73
3
 74
0
 40
0.000000000
 40
0.000000000
 40
0.000000000
 40
1.000000000
 40
1.000000000
 40
1.000000000
 10
72.422160814
 20
51.396866071
 30
0.000000000
 10
72.422160814
 20
51.852410714
 30
0.000000000
 10
72.581830457
 20
52.091633929
 30
0.000000000
  0
SPLINE
  5
ACD
330
A02
100
AcDbEntity
  8
ShapeString
100
AcDbSpline
210
0
220
0
230
1
 70
8
 71
2
 72
6
 73
3
 74
0
 40
0.000000000
 40
0.000000000
 40
0.000000000
 40
1.000000000
 40
1.000000000
 40
1.000000000
 10
72.581830457
 20
50.703223214
 30
0.000000000
 10
72.422160814
 20
50.942446429
 30
0.000000000
 10
72.422160814
 20
51.396866071
 30
0.000000000
  0
SPLINE
  5
ACE
330
A02
100
AcDbEntity
  8
ShapeString
100
AcDbSpline
210
0
220
0
230
1
 70
8
 71
2
 72
6
 73
3
 74
0
 40
0.000000000
 40
0.000000000
 40
0.000000000
 40
1.000000000
 40
1.000000000
 40
1.000000000
 10
73.044125100
 20
50.464000000
 30
0.000000000
 10
72.741580457
 20
50.464000000
 30
0.000000000
 10
72.581830457
 20
50.703223214
 30
0.000000000
  0
SPLINE
  5
ACF
330
A02
100
AcDbEntity
  8
ShapeString
100
AcDbSpline
210
0
220
0
230
1
 70
8
 71
2
 72
6
 73
3
 74
0
 40
0.000000000
 40
0.000000000
 40
0.000000000
 40
1.000000000
 40
1.000000000
 40
1.000000000
 10
73.506339386
 20
50.703223214
 30
0.000000000
 10
73.346669743
 20
50.464000000
 30
0.000000000
 10
73.044125100
 20
50.464000000
 30
0.000000000
  0
SPLINE
  5
AD0
330
A02
100
AcDbEntity
  8
ShapeString
100
AcDbSpline
210
0
220
0
230
1
 70
8
 71
2
 72
6
 73
3
 74
0
 40
0.000000000
 40
0.000000000
 40
0.000000000
 40
1.000000000
 40
1.000000000
 40
1.000000000
 10
73.666089386
 20
51.396866071
 30
0.000000000
 10
73.666089386
 20
50.942446429
 30
0.000000000
 10
73.506339386
 20
50.703223214
 30
0.000000000
  0
SPLINE
  5
AD1
330
A02
100
AcDbEntity
  8
ShapeString
100
AcDbSpline
210
0
220
0
230
1
 70
8
 71
2
 72
6
 73
3
 74
0
 40
0.000000000
 40
0.000000000
 40
0.000000000
 40
1.000000000
 40
1.000000000
 40
1.000000000
 10
73.506339386
 20
52.091633929
 30
0.000000000
 10
73.666089386
 20
51.852410714
 30
0.000000000
 10
73.666089386
 20
51.396866071
 30
0.000000000
  0
SPLINE
  5
AD2
330
A02
100
AcDbEntity
  8
ShapeString
100
AcDbSpline
210
0
220
0
230
1
 70
8
 71
2
 72
6
 73
3
 74
0
 40
0.000000000
 40
0.000000000
 40
0.000000000
 40
1.000000000
 40
1.000000000
 40
1.000000000
 10
73.044125100
 20
52.135428571
 30
0.000000000
 10
72.856089386
 20
52.135428571
 30
0.000000000
 10
72.761428671
 20
51.951089286
 30
0.000000000
  0
SPLINE
  5
AD3
330
A02
100
AcDbEntity
  8
ShapeString
100
AcDbSpline
210
0
220
0
230
1
 70
8
 71
2
 72
6
 73
3
 74
0
 40
0.000000000
 40
0.000000000
 40
0.000000000
 40
1.000000000
 40
1.000000000
 40
1.000000000
 10
73.327946529
 20
51.951089286
 30
0.000000000
 10
73.233366171
 20
52.135428571
 30
0.000000000
 10
73.044125100
 20
52.135428571
 30
0.000000000
  0
SPLINE
  5
AD4
330
A02
100
AcDbEntity
  8
ShapeString
100
AcDbSpline
210
0
220
0
230
1
 70
8
 71
2
 72
6
 73
3
 74
0
 40
0.000000000
 40
0.000000000
 40
0.000000000
 40
1.000000000
 40
1.000000000
 40
1.000000000
 10
73.422607243
 20
51.396866071
 30
0.000000000
 10
73.422607243
 20
51.766750000
 30
0.000000000
 10
73.327946529
 20
51.951089286
 30
0.000000000
  0
SPLINE
  5
AD5
330
A02
100
AcDbEntity
  8
ShapeString
100
AcDbSpline
210
0
220
0
230
1
 70
8
 71
2
 72
6
 73
3
 74
0
 40
0.000000000
 40
0.000000000
 40
0.000000000
 40
1.000000000
 40
1.000000000
 40
1.000000000
 10
73.327946529
 20
50.843767857
 30
0.000000000
 10
73.422607243
 20
51.028107143
 30
0.000000000
 10
73.422607243
 20
51.396866071
 30
0.000000000
  0
SPLINE
  5
AD6
330
A02
100
AcDbEntity
  8
ShapeString
100
AcDbSpline
210
0
220
0
230
1
 70
8
 71
2
 72
6
 73
3
 74
0
 40
0.000000000
 40
0.000000000
 40
0.000000000
 40
1.000000000
 40
1.000000000
 40
1.000000000
 10
73.044125100
 20
50.659428571
 30
0.000000000
 10
73.233366171
 20
50.659428571
 30
0.000000000
 10
73.327946529
 20
50.843767857
 30
0.000000000
  0
SPLINE
  5
AD7
330
A02
100
AcDbEntity
  8
ShapeString
100
AcDbSpline
210
0
220
0
230
1
 70
8
 71
2
 72
6
 73
3
 74
0
 40
0.000000000
 40
0.000000000
 40
0.000000000
 40
1.000000000
 40
1.000000000
 40
1.000000000
 10
72.761428671
 20
50.843767857
 30
0.000000000
 10
72.856089386
 20
50.659428571
 30
0.000000000
 10
73.044125100
 20
50.659428571
 30
0.000000000
  0
SPLINE
  5
AD8
330
A02
100
AcDbEntity
  8
ShapeString
100
AcDbSpline
210
0
220
0
230
1
 70
8
 71
2
 72
6
 73
3
 74
0
 40
0.000000000
 40
0.000000000
 40
0.000000000
 40
1.000000000
 40
1.000000000
 40
1.000000000
 10
72.666848314
 20
51.396866071
 30
0.000000000
 10
72.666848314
 20
51.028107143
 30
0.000000000
 10
72.761428671
 20
50.843767857
 30
0.000000000
  0
SPLINE
  5
AD9
330
A02
100
AcDbEntity
  8
ShapeString
100
AcDbSpline
210
0
220
0
230
1
 70
8
 71
2
 72
6
 73
3
 74
0
 40
0.000000000
 40
0.000000000
 40
0.000000000
 40
1.000000000
 40
1.000000000
 40
1.000000000
 10
72.761428671
 20
51.951089286
 30
0.000000000
 10
72.666848314
 20
51.766750000
 30
0.000000000
 10
72.666848314
 20
51.396866071
 30
0.000000000
  0
LINE
  5
ADA
330
A02
100
AcDbEntity
  8
ShapeString
100
AcDbLine
 10
74.134169743
 20
50.705714286
 30
0.000000000
 11
74.531937600
 21
50.705714286
 31
0.000000000
  0
LINE
  5
ADB
330
A02
100
AcDbEntity
  8
ShapeString
100
AcDbLine
 10
74.134169743
 20
50.500000000
 30
0.000000000
 11
74.134169743
 21
50.705714286
 31
0.000000000
  0
LINE
  5
ADC
330
A02
100
AcDbEntity
  8
ShapeString
100
AcDbLine
 10
75.170776886
 20
50.500000000
 30
0.000000000
 11
74.134169743
 21
50.500000000
 31
0.000000000
  0
LINE
  5
ADD
330
A02
100
AcDbEntity
  8
ShapeString
100
AcDbLine
 10
75.170776886
 20
50.705714286
 30
0.000000000
 11
75.170776886
 21
50.500000000
 31
0.000000000
  0
LINE
  5
ADE
330
A02
100
AcDbEntity
  8
ShapeString
100
AcDbLine
 10
74.773009029
 20
50.705714286
 30
0.000000000
 11
75.170776886
 21
50.705714286
 31
0.000000000
  0
LINE
  5
ADF
330
A02
100
AcDbEntity
  8
ShapeString
100
AcDbLine
 10
74.773009029
 20
52.300000000
 30
0.000000000
 11
74.773009029
 21
50.705714286
 31
0.000000000
  0
LINE
  5
AE0
330
A02
100
AcDbEntity
  8
ShapeString
100
AcDbLine
 10
74.529526886
 20
52.300000000
 30
0.000000000
 11
74.773009029
 21
52.300000000
 31
0.000000000
  0
LINE
  5
AE1
330
A02
100
AcDbEntity
  8
ShapeString
100
AcDbLine
 10
74.099214386
 20
52.212571429
 30
0.000000000
 11
74.529526886
 21
52.300000000
 31
0.000000000
  0
LINE
  5
AE2
330
A02
100
AcDbEntity
  8
ShapeString
100
AcDbLine
 10
74.099214386
 20
51.991428571
 30
0.000000000
 11
74.099214386
 21
52.212571429
 31
0.000000000
  0
LINE
  5
AE3
330
A02
100
AcDbEntity
  8
ShapeString
100
AcDbLine
 10
74.531937600
 20
52.078857143
 30
0.000000000
 11
74.099214386
 21
51.991428571
 31
0.000000000
  0
LINE
  5
AE4
330
A02
100
AcDbEntity
  8
ShapeString
100
AcDbLine
 10
74.531937600
 20
50.705714286
 30
0.000000000
 11
74.531937600
 21
52.078857143
 31
0.000000000
  0
LINE
  5
AE5
330
A02
100
AcDbEntity
  8
ShapeString
100
AcDbLine
 10
75.870285814
 20
50.705714286
 30
0.000000000
 11
76.720062600
 21
50.705714286
 31
0.000000000
  0
SPLINE
  5
AE6
330
A02
100
AcDbEntity
  8
ShapeString
100
AcDbSpline
210
0
220
0
230
1
 70
8
 71
2
 72
6
 73
3
 74
0
 40
0.000000000
 40
0.000000000
 40
0.000000000
 40
1.000000000
 40
1.000000000
 40
1.000000000
 10
76.325910814
 20
51.172187500
 30
0.000000000
 10
76.164392957
 20
51.005446429
 30
0.000000000
 10
75.870285814
 20
50.705714286
 30
0.000000000
  0
SPLINE
  5
AE7
330
A02
100
AcDbEntity
  8
ShapeString
100
AcDbSpline
210
0
220
0
230
1
 70
8
 71
2
 72
6
 73
3
 74
0
 40
0.000000000
 40
0.000000000
 40
0.000000000
 40
1.000000000
 40
1.000000000
 40
1.000000000
 10
76.517562600
 20
51.373803571
 30
0.000000000
 10
76.487428671
 20
51.338928571
 30
0.000000000
 10
76.325910814
 20
51.172187500
 30
0.000000000
  0
SPLINE
  5
AE8
330
A02
100
AcDbEntity
  8
ShapeString
100
AcDbSpline
210
0
220
0
230
1
 70
8
 71
2
 72
6
 73
3
 74
0
 40
0.000000000
 40
0.000000000
 40
0.000000000
 40
1.000000000
 40
1.000000000
 40
1.000000000
 10
76.668794743
 20
51.607964286
 30
0.000000000
 10
76.627250100
 20
51.508642857
 30
0.000000000
 10
76.517562600
 20
51.373803571
 30
0.000000000
  0
SPLINE
  5
AE9
330
A02
100
AcDbEntity
  8
ShapeString
100
AcDbSpline
210
0
220
0
230
1
 70
8
 71
2
 72
6
 73
3
 74
0
 40
0.000000000
 40
0.000000000
 40
0.000000000
 40
1.000000000
 40
1.000000000
 40
1.000000000
 10
76.710419743
 20
51.818017857
 30
0.000000000
 10
76.710419743
 20
51.707285714
 30
0.000000000
 10
76.668794743
 20
51.607964286
 30
0.000000000
  0
SPLINE
  5
AEA
330
A02
100
AcDbEntity
  8
ShapeString
100
AcDbSpline
210
0
220
0
230
1
 70
8
 71
2
 72
6
 73
3
 74
0
 40
0.000000000
 40
0.000000000
 40
0.000000000
 40
1.000000000
 40
1.000000000
 40
1.000000000
 10
76.544080457
 20
52.191196429
 30
0.000000000
 10
76.710419743
 20
52.051535714
 30
0.000000000
 10
76.710419743
 20
51.818017857
 30
0.000000000
  0
SPLINE
  5
AEB
330
A02
100
AcDbEntity
  8
ShapeString
100
AcDbSpline
210
0
220
0
230
1
 70
8
 71
2
 72
6
 73
3
 74
0
 40
0.000000000
 40
0.000000000
 40
0.000000000
 40
1.000000000
 40
1.000000000
 40
1.000000000
 10
76.098098314
 20
52.330857143
 30
0.000000000
 10
76.377741171
 20
52.330857143
 30
0.000000000
 10
76.544080457
 20
52.191196429
 30
0.000000000
  0
SPLINE
  5
AEC
330
A02
100
AcDbEntity
  8
ShapeString
100
AcDbSpline
210
0
220
0
230
1
 70
8
 71
2
 72
6
 73
3
 74
0
 40
0.000000000
 40
0.000000000
 40
0.000000000
 40
1.000000000
 40
1.000000000
 40
1.000000000
 10
75.864259029
 20
52.300964286
 30
0.000000000
 10
75.992026886
 20
52.330857143
 30
0.000000000
 10
76.098098314
 20
52.330857143
 30
0.000000000
  0
SPLINE
  5
AED
330
A02
100
AcDbEntity
  8
ShapeString
100
AcDbSpline
210
0
220
0
230
1
 70
8
 71
2
 72
6
 73
3
 74
0
 40
0.000000000
 40
0.000000000
 40
0.000000000
 40
1.000000000
 40
1.000000000
 40
1.000000000
 10
75.589437600
 20
52.212571429
 30
0.000000000
 10
75.736491171
 20
52.271151786
 30
0.000000000
 10
75.864259029
 20
52.300964286
 30
0.000000000
  0
LINE
  5
AEE
330
A02
100
AcDbEntity
  8
ShapeString
100
AcDbLine
 10
75.589437600
 20
51.965714286
 30
0.000000000
 11
75.589437600
 21
52.212571429
 31
0.000000000
  0
SPLINE
  5
AEF
330
A02
100
AcDbEntity
  8
ShapeString
100
AcDbSpline
210
0
220
0
230
1
 70
8
 71
2
 72
6
 73
3
 74
0
 40
0.000000000
 40
0.000000000
 40
0.000000000
 40
1.000000000
 40
1.000000000
 40
1.000000000
 10
75.861205457
 20
52.085526786
 30
0.000000000
 10
75.734080457
 20
52.045991071
 30
0.000000000
 10
75.589437600
 20
51.965714286
 30
0.000000000
  0
SPLINE
  5
AF0
330
A02
100
AcDbEntity
  8
ShapeString
100
AcDbSpline
210
0
220
0
230
1
 70
8
 71
2
 72
6
 73
3
 74
0
 40
0.000000000
 40
0.000000000
 40
0.000000000
 40
1.000000000
 40
1.000000000
 40
1.000000000
 10
76.102919743
 20
52.125142857
 30
0.000000000
 10
75.988410814
 20
52.125142857
 30
0.000000000
 10
75.861205457
 20
52.085526786
 30
0.000000000
  0
SPLINE
  5
AF1
330
A02
100
AcDbEntity
  8
ShapeString
100
AcDbSpline
210
0
220
0
230
1
 70
8
 71
2
 72
6
 73
3
 74
0
 40
0.000000000
 40
0.000000000
 40
0.000000000
 40
1.000000000
 40
1.000000000
 40
1.000000000
 10
76.365044743
 20
52.034901786
 30
0.000000000
 10
76.264437600
 20
52.125142857
 30
0.000000000
 10
76.102919743
 20
52.125142857
 30
0.000000000
  0
SPLINE
  5
AF2
330
A02
100
AcDbEntity
  8
ShapeString
100
AcDbSpline
210
0
220
0
230
1
 70
8
 71
2
 72
6
 73
3
 74
0
 40
0.000000000
 40
0.000000000
 40
0.000000000
 40
1.000000000
 40
1.000000000
 40
1.000000000
 10
76.465732243
 20
51.801544643
 30
0.000000000
 10
76.465732243
 20
51.944741071
 30
0.000000000
 10
76.365044743
 20
52.034901786
 30
0.000000000
  0
SPLINE
  5
AF3
330
A02
100
AcDbEntity
  8
ShapeString
100
AcDbSpline
210
0
220
0
230
1
 70
8
 71
2
 72
6
 73
3
 74
0
 40
0.000000000
 40
0.000000000
 40
0.000000000
 40
1.000000000
 40
1.000000000
 40
1.000000000
 10
76.419285814
 20
51.622910714
 30
0.000000000
 10
76.465732243
 20
51.713714286
 30
0.000000000
 10
76.465732243
 20
51.801544643
 30
0.000000000
  0
SPLINE
  5
AF4
330
A02
100
AcDbEntity
  8
ShapeString
100
AcDbSpline
210
0
220
0
230
1
 70
8
 71
2
 72
6
 73
3
 74
0
 40
0.000000000
 40
0.000000000
 40
0.000000000
 40
1.000000000
 40
1.000000000
 40
1.000000000
 10
76.256000100
 20
51.400964286
 30
0.000000000
 10
76.372919743
 20
51.532107143
 30
0.000000000
 10
76.419285814
 20
51.622910714
 30
0.000000000
  0
SPLINE
  5
AF5
330
A02
100
AcDbEntity
  8
ShapeString
100
AcDbSpline
210
0
220
0
230
1
 70
8
 71
2
 72
6
 73
3
 74
0
 40
0.000000000
 40
0.000000000
 40
0.000000000
 40
1.000000000
 40
1.000000000
 40
1.000000000
 10
75.955223314
 20
51.089982143
 30
0.000000000
 10
76.194526886
 20
51.331214286
 30
0.000000000
 10
76.256000100
 20
51.400964286
 30
0.000000000
  0
SPLINE
  5
AF6
330
A02
100
AcDbEntity
  8
ShapeString
100
AcDbSpline
210
0
220
0
230
1
 70
8
 71
2
 72
6
 73
3
 74
0
 40
0.000000000
 40
0.000000000
 40
0.000000000
 40
1.000000000
 40
1.000000000
 40
1.000000000
 10
75.577384029
 20
50.705714286
 30
0.000000000
 10
75.716000100
 20
50.848830357
 30
0.000000000
 10
75.955223314
 20
51.089982143
 30
0.000000000
  0
LINE
  5
AF7
330
A02
100
AcDbEntity
  8
ShapeString
100
AcDbLine
 10
75.577384029
 20
50.500000000
 30
0.000000000
 11
75.577384029
 21
50.705714286
 31
0.000000000
  0
LINE
  5
AF8
330
A02
100
AcDbEntity
  8
ShapeString
100
AcDbLine
 10
76.720062600
 20
50.500000000
 30
0.000000000
 11
75.577384029
 21
50.500000000
 31
0.000000000
  0
LINE
  5
AF9
330
A02
100
AcDbEntity
  8
ShapeString
100
AcDbLine
 10
76.720062600
 20
50.705714286
 30
0.000000000
 11
76.720062600
 21
50.500000000
 31
0.000000000
  0
LINE
  5
AFA
330
A02
100
AcDbEntity
  8
ShapeString
100
AcDbLine
 10
77.834214386
 20
52.300000000
 30
0.000000000
 11
78.140375100
 21
52.300000000
 31
0.000000000
  0
LINE
  5
AFB
330
A02
100
AcDbEntity
  8
ShapeString
100
AcDbLine
 10
77.085687600
 20
51.161500000
 30
0.000000000
 11
77.834214386
 21
52.300000000
 31
0.000000000
  0
LINE
  5
AFC
330
A02
100
AcDbEntity
  8
ShapeString
100
AcDbLine
 10
77.085687600
 20
50.926857143
 30
0.000000000
 11
77.085687600
 21
51.161500000
 31
0.000000000
  0
LINE
  5
AFD
330
A02
100
AcDbEntity
  8
ShapeString
100
AcDbLine
 10
77.898098314
 20
50.926857143
 30
0.000000000
 11
77.085687600
 21
50.926857143
 31
0.000000000
  0
LINE
  5
AFE
330
A02
100
AcDbEntity
  8
ShapeString
100
AcDbLine
 10
77.898098314
 20
50.500000000
 30
0.000000000
 11
77.898098314
 21
50.926857143
 31
0.000000000
  0
LINE
  5
AFF
330
A02
100
AcDbEntity
  8
ShapeString
100
AcDbLine
 10
78.140375100
 20
50.500000000
 30
0.000000000
 11
77.898098314
 21
50.500000000
 31
0.000000000
  0
LINE
  5
B00
330
A02
100
AcDbEntity
  8
ShapeString
100
AcDbLine
 10
78.140375100
 20
50.926857143
 30
0.000000000
 11
78.140375100
 21
50.500000000
 31
0.000000000
  0
LINE
  5
B01
330
A02
100
AcDbEntity
  8
ShapeString
100
AcDbLine
 10
78.397116171
 20
50.926857143
 30
0.000000000
 11
78.140375100
 21
50.926857143
 31
0.000000000
  0
LINE
  5
B02
330
A02
100
AcDbEntity
  8
ShapeString
100
AcDbLine
 10
78.397116171
 20
51.127428571
 30
0.000000000
 11
78.397116171
 21
50.926857143
 31
0.000000000
  0
LINE
  5
B03
330
A02
100
AcDbEntity
  8
ShapeString
100
AcDbLine
 10
78.140375100
 20
51.127428571
 30
0.000000000
 11
78.397116171
 21
51.127428571
 31
0.000000000
  0
LINE
  5
B04
330
A02
100
AcDbEntity
  8
ShapeString
100
AcDbLine
 10
78.140375100
 20
52.300000000
 30
0.000000000
 11
78.140375100
 21
51.127428571
 31
0.000000000
  0
LINE
  5
B05
330
A02
100
AcDbEntity
  8
ShapeString
100
AcDbLine
 10
77.898098314
 20
52.087937500
 30
0.000000000
 11
77.283366171
 21
51.127428571
 31
0.000000000
  0
LINE
  5
B06
330
A02
100
AcDbEntity
  8
ShapeString
100
AcDbLine
 10
77.898098314
 20
51.127428571
 30
0.000000000
 11
77.898098314
 21
52.087937500
 31
0.000000000
  0
LINE
  5
B07
330
A02
100
AcDbEntity
  8
ShapeString
100
AcDbLine
 10
77.283366171
 20
51.127428571
 30
0.000000000
 11
77.898098314
 21
51.127428571
 31
0.000000000
  0
LINE
  5
B08
330
A02
100
AcDbEntity
  8
ShapeString
100
AcDbLine
 10
78.776000100
 20
52.300000000
 30
0.000000000
 11
79.276223314
 21
52.300000000
 31
0.000000000
  0
LINE
  5
B09
330
A02
100
AcDbEntity
  8
ShapeString
100
AcDbLine
 10
78.776000100
 20
50.500000000
 30
0.000000000
 11
78.776000100
 21
52.300000000
 31
0.000000000
  0
LINE
  5
B0A
330
A02
100
AcDbEntity
  8
ShapeString
100
AcDbLine
 10
79.276223314
 20
50.500000000
 30
0.000000000
 11
78.776000100
 21
50.500000000
 31
0.000000000
  0
SPLINE
  5
B0B
330
A02
100
AcDbEntity
  8
ShapeString
100
AcDbSpline
210
0
220
0
230
1
 70
8
 71
2
 72
6
 73
3
 74
0
 40
0.000000000
 40
0.000000000
 40
0.000000000
 40
1.000000000
 40
1.000000000
 40
1.000000000
 10
80.042830457
 20
50.718169643
 30
0.000000000
 10
79.796937600
 20
50.500000000
 30
0.000000000
 10
79.276223314
 20
50.500000000
 30
0.000000000
  0
SPLINE
  5
B0C
330
A02
100
AcDbEntity
  8
ShapeString
100
AcDbSpline
210
0
220
0
230
1
 70
8
 71
2
 72
6
 73
3
 74
0
 40
0.000000000
 40
0.000000000
 40
0.000000000
 40
1.000000000
 40
1.000000000
 40
1.000000000
 10
80.288723314
 20
51.401767857
 30
0.000000000
 10
80.288723314
 20
50.936419643
 30
0.000000000
 10
80.042830457
 20
50.718169643
 30
0.000000000
  0
SPLINE
  5
B0D
330
A02
100
AcDbEntity
  8
ShapeString
100
AcDbSpline
210
0
220
0
230
1
 70
8
 71
2
 72
6
 73
3
 74
0
 40
0.000000000
 40
0.000000000
 40
0.000000000
 40
1.000000000
 40
1.000000000
 40
1.000000000
 10
80.044035814
 20
52.082392857
 30
0.000000000
 10
80.288723314
 20
51.864785714
 30
0.000000000
 10
80.288723314
 20
51.401767857
 30
0.000000000
  0
SPLINE
  5
B0E
330
A02
100
AcDbEntity
  8
ShapeString
100
AcDbSpline
210
0
220
0
230
1
 70
8
 71
2
 72
6
 73
3
 74
0
 40
0.000000000
 40
0.000000000
 40
0.000000000
 40
1.000000000
 40
1.000000000
 40
1.000000000
 10
79.276223314
 20
52.300000000
 30
0.000000000
 10
79.799348314
 20
52.300000000
 30
0.000000000
 10
80.044035814
 20
52.082392857
 30
0.000000000
  0
LINE
  5
B0F
330
A02
100
AcDbEntity
  8
ShapeString
100
AcDbLine
 10
79.019482243
 20
52.099428571
 30
0.000000000
 11
79.019482243
 21
50.700571429
 31
0.000000000
  0
LINE
  5
B10
330
A02
100
AcDbEntity
  8
ShapeString
100
AcDbLine
 10
79.313589386
 20
52.099428571
 30
0.000000000
 11
79.019482243
 21
52.099428571
 31
0.000000000
  0
SPLINE
  5
B11
330
A02
100
AcDbEntity
  8
ShapeString
100
AcDbSpline
210
0
220
0
230
1
 70
8
 71
2
 72
6
 73
3
 74
0
 40
0.000000000
 40
0.000000000
 40
0.000000000
 40
1.000000000
 40
1.000000000
 40
1.000000000
 10
79.858973314
 20
51.931321429
 30
0.000000000
 10
79.686044743
 20
52.099428571
 30
0.000000000
 10
79.313589386
 20
52.099428571
 30
0.000000000
  0
SPLINE
  5
B12
330
A02
100
AcDbEntity
  8
ShapeString
100
AcDbSpline
210
0
220
0
230
1
 70
8
 71
2
 72
6
 73
3
 74
0
 40
0.000000000
 40
0.000000000
 40
0.000000000
 40
1.000000000
 40
1.000000000
 40
1.000000000
 10
80.031982243
 20
51.401767857
 30
0.000000000
 10
80.031982243
 20
51.763294643
 30
0.000000000
 10
79.858973314
 20
51.931321429
 30
0.000000000
  0
SPLINE
  5
B13
330
A02
100
AcDbEntity
  8
ShapeString
100
AcDbSpline
210
0
220
0
230
1
 70
8
 71
2
 72
6
 73
3
 74
0
 40
0.000000000
 40
0.000000000
 40
0.000000000
 40
1.000000000
 40
1.000000000
 40
1.000000000
 10
79.858973314
 20
50.869241071
 30
0.000000000
 10
80.031982243
 20
51.037910714
 30
0.000000000
 10
80.031982243
 20
51.401767857
 30
0.000000000
  0
SPLINE
  5
B14
330
A02
100
AcDbEntity
  8
ShapeString
100
AcDbSpline
210
0
220
0
230
1
 70
8
 71
2
 72
6
 73
3
 74
0
 40
0.000000000
 40
0.000000000
 40
0.000000000
 40
1.000000000
 40
1.000000000
 40
1.000000000
 10
79.313589386
 20
50.700571429
 30
0.000000000
 10
79.686044743
 20
50.700571429
 30
0.000000000
 10
79.858973314
 20
50.869241071
 30
0.000000000
  0
LINE
  5
B15
330
A02
100
AcDbEntity
  8
ShapeString
100
AcDbLine
 10
79.019482243
 20
50.700571429
 30
0.000000000
 11
79.313589386
 21
50.700571429
 31
0.000000000
  0
LINE
  5
B16
330
A02
100
AcDbEntity
  8
ShapeString001
100
AcDbLine
 10
53.000000000
 20
61.800000000
 30
0.000000000
 11
54.522366071
 21
61.800000000
 31
0.000000000
  0
LINE
  5
B17
330
A02
100
AcDbEntity
  8
ShapeString001
100
AcDbLine
 10
53.000000000
 20
61.594285714
 30
0.000000000
 11
53.000000000
 21
61.800000000
 31
0.000000000
  0
LINE
  5
B18
330
A02
100
AcDbEntity
  8
ShapeString001
100
AcDbLine
 10
53.638839286
 20
61.594285714
 30
0.000000000
 11
53.000000000
 21
61.594285714
 31
0.000000000
  0
LINE
  5
B19
330
A02
100
AcDbEntity
  8
ShapeString001
100
AcDbLine
 10
53.638839286
 20
60.000000000
 30
0.000000000
 11
53.638839286
 21
61.594285714
 31
0.000000000
  0
LINE
  5
B1A
330
A02
100
AcDbEntity
  8
ShapeString001
100
AcDbLine
 10
53.883526786
 20
60.000000000
 30
0.000000000
 11
53.638839286
 21
60.000000000
 31
0.000000000
  0
LINE
  5
B1B
330
A02
100
AcDbEntity
  8
ShapeString001
100
AcDbLine
 10
53.883526786
 20
61.594285714
 30
0.000000000
 11
53.883526786
 21
60.000000000
 31
0.000000000
  0
LINE
  5
B1C
330
A02
100
AcDbEntity
  8
ShapeString001
100
AcDbLine
 10
54.522366071
 20
61.594285714
 30
0.000000000
 11
53.883526786
 21
61.594285714
 31
0.000000000
  0
LINE
  5
B1D
330
A02
100
AcDbEntity
  8
ShapeString001
100
AcDbLine
 10
54.522366071
 20
61.800000000
 30
0.000000000
 11
54.522366071
 21
61.594285714
 31
0.000000000
  0
SPLINE
  5
B1E
330
A02
100
AcDbEntity
  8
ShapeString001
100
AcDbSpline
210
0
220
0
230
1
 70
8
 71
2
 72
6
 73
3
 74
0
 40
0.000000000
 40
0.000000000
 40
0.000000000
 40
1.000000000
 40
1.000000000
 40
1.000000000
 10
55.486812500
 20
61.830857143
 30
0.000000000
 10
55.865294643
 20
61.830857143
 30
0.000000000
 10
56.091901786
 20
61.577169643
 30
0.000000000
  0
SPLINE
  5
B1F
330
A02
100
AcDbEntity
  8
ShapeString001
100
AcDbSpline
210
0
220
0
230
1
 70
8
 71
2
 72
6
 73
3
 74
0
 40
0.000000000
 40
0.000000000
 40
0.000000000
 40
1.000000000
 40
1.000000000
 40
1.000000000
 10
54.879875000
 20
61.577169643
 30
0.000000000
 10
55.107125000
 20
61.830857143
 30
0.000000000
 10
55.486812500
 20
61.830857143
 30
0.000000000
  0
SPLINE
  5
B20
330
A02
100
AcDbEntity
  8
ShapeString001
100
AcDbSpline
210
0
220
0
230
1
 70
8
 71
2
 72
6
 73
3
 74
0
 40
0.000000000
 40
0.000000000
 40
0.000000000
 40
1.000000000
 40
1.000000000
 40
1.000000000
 10
54.652705357
 20
60.896866071
 30
0.000000000
 10
54.652705357
 20
61.323482143
 30
0.000000000
 10
54.879875000
 20
61.577169643
 30
0.000000000
  0
SPLINE
  5
B21
330
A02
100
AcDbEntity
  8
ShapeString001
100
AcDbSpline
210
0
220
0
230
1
 70
8
 71
2
 72
6
 73
3
 74
0
 40
0.000000000
 40
0.000000000
 40
0.000000000
 40
1.000000000
 40
1.000000000
 40
1.000000000
 10
54.879875000
 20
60.217044643
 30
0.000000000
 10
54.652705357
 20
60.470169643
 30
0.000000000
 10
54.652705357
 20
60.896866071
 30
0.000000000
  0
SPLINE
  5
B22
330
A02
100
AcDbEntity
  8
ShapeString001
100
AcDbSpline
210
0
220
0
230
1
 70
8
 71
2
 72
6
 73
3
 74
0
 40
0.000000000
 40
0.000000000
 40
0.000000000
 40
1.000000000
 40
1.000000000
 40
1.000000000
 10
55.486812500
 20
59.964000000
 30
0.000000000
 10
55.107125000
 20
59.964000000
 30
0.000000000
 10
54.879875000
 20
60.217044643
 30
0.000000000
  0
SPLINE
  5
B23
330
A02
100
AcDbEntity
  8
ShapeString001
100
AcDbSpline
210
0
220
0
230
1
 70
8
 71
2
 72
6
 73
3
 74
0
 40
0.000000000
 40
0.000000000
 40
0.000000000
 40
1.000000000
 40
1.000000000
 40
1.000000000
 10
56.091901786
 20
60.217687500
 30
0.000000000
 10
55.865294643
 20
59.964000000
 30
0.000000000
 10
55.486812500
 20
59.964000000
 30
0.000000000
  0
SPLINE
  5
B24
330
A02
100
AcDbEntity
  8
ShapeString001
100
AcDbSpline
210
0
220
0
230
1
 70
8
 71
2
 72
6
 73
3
 74
0
 40
0.000000000
 40
0.000000000
 40
0.000000000
 40
1.000000000
 40
1.000000000
 40
1.000000000
 10
56.318508929
 20
60.896866071
 30
0.000000000
 10
56.318508929
 20
60.471375000
 30
0.000000000
 10
56.091901786
 20
60.217687500
 30
0.000000000
  0
SPLINE
  5
B25
330
A02
100
AcDbEntity
  8
ShapeString001
100
AcDbSpline
210
0
220
0
230
1
 70
8
 71
2
 72
6
 73
3
 74
0
 40
0.000000000
 40
0.000000000
 40
0.000000000
 40
1.000000000
 40
1.000000000
 40
1.000000000
 10
56.091901786
 20
61.577169643
 30
0.000000000
 10
56.318508929
 20
61.323482143
 30
0.000000000
 10
56.318508929
 20
60.896866071
 30
0.000000000
  0
SPLINE
  5
B26
330
A02
100
AcDbEntity
  8
ShapeString001
100
AcDbSpline
210
0
220
0
230
1
 70
8
 71
2
 72
6
 73
3
 74
0
 40
0.000000000
 40
0.000000000
 40
0.000000000
 40
1.000000000
 40
1.000000000
 40
1.000000000
 10
55.486812500
 20
61.635428571
 30
0.000000000
 10
55.221633929
 20
61.635428571
 30
0.000000000
 10
55.065500000
 20
61.437187500
 30
0.000000000
  0
SPLINE
  5
B27
330
A02
100
AcDbEntity
  8
ShapeString001
100
AcDbSpline
210
0
220
0
230
1
 70
8
 71
2
 72
6
 73
3
 74
0
 40
0.000000000
 40
0.000000000
 40
0.000000000
 40
1.000000000
 40
1.000000000
 40
1.000000000
 10
55.906839286
 20
61.437187500
 30
0.000000000
 10
55.751991071
 20
61.635428571
 30
0.000000000
 10
55.486812500
 20
61.635428571
 30
0.000000000
  0
SPLINE
  5
B28
330
A02
100
AcDbEntity
  8
ShapeString001
100
AcDbSpline
210
0
220
0
230
1
 70
8
 71
2
 72
6
 73
3
 74
0
 40
0.000000000
 40
0.000000000
 40
0.000000000
 40
1.000000000
 40
1.000000000
 40
1.000000000
 10
56.061767857
 20
60.896785714
 30
0.000000000
 10
56.061767857
 20
61.238946429
 30
0.000000000
 10
55.906839286
 20
61.437187500
 30
0.000000000
  0
SPLINE
  5
B29
330
A02
100
AcDbEntity
  8
ShapeString001
100
AcDbSpline
210
0
220
0
230
1
 70
8
 71
2
 72
6
 73
3
 74
0
 40
0.000000000
 40
0.000000000
 40
0.000000000
 40
1.000000000
 40
1.000000000
 40
1.000000000
 10
55.906839286
 20
60.357669643
 30
0.000000000
 10
56.061767857
 20
60.555910714
 30
0.000000000
 10
56.061767857
 20
60.896785714
 30
0.000000000
  0
SPLINE
  5
B2A
330
A02
100
AcDbEntity
  8
ShapeString001
100
AcDbSpline
210
0
220
0
230
1
 70
8
 71
2
 72
6
 73
3
 74
0
 40
0.000000000
 40
0.000000000
 40
0.000000000
 40
1.000000000
 40
1.000000000
 40
1.000000000
 10
55.486812500
 20
60.159428571
 30
0.000000000
 10
55.751991071
 20
60.159428571
 30
0.000000000
 10
55.906839286
 20
60.357669643
 30
0.000000000
  0
SPLINE
  5
B2B
330
A02
100
AcDbEntity
  8
ShapeString001
100
AcDbSpline
210
0
220
0
230
1
 70
8
 71
2
 72
6
 73
3
 74
0
 40
0.000000000
 40
0.000000000
 40
0.000000000
 40
1.000000000
 40
1.000000000
 40
1.000000000
 10
55.065500000
 20
60.357669643
 30
0.000000000
 10
55.221633929
 20
60.159428571
 30
0.000000000
 10
55.486812500
 20
60.159428571
 30
0.000000000
  0
SPLINE
  5
B2C
330
A02
100
AcDbEntity
  8
ShapeString001
100
AcDbSpline
210
0
220
0
230
1
 70
8
 71
2
 72
6
 73
3
 74
0
 40
0.000000000
 40
0.000000000
 40
0.000000000
 40
1.000000000
 40
1.000000000
 40
1.000000000
 10
54.909446429
 20
60.896785714
 30
0.000000000
 10
54.909446429
 20
60.555910714
 30
0.000000000
 10
55.065500000
 20
60.357669643
 30
0.000000000
  0
SPLINE
  5
B2D
330
A02
100
AcDbEntity
  8
ShapeString001
100
AcDbSpline
210
0
220
0
230
1
 70
8
 71
2
 72
6
 73
3
 74
0
 40
0.000000000
 40
0.000000000
 40
0.000000000
 40
1.000000000
 40
1.000000000
 40
1.000000000
 10
55.065500000
 20
61.437187500
 30
0.000000000
 10
54.909446429
 20
61.238946429
 30
0.000000000
 10
54.909446429
 20
60.896785714
 30
0.000000000
  0
LINE
  5
B2E
330
A02
100
AcDbEntity
  8
ShapeString001
100
AcDbLine
 10
56.700366071
 20
61.800000000
 30
0.000000000
 11
57.250008929
 21
61.800000000
 31
0.000000000
  0
LINE
  5
B2F
330
A02
100
AcDbEntity
  8
ShapeString001
100
AcDbLine
 10
56.700366071
 20
60.000000000
 30
0.000000000
 11
56.700366071
 21
61.800000000
 31
0.000000000
  0
LINE
  5
B30
330
A02
100
AcDbEntity
  8
ShapeString001
100
AcDbLine
 10
56.943848214
 20
60.000000000
 30
0.000000000
 11
56.700366071
 21
60.000000000
 31
0.000000000
  0
LINE
  5
B31
330
A02
100
AcDbEntity
  8
ShapeString001
100
AcDbLine
 10
56.943848214
 20
60.725142857
 30
0.000000000
 11
56.943848214
 21
60.000000000
 31
0.000000000
  0
LINE
  5
B32
330
A02
100
AcDbEntity
  8
ShapeString001
100
AcDbLine
 10
57.250008929
 20
60.725142857
 30
0.000000000
 11
56.943848214
 21
60.725142857
 31
0.000000000
  0
SPLINE
  5
B33
330
A02
100
AcDbEntity
  8
ShapeString001
100
AcDbSpline
210
0
220
0
230
1
 70
8
 71
2
 72
6
 73
3
 74
0
 40
0.000000000
 40
0.000000000
 40
0.000000000
 40
1.000000000
 40
1.000000000
 40
1.000000000
 10
57.707401786
 20
60.861107143
 30
0.000000000
 10
57.552553571
 20
60.725142857
 30
0.000000000
 10
57.250008929
 20
60.725142857
 30
0.000000000
  0
SPLINE
  5
B34
330
A02
100
AcDbEntity
  8
ShapeString001
100
AcDbSpline
210
0
220
0
230
1
 70
8
 71
2
 72
6
 73
3
 74
0
 40
0.000000000
 40
0.000000000
 40
0.000000000
 40
1.000000000
 40
1.000000000
 40
1.000000000
 10
57.862330357
 20
61.263133929
 30
0.000000000
 10
57.862330357
 20
60.997151786
 30
0.000000000
 10
57.707401786
 20
60.861107143
 30
0.000000000
  0
SPLINE
  5
B35
330
A02
100
AcDbEntity
  8
ShapeString001
100
AcDbSpline
210
0
220
0
230
1
 70
8
 71
2
 72
6
 73
3
 74
0
 40
0.000000000
 40
0.000000000
 40
0.000000000
 40
1.000000000
 40
1.000000000
 40
1.000000000
 10
57.707401786
 20
61.663392857
 30
0.000000000
 10
57.862330357
 20
61.526785714
 30
0.000000000
 10
57.862330357
 20
61.263133929
 30
0.000000000
  0
SPLINE
  5
B36
330
A02
100
AcDbEntity
  8
ShapeString001
100
AcDbSpline
210
0
220
0
230
1
 70
8
 71
2
 72
6
 73
3
 74
0
 40
0.000000000
 40
0.000000000
 40
0.000000000
 40
1.000000000
 40
1.000000000
 40
1.000000000
 10
57.250008929
 20
61.800000000
 30
0.000000000
 10
57.552553571
 20
61.800000000
 30
0.000000000
 10
57.707401786
 20
61.663392857
 30
0.000000000
  0
LINE
  5
B37
330
A02
100
AcDbEntity
  8
ShapeString001
100
AcDbLine
 10
56.943848214
 20
61.599428571
 30
0.000000000
 11
56.943848214
 21
60.925714286
 31
0.000000000
  0
LINE
  5
B38
330
A02
100
AcDbEntity
  8
ShapeString001
100
AcDbLine
 10
57.250008929
 20
61.599428571
 30
0.000000000
 11
56.943848214
 21
61.599428571
 31
0.000000000
  0
SPLINE
  5
B39
330
A02
100
AcDbEntity
  8
ShapeString001
100
AcDbSpline
210
0
220
0
230
1
 70
8
 71
2
 72
6
 73
3
 74
0
 40
0.000000000
 40
0.000000000
 40
0.000000000
 40
1.000000000
 40
1.000000000
 40
1.000000000
 10
57.512776786
 20
61.511758929
 30
0.000000000
 10
57.419964286
 20
61.599428571
 30
0.000000000
 10
57.250008929
 20
61.599428571
 30
0.000000000
  0
SPLINE
  5
B3A
330
A02
100
AcDbEntity
  8
ShapeString001
100
AcDbSpline
210
0
220
0
230
1
 70
8
 71
2
 72
6
 73
3
 74
0
 40
0.000000000
 40
0.000000000
 40
0.000000000
 40
1.000000000
 40
1.000000000
 40
1.000000000
 10
57.605589286
 20
61.263133929
 30
0.000000000
 10
57.605589286
 20
61.424089286
 30
0.000000000
 10
57.512776786
 20
61.511758929
 30
0.000000000
  0
SPLINE
  5
B3B
330
A02
100
AcDbEntity
  8
ShapeString001
100
AcDbSpline
210
0
220
0
230
1
 70
8
 71
2
 72
6
 73
3
 74
0
 40
0.000000000
 40
0.000000000
 40
0.000000000
 40
1.000000000
 40
1.000000000
 40
1.000000000
 10
57.512776786
 20
61.013383929
 30
0.000000000
 10
57.605589286
 20
61.101053571
 30
0.000000000
 10
57.605589286
 20
61.263133929
 30
0.000000000
  0
SPLINE
  5
B3C
330
A02
100
AcDbEntity
  8
ShapeString001
100
AcDbSpline
210
0
220
0
230
1
 70
8
 71
2
 72
6
 73
3
 74
0
 40
0.000000000
 40
0.000000000
 40
0.000000000
 40
1.000000000
 40
1.000000000
 40
1.000000000
 10
57.250008929
 20
60.925714286
 30
0.000000000
 10
57.419964286
 20
60.925714286
 30
0.000000000
 10
57.512776786
 20
61.013383929
 30
0.000000000
  0
LINE
  5
B3D
330
A02
100
AcDbEntity
  8
ShapeString001
100
AcDbLine
 10
56.943848214
 20
60.925714286
 30
0.000000000
 11
57.250008929
 21
60.925714286
 31
0.000000000
  0
LINE
  5
B3E
330
A02
100
AcDbEntity
  8
ShapeString001
100
AcDbLine
 10
58.973508929
 20
61.800000000
 30
0.000000000
 11
59.216991071
 21
61.800000000
 31
0.000000000
  0
LINE
  5
B3F
330
A02
100
AcDbEntity
  8
ShapeString001
100
AcDbLine
 10
58.973508929
 20
60.000000000
 30
0.000000000
 11
58.973508929
 21
61.800000000
 31
0.000000000
  0
LINE
  5
B40
330
A02
100
AcDbEntity
  8
ShapeString001
100
AcDbLine
 10
59.216991071
 20
60.000000000
 30
0.000000000
 11
58.973508929
 21
60.000000000
 31
0.000000000
  0
LINE
  5
B41
330
A02
100
AcDbEntity
  8
ShapeString001
100
AcDbLine
 10
59.216991071
 20
60.866812500
 30
0.000000000
 11
59.216991071
 21
60.000000000
 31
0.000000000
  0
LINE
  5
B42
330
A02
100
AcDbEntity
  8
ShapeString001
100
AcDbLine
 10
60.081232143
 20
60.000000000
 30
0.000000000
 11
59.216991071
 21
60.866812500
 31
0.000000000
  0
LINE
  5
B43
330
A02
100
AcDbEntity
  8
ShapeString001
100
AcDbLine
 10
60.401857143
 20
60.000000000
 30
0.000000000
 11
60.081232143
 21
60.000000000
 31
0.000000000
  0
LINE
  5
B44
330
A02
100
AcDbEntity
  8
ShapeString001
100
AcDbLine
 10
59.444803571
 20
60.960910714
 30
0.000000000
 11
60.401857143
 21
60.000000000
 31
0.000000000
  0
LINE
  5
B45
330
A02
100
AcDbEntity
  8
ShapeString001
100
AcDbLine
 10
60.337973214
 20
61.800000000
 30
0.000000000
 11
59.444803571
 21
60.960910714
 31
0.000000000
  0
LINE
  5
B46
330
A02
100
AcDbEntity
  8
ShapeString001
100
AcDbLine
 10
60.024580357
 20
61.800000000
 30
0.000000000
 11
60.337973214
 21
61.800000000
 31
0.000000000
  0
LINE
  5
B47
330
A02
100
AcDbEntity
  8
ShapeString001
100
AcDbLine
 10
59.216991071
 20
61.039258929
 30
0.000000000
 11
60.024580357
 21
61.800000000
 31
0.000000000
  0
LINE
  5
B48
330
A02
100
AcDbEntity
  8
ShapeString001
100
AcDbLine
 10
59.216991071
 20
61.800000000
 30
0.000000000
 11
59.216991071
 21
61.039258929
 31
0.000000000
  0
LINE
  5
B49
330
A02
100
AcDbEntity
  8
ShapeString001
100
AcDbLine
 10
60.593508929
 20
61.800000000
 30
0.000000000
 11
60.836991071
 21
61.800000000
 31
0.000000000
  0
LINE
  5
B4A
330
A02
100
AcDbEntity
  8
ShapeString001
100
AcDbLine
 10
60.593508929
 20
60.000000000
 30
0.000000000
 11
60.593508929
 21
61.800000000
 31
0.000000000
  0
LINE
  5
B4B
330
A02
100
AcDbEntity
  8
ShapeString001
100
AcDbLine
 10
60.836991071
 20
60.000000000
 30
0.000000000
 11
60.593508929
 21
60.000000000
 31
0.000000000
  0
LINE
  5
B4C
330
A02
100
AcDbEntity
  8
ShapeString001
100
AcDbLine
 10
60.836991071
 20
60.853714286
 30
0.000000000
 11
60.836991071
 21
60.000000000
 31
0.000000000
  0
LINE
  5
B4D
330
A02
100
AcDbEntity
  8
ShapeString001
100
AcDbLine
 10
61.721723214
 20
60.853714286
 30
0.000000000
 11
60.836991071
 21
60.853714286
 31
0.000000000
  0
LINE
  5
B4E
330
A02
100
AcDbEntity
  8
ShapeString001
100
AcDbLine
 10
61.721723214
 20
60.000000000
 30
0.000000000
 11
61.721723214
 21
60.853714286
 31
0.000000000
  0
LINE
  5
B4F
330
A02
100
AcDbEntity
  8
ShapeString001
100
AcDbLine
 10
61.965205357
 20
60.000000000
 30
0.000000000
 11
61.721723214
 21
60.000000000
 31
0.000000000
  0
LINE
  5
B50
330
A02
100
AcDbEntity
  8
ShapeString001
100
AcDbLine
 10
61.965205357
 20
61.800000000
 30
0.000000000
 11
61.965205357
 21
60.000000000
 31
0.000000000
  0
LINE
  5
B51
330
A02
100
AcDbEntity
  8
ShapeString001
100
AcDbLine
 10
61.721723214
 20
61.800000000
 30
0.000000000
 11
61.965205357
 21
61.800000000
 31
0.000000000
  0
LINE
  5
B52
330
A02
100
AcDbEntity
  8
ShapeString001
100
AcDbLine
 10
61.721723214
 20
61.059428571
 30
0.000000000
 11
61.721723214
 21
61.800000000
 31
0.000000000
  0
LINE
  5
B53
330
A02
100
AcDbEntity
  8
ShapeString001
100
AcDbLine
 10
60.836991071
 20
61.059428571
 30
0.000000000
 11
61.721723214
 21
61.059428571
 31
0.000000000
  0
LINE
  5
B54
330
A02
100
AcDbEntity
  8
ShapeString001
100
AcDbLine
 10
60.836991071
 20
61.800000000
 30
0.000000000
 11
60.836991071
 21
61.059428571
 31
0.000000000
  0
LINE
  5
B55
330
A02
100
AcDbEntity
  8
ShapeString001
100
AcDbLine
 10
62.328339286
 20
60.771428571
 30
0.000000000
 11
62.978026786
 21
60.771428571
 31
0.000000000
  0
LINE
  5
B56
330
A02
100
AcDbEntity
  8
ShapeString001
100
AcDbLine
 10
62.328339286
 20
60.576000000
 30
0.000000000
 11
62.328339286
 21
60.771428571
 31
0.000000000
  0
LINE
  5
B57
330
A02
100
AcDbEntity
  8
ShapeString001
100
AcDbLine
 10
62.978026786
 20
60.576000000
 30
0.000000000
 11
62.328339286
 21
60.576000000
 31
0.000000000
  0
LINE
  5
B58
330
A02
100
AcDbEntity
  8
ShapeString001
100
AcDbLine
 10
62.978026786
 20
60.771428571
 30
0.000000000
 11
62.978026786
 21
60.576000000
 31
0.000000000
  0
LINE
  5
B59
330
A02
100
AcDbEntity
  8
ShapeString001
100
AcDbLine
 10
63.339794643
 20
61.800000000
 30
0.000000000
 11
64.373991071
 21
61.800000000
 31
0.000000000
  0
LINE
  5
B5A
330
A02
100
AcDbEntity
  8
ShapeString001
100
AcDbLine
 10
63.339794643
 20
60.000000000
 30
0.000000000
 11
63.339794643
 21
61.800000000
 31
0.000000000
  0
LINE
  5
B5B
330
A02
100
AcDbEntity
  8
ShapeString001
100
AcDbLine
 10
63.583276786
 20
60.000000000
 30
0.000000000
 11
63.339794643
 21
60.000000000
 31
0.000000000
  0
LINE
  5
B5C
330
A02
100
AcDbEntity
  8
ShapeString001
100
AcDbLine
 10
63.583276786
 20
60.858857143
 30
0.000000000
 11
63.583276786
 21
60.000000000
 31
0.000000000
  0
LINE
  5
B5D
330
A02
100
AcDbEntity
  8
ShapeString001
100
AcDbLine
 10
64.296848214
 20
60.858857143
 30
0.000000000
 11
63.583276786
 21
60.858857143
 31
0.000000000
  0
LINE
  5
B5E
330
A02
100
AcDbEntity
  8
ShapeString001
100
AcDbLine
 10
64.296848214
 20
61.064571429
 30
0.000000000
 11
64.296848214
 21
60.858857143
 31
0.000000000
  0
LINE
  5
B5F
330
A02
100
AcDbEntity
  8
ShapeString001
100
AcDbLine
 10
63.583276786
 20
61.064571429
 30
0.000000000
 11
64.296848214
 21
61.064571429
 31
0.000000000
  0
LINE
  5
B60
330
A02
100
AcDbEntity
  8
ShapeString001
100
AcDbLine
 10
63.583276786
 20
61.594285714
 30
0.000000000
 11
63.583276786
 21
61.064571429
 31
0.000000000
  0
LINE
  5
B61
330
A02
100
AcDbEntity
  8
ShapeString001
100
AcDbLine
 10
64.373991071
 20
61.594285714
 30
0.000000000
 11
63.583276786
 21
61.594285714
 31
0.000000000
  0
LINE
  5
B62
330
A02
100
AcDbEntity
  8
ShapeString001
100
AcDbLine
 10
64.373991071
 20
61.800000000
 30
0.000000000
 11
64.373991071
 21
61.594285714
 31
0.000000000
  0
LINE
  5
B63
330
A02
100
AcDbEntity
  8
ShapeString001
100
AcDbLine
 10
65.986276786
 20
60.256339286
 30
0.000000000
 11
65.986276786
 21
60.740571429
 31
0.000000000
  0
SPLINE
  5
B64
330
A02
100
AcDbEntity
  8
ShapeString001
100
AcDbSpline
210
0
220
0
230
1
 70
8
 71
2
 72
6
 73
3
 74
0
 40
0.000000000
 40
0.000000000
 40
0.000000000
 40
1.000000000
 40
1.000000000
 40
1.000000000
 10
65.804267857
 20
60.186910714
 30
0.000000000
 10
65.905517857
 20
60.209250000
 30
0.000000000
 10
65.986276786
 20
60.256339286
 30
0.000000000
  0
SPLINE
  5
B65
330
A02
100
AcDbEntity
  8
ShapeString001
100
AcDbSpline
210
0
220
0
230
1
 70
8
 71
2
 72
6
 73
3
 74
0
 40
0.000000000
 40
0.000000000
 40
0.000000000
 40
1.000000000
 40
1.000000000
 40
1.000000000
 10
65.574044643
 20
60.164571429
 30
0.000000000
 10
65.703017857
 20
60.164571429
 30
0.000000000
 10
65.804267857
 20
60.186910714
 30
0.000000000
  0
SPLINE
  5
B66
330
A02
100
AcDbEntity
  8
ShapeString001
100
AcDbSpline
210
0
220
0
230
1
 70
8
 71
2
 72
6
 73
3
 74
0
 40
0.000000000
 40
0.000000000
 40
0.000000000
 40
1.000000000
 40
1.000000000
 40
1.000000000
 10
65.078000000
 20
60.348830357
 30
0.000000000
 10
65.243776786
 20
60.164571429
 30
0.000000000
 10
65.574044643
 20
60.164571429
 30
0.000000000
  0
SPLINE
  5
B67
330
A02
100
AcDbEntity
  8
ShapeString001
100
AcDbSpline
210
0
220
0
230
1
 70
8
 71
2
 72
6
 73
3
 74
0
 40
0.000000000
 40
0.000000000
 40
0.000000000
 40
1.000000000
 40
1.000000000
 40
1.000000000
 10
64.912303571
 20
60.896866071
 30
0.000000000
 10
64.912303571
 20
60.533089286
 30
0.000000000
 10
65.078000000
 20
60.348830357
 30
0.000000000
  0
SPLINE
  5
B68
330
A02
100
AcDbEntity
  8
ShapeString001
100
AcDbSpline
210
0
220
0
230
1
 70
8
 71
2
 72
6
 73
3
 74
0
 40
0.000000000
 40
0.000000000
 40
0.000000000
 40
1.000000000
 40
1.000000000
 40
1.000000000
 10
65.078000000
 20
61.446026786
 30
0.000000000
 10
64.912303571
 20
61.261767857
 30
0.000000000
 10
64.912303571
 20
60.896866071
 30
0.000000000
  0
SPLINE
  5
B69
330
A02
100
AcDbEntity
  8
ShapeString001
100
AcDbSpline
210
0
220
0
230
1
 70
8
 71
2
 72
6
 73
3
 74
0
 40
0.000000000
 40
0.000000000
 40
0.000000000
 40
1.000000000
 40
1.000000000
 40
1.000000000
 10
65.574044643
 20
61.630285714
 30
0.000000000
 10
65.243776786
 20
61.630285714
 30
0.000000000
 10
65.078000000
 20
61.446026786
 30
0.000000000
  0
SPLINE
  5
B6A
330
A02
100
AcDbEntity
  8
ShapeString001
100
AcDbSpline
210
0
220
0
230
1
 70
8
 71
2
 72
6
 73
3
 74
0
 40
0.000000000
 40
0.000000000
 40
0.000000000
 40
1.000000000
 40
1.000000000
 40
1.000000000
 10
65.893464286
 20
61.573392857
 30
0.000000000
 10
65.741589286
 20
61.630285714
 30
0.000000000
 10
65.574044643
 20
61.630285714
 30
0.000000000
  0
SPLINE
  5
B6B
330
A02
100
AcDbEntity
  8
ShapeString001
100
AcDbSpline
210
0
220
0
230
1
 70
8
 71
2
 72
6
 73
3
 74
0
 40
0.000000000
 40
0.000000000
 40
0.000000000
 40
1.000000000
 40
1.000000000
 40
1.000000000
 10
66.180339286
 20
61.404000000
 30
0.000000000
 10
66.045339286
 20
61.516580357
 30
0.000000000
 10
65.893464286
 20
61.573392857
 30
0.000000000
  0
LINE
  5
B6C
330
A02
100
AcDbEntity
  8
ShapeString001
100
AcDbLine
 10
66.180339286
 20
61.661142857
 30
0.000000000
 11
66.180339286
 21
61.404000000
 31
0.000000000
  0
SPLINE
  5
B6D
330
A02
100
AcDbEntity
  8
ShapeString001
100
AcDbSpline
210
0
220
0
230
1
 70
8
 71
2
 72
6
 73
3
 74
0
 40
0.000000000
 40
0.000000000
 40
0.000000000
 40
1.000000000
 40
1.000000000
 40
1.000000000
 10
65.888000000
 20
61.787785714
 30
0.000000000
 10
66.046544643
 20
61.744794643
 30
0.000000000
 10
66.180339286
 20
61.661142857
 30
0.000000000
  0
SPLINE
  5
B6E
330
A02
100
AcDbEntity
  8
ShapeString001
100
AcDbSpline
210
0
220
0
230
1
 70
8
 71
2
 72
6
 73
3
 74
0
 40
0.000000000
 40
0.000000000
 40
0.000000000
 40
1.000000000
 40
1.000000000
 40
1.000000000
 10
65.553553571
 20
61.830857143
 30
0.000000000
 10
65.729535714
 20
61.830857143
 30
0.000000000
 10
65.888000000
 20
61.787785714
 30
0.000000000
  0
SPLINE
  5
B6F
330
A02
100
AcDbEntity
  8
ShapeString001
100
AcDbSpline
210
0
220
0
230
1
 70
8
 71
2
 72
6
 73
3
 74
0
 40
0.000000000
 40
0.000000000
 40
0.000000000
 40
1.000000000
 40
1.000000000
 40
1.000000000
 10
64.893580357
 20
61.584401786
 30
0.000000000
 10
65.131678571
 20
61.830857143
 30
0.000000000
 10
65.553553571
 20
61.830857143
 30
0.000000000
  0
SPLINE
  5
B70
330
A02
100
AcDbEntity
  8
ShapeString001
100
AcDbSpline
210
0
220
0
230
1
 70
8
 71
2
 72
6
 73
3
 74
0
 40
0.000000000
 40
0.000000000
 40
0.000000000
 40
1.000000000
 40
1.000000000
 40
1.000000000
 10
64.655562500
 20
60.896866071
 30
0.000000000
 10
64.655562500
 20
61.337946429
 30
0.000000000
 10
64.893580357
 20
61.584401786
 30
0.000000000
  0
SPLINE
  5
B71
330
A02
100
AcDbEntity
  8
ShapeString001
100
AcDbSpline
210
0
220
0
230
1
 70
8
 71
2
 72
6
 73
3
 74
0
 40
0.000000000
 40
0.000000000
 40
0.000000000
 40
1.000000000
 40
1.000000000
 40
1.000000000
 10
64.893580357
 20
60.210455357
 30
0.000000000
 10
64.655562500
 20
60.456910714
 30
0.000000000
 10
64.655562500
 20
60.896866071
 30
0.000000000
  0
SPLINE
  5
B72
330
A02
100
AcDbEntity
  8
ShapeString001
100
AcDbSpline
210
0
220
0
230
1
 70
8
 71
2
 72
6
 73
3
 74
0
 40
0.000000000
 40
0.000000000
 40
0.000000000
 40
1.000000000
 40
1.000000000
 40
1.000000000
 10
65.553553571
 20
59.964000000
 30
0.000000000
 10
65.131678571
 20
59.964000000
 30
0.000000000
 10
64.893580357
 20
60.210455357
 30
0.000000000
  0
SPLINE
  5
B73
330
A02
100
AcDbEntity
  8
ShapeString001
100
AcDbSpline
210
0
220
0
230
1
 70
8
 71
2
 72
6
 73
3
 74
0
 40
0.000000000
 40
0.000000000
 40
0.000000000
 40
1.000000000
 40
1.000000000
 40
1.000000000
 10
65.916366071
 20
60.015348214
 30
0.000000000
 10
65.746410714
 20
59.964000000
 30
0.000000000
 10
65.553553571
 20
59.964000000
 30
0.000000000
  0
SPLINE
  5
B74
330
A02
100
AcDbEntity
  8
ShapeString001
100
AcDbSpline
210
0
220
0
230
1
 70
8
 71
2
 72
6
 73
3
 74
0
 40
0.000000000
 40
0.000000000
 40
0.000000000
 40
1.000000000
 40
1.000000000
 40
1.000000000
 10
66.227348214
 20
60.166982143
 30
0.000000000
 10
66.086321429
 20
60.066696429
 30
0.000000000
 10
65.916366071
 20
60.015348214
 30
0.000000000
  0
LINE
  5
B75
330
A02
100
AcDbEntity
  8
ShapeString001
100
AcDbLine
 10
66.227348214
 20
60.941142857
 30
0.000000000
 11
66.227348214
 21
60.166982143
 31
0.000000000
  0
LINE
  5
B76
330
A02
100
AcDbEntity
  8
ShapeString001
100
AcDbLine
 10
65.588508929
 20
60.941142857
 30
0.000000000
 11
66.227348214
 21
60.941142857
 31
0.000000000
  0
LINE
  5
B77
330
A02
100
AcDbEntity
  8
ShapeString001
100
AcDbLine
 10
65.588508929
 20
60.740571429
 30
0.000000000
 11
65.588508929
 21
60.941142857
 31
0.000000000
  0
LINE
  5
B78
330
A02
100
AcDbEntity
  8
ShapeString001
100
AcDbLine
 10
65.986276786
 20
60.740571429
 30
0.000000000
 11
65.588508929
 21
60.740571429
 31
0.000000000
  0
SPLINE
  5
B79
330
A02
100
AcDbEntity
  8
ShapeString001
100
AcDbSpline
210
0
220
0
230
1
 70
8
 71
2
 72
6
 73
3
 74
0
 40
0.000000000
 40
0.000000000
 40
0.000000000
 40
1.000000000
 40
1.000000000
 40
1.000000000
 10
67.214776786
 20
61.830857143
 30
0.000000000
 10
67.517321429
 20
61.830857143
 30
0.000000000
 10
67.676991071
 20
61.591633929
 30
0.000000000
  0
SPLINE
  5
B7A
330
A02
100
AcDbEntity
  8
ShapeString001
100
AcDbSpline
210
0
220
0
230
1
 70
8
 71
2
 72
6
 73
3
 74
0
 40
0.000000000
 40
0.000000000
 40
0.000000000
 40
1.000000000
 40
1.000000000
 40
1.000000000
 10
66.752482143
 20
61.591633929
 30
0.000000000
 10
66.912232143
 20
61.830857143
 30
0.000000000
 10
67.214776786
 20
61.830857143
 30
0.000000000
  0
SPLINE
  5
B7B
330
A02
100
AcDbEntity
  8
ShapeString001
100
AcDbSpline
210
0
220
0
230
1
 70
8
 71
2
 72
6
 73
3
 74
0
 40
0.000000000
 40
0.000000000
 40
0.000000000
 40
1.000000000
 40
1.000000000
 40
1.000000000
 10
66.592812500
 20
60.896866071
 30
0.000000000
 10
66.592812500
 20
61.352410714
 30
0.000000000
 10
66.752482143
 20
61.591633929
 30
0.000000000
  0
SPLINE
  5
B7C
330
A02
100
AcDbEntity
  8
ShapeString001
100
AcDbSpline
210
0
220
0
230
1
 70
8
 71
2
 72
6
 73
3
 74
0
 40
0.000000000
 40
0.000000000
 40
0.000000000
 40
1.000000000
 40
1.000000000
 40
1.000000000
 10
66.752482143
 20
60.203223214
 30
0.000000000
 10
66.592812500
 20
60.442446429
 30
0.000000000
 10
66.592812500
 20
60.896866071
 30
0.000000000
  0
SPLINE
  5
B7D
330
A02
100
AcDbEntity
  8
ShapeString001
100
AcDbSpline
210
0
220
0
230
1
 70
8
 71
2
 72
6
 73
3
 74
0
 40
0.000000000
 40
0.000000000
 40
0.000000000
 40
1.000000000
 40
1.000000000
 40
1.000000000
 10
67.214776786
 20
59.964000000
 30
0.000000000
 10
66.912232143
 20
59.964000000
 30
0.000000000
 10
66.752482143
 20
60.203223214
 30
0.000000000
  0
SPLINE
  5
B7E
330
A02
100
AcDbEntity
  8
ShapeString001
100
AcDbSpline
210
0
220
0
230
1
 70
8
 71
2
 72
6
 73
3
 74
0
 40
0.000000000
 40
0.000000000
 40
0.000000000
 40
1.000000000
 40
1.000000000
 40
1.000000000
 10
67.676991071
 20
60.203223214
 30
0.000000000
 10
67.517321429
 20
59.964000000
 30
0.000000000
 10
67.214776786
 20
59.964000000
 30
0.000000000
  0
SPLINE
  5
B7F
330
A02
100
AcDbEntity
  8
ShapeString001
100
AcDbSpline
210
0
220
0
230
1
 70
8
 71
2
 72
6
 73
3
 74
0
 40
0.000000000
 40
0.000000000
 40
0.000000000
 40
1.000000000
 40
1.000000000
 40
1.000000000
 10
67.836741071
 20
60.896866071
 30
0.000000000
 10
67.836741071
 20
60.442446429
 30
0.000000000
 10
67.676991071
 20
60.203223214
 30
0.000000000
  0
SPLINE
  5
B80
330
A02
100
AcDbEntity
  8
ShapeString001
100
AcDbSpline
210
0
220
0
230
1
 70
8
 71
2
 72
6
 73
3
 74
0
 40
0.000000000
 40
0.000000000
 40
0.000000000
 40
1.000000000
 40
1.000000000
 40
1.000000000
 10
67.676991071
 20
61.591633929
 30
0.000000000
 10
67.836741071
 20
61.352410714
 30
0.000000000
 10
67.836741071
 20
60.896866071
 30
0.000000000
  0
SPLINE
  5
B81
330
A02
100
AcDbEntity
  8
ShapeString001
100
AcDbSpline
210
0
220
0
230
1
 70
8
 71
2
 72
6
 73
3
 74
0
 40
0.000000000
 40
0.000000000
 40
0.000000000
 40
1.000000000
 40
1.000000000
 40
1.000000000
 10
67.214776786
 20
61.635428571
 30
0.000000000
 10
67.026741071
 20
61.635428571
 30
0.000000000
 10
66.932080357
 20
61.451089286
 30
0.000000000
  0
SPLINE
  5
B82
330
A02
100
AcDbEntity
  8
ShapeString001
100
AcDbSpline
210
0
220
0
230
1
 70
8
 71
2
 72
6
 73
3
 74
0
 40
0.000000000
 40
0.000000000
 40
0.000000000
 40
1.000000000
 40
1.000000000
 40
1.000000000
 10
67.498598214
 20
61.451089286
 30
0.000000000
 10
67.404017857
 20
61.635428571
 30
0.000000000
 10
67.214776786
 20
61.635428571
 30
0.000000000
  0
SPLINE
  5
B83
330
A02
100
AcDbEntity
  8
ShapeString001
100
AcDbSpline
210
0
220
0
230
1
 70
8
 71
2
 72
6
 73
3
 74
0
 40
0.000000000
 40
0.000000000
 40
0.000000000
 40
1.000000000
 40
1.000000000
 40
1.000000000
 10
67.593258929
 20
60.896866071
 30
0.000000000
 10
67.593258929
 20
61.266750000
 30
0.000000000
 10
67.498598214
 20
61.451089286
 30
0.000000000
  0
SPLINE
  5
B84
330
A02
100
AcDbEntity
  8
ShapeString001
100
AcDbSpline
210
0
220
0
230
1
 70
8
 71
2
 72
6
 73
3
 74
0
 40
0.000000000
 40
0.000000000
 40
0.000000000
 40
1.000000000
 40
1.000000000
 40
1.000000000
 10
67.498598214
 20
60.343767857
 30
0.000000000
 10
67.593258929
 20
60.528107143
 30
0.000000000
 10
67.593258929
 20
60.896866071
 30
0.000000000
  0
SPLINE
  5
B85
330
A02
100
AcDbEntity
  8
ShapeString001
100
AcDbSpline
210
0
220
0
230
1
 70
8
 71
2
 72
6
 73
3
 74
0
 40
0.000000000
 40
0.000000000
 40
0.000000000
 40
1.000000000
 40
1.000000000
 40
1.000000000
 10
67.214776786
 20
60.159428571
 30
0.000000000
 10
67.404017857
 20
60.159428571
 30
0.000000000
 10
67.498598214
 20
60.343767857
 30
0.000000000
  0
SPLINE
  5
B86
330
A02
100
AcDbEntity
  8
ShapeString001
100
AcDbSpline
210
0
220
0
230
1
 70
8
 71
2
 72
6
 73
3
 74
0
 40
0.000000000
 40
0.000000000
 40
0.000000000
 40
1.000000000
 40
1.000000000
 40
1.000000000
 10
66.932080357
 20
60.343767857
 30
0.000000000
 10
67.026741071
 20
60.159428571
 30
0.000000000
 10
67.214776786
 20
60.159428571
 30
0.000000000
  0
SPLINE
  5
B87
330
A02
100
AcDbEntity
  8
ShapeString001
100
AcDbSpline
210
0
220
0
230
1
 70
8
 71
2
 72
6
 73
3
 74
0
 40
0.000000000
 40
0.000000000
 40
0.000000000
 40
1.000000000
 40
1.000000000
 40
1.000000000
 10
66.837500000
 20
60.896866071
 30
0.000000000
 10
66.837500000
 20
60.528107143
 30
0.000000000
 10
66.932080357
 20
60.343767857
 30
0.000000000
  0
SPLINE
  5
B88
330
A02
100
AcDbEntity
  8
ShapeString001
100
AcDbSpline
210
0
220
0
230
1
 70
8
 71
2
 72
6
 73
3
 74
0
 40
0.000000000
 40
0.000000000
 40
0.000000000
 40
1.000000000
 40
1.000000000
 40
1.000000000
 10
66.932080357
 20
61.451089286
 30
0.000000000
 10
66.837500000
 20
61.266750000
 30
0.000000000
 10
66.837500000
 20
60.896866071
 30
0.000000000
  0
LINE
  5
B89
330
A02
100
AcDbEntity
  8
ShapeString001
100
AcDbLine
 10
68.262633929
 20
60.308571429
 30
0.000000000
 11
68.516964286
 21
60.308571429
 31
0.000000000
  0
LINE
  5
B8A
330
A02
100
AcDbEntity
  8
ShapeString001
100
AcDbLine
 10
68.262633929
 20
60.000000000
 30
0.000000000
 11
68.262633929
 21
60.308571429
 31
0.000000000
  0
LINE
  5
B8B
330
A02
100
AcDbEntity
  8
ShapeString001
100
AcDbLine
 10
68.516964286
 20
60.000000000
 30
0.000000000
 11
68.262633929
 21
60.000000000
 31
0.000000000
  0
LINE
  5
B8C
330
A02
100
AcDbEntity
  8
ShapeString001
100
AcDbLine
 10
68.516964286
 20
60.308571429
 30
0.000000000
 11
68.516964286
 21
60.000000000
 31
0.000000000
  0
LINE
  5
B8D
330
A02
100
AcDbEntity
  8
ShapeString001
100
AcDbLine
 10
69.051901786
 20
61.800000000
 30
0.000000000
 11
70.007750000
 21
61.800000000
 31
0.000000000
  0
LINE
  5
B8E
330
A02
100
AcDbEntity
  8
ShapeString001
100
AcDbLine
 10
69.051901786
 20
60.894857143
 30
0.000000000
 11
69.051901786
 21
61.800000000
 31
0.000000000
  0
SPLINE
  5
B8F
330
A02
100
AcDbEntity
  8
ShapeString001
100
AcDbSpline
210
0
220
0
230
1
 70
8
 71
2
 72
6
 73
3
 74
0
 40
0.000000000
 40
0.000000000
 40
0.000000000
 40
1.000000000
 40
1.000000000
 40
1.000000000
 10
69.250142857
 20
60.960991071
 30
0.000000000
 10
69.153151786
 20
60.939776786
 30
0.000000000
 10
69.051901786
 20
60.894857143
 30
0.000000000
  0
SPLINE
  5
B90
330
A02
100
AcDbEntity
  8
ShapeString001
100
AcDbSpline
210
0
220
0
230
1
 70
8
 71
2
 72
6
 73
3
 74
0
 40
0.000000000
 40
0.000000000
 40
0.000000000
 40
1.000000000
 40
1.000000000
 40
1.000000000
 10
69.444848214
 20
60.982285714
 30
0.000000000
 10
69.347214286
 20
60.982285714
 30
0.000000000
 10
69.250142857
 20
60.960991071
 30
0.000000000
  0
SPLINE
  5
B91
330
A02
100
AcDbEntity
  8
ShapeString001
100
AcDbSpline
210
0
220
0
230
1
 70
8
 71
2
 72
6
 73
3
 74
0
 40
0.000000000
 40
0.000000000
 40
0.000000000
 40
1.000000000
 40
1.000000000
 40
1.000000000
 10
69.775116071
 20
60.872919643
 30
0.000000000
 10
69.653375000
 20
60.982285714
 30
0.000000000
 10
69.444848214
 20
60.982285714
 30
0.000000000
  0
SPLINE
  5
B92
330
A02
100
AcDbEntity
  8
ShapeString001
100
AcDbSpline
210
0
220
0
230
1
 70
8
 71
2
 72
6
 73
3
 74
0
 40
0.000000000
 40
0.000000000
 40
0.000000000
 40
1.000000000
 40
1.000000000
 40
1.000000000
 10
69.896857143
 20
60.576000000
 30
0.000000000
 10
69.896857143
 20
60.763553571
 30
0.000000000
 10
69.775116071
 20
60.872919643
 30
0.000000000
  0
SPLINE
  5
B93
330
A02
100
AcDbEntity
  8
ShapeString001
100
AcDbSpline
210
0
220
0
230
1
 70
8
 71
2
 72
6
 73
3
 74
0
 40
0.000000000
 40
0.000000000
 40
0.000000000
 40
1.000000000
 40
1.000000000
 40
1.000000000
 10
69.775116071
 20
60.279080357
 30
0.000000000
 10
69.896857143
 20
60.388446429
 30
0.000000000
 10
69.896857143
 20
60.576000000
 30
0.000000000
  0
SPLINE
  5
B94
330
A02
100
AcDbEntity
  8
ShapeString001
100
AcDbSpline
210
0
220
0
230
1
 70
8
 71
2
 72
6
 73
3
 74
0
 40
0.000000000
 40
0.000000000
 40
0.000000000
 40
1.000000000
 40
1.000000000
 40
1.000000000
 10
69.444848214
 20
60.169714286
 30
0.000000000
 10
69.653375000
 20
60.169714286
 30
0.000000000
 10
69.775116071
 20
60.279080357
 30
0.000000000
  0
SPLINE
  5
B95
330
A02
100
AcDbEntity
  8
ShapeString001
100
AcDbSpline
210
0
220
0
230
1
 70
8
 71
2
 72
6
 73
3
 74
0
 40
0.000000000
 40
0.000000000
 40
0.000000000
 40
1.000000000
 40
1.000000000
 40
1.000000000
 10
69.200160714
 20
60.198964286
 30
0.000000000
 10
69.315875000
 20
60.169714286
 30
0.000000000
 10
69.444848214
 20
60.169714286
 30
0.000000000
  0
SPLINE
  5
B96
330
A02
100
AcDbEntity
  8
ShapeString001
100
AcDbSpline
210
0
220
0
230
1
 70
8
 71
2
 72
6
 73
3
 74
0
 40
0.000000000
 40
0.000000000
 40
0.000000000
 40
1.000000000
 40
1.000000000
 40
1.000000000
 10
68.975964286
 20
60.288000000
 30
0.000000000
 10
69.084446429
 20
60.228214286
 30
0.000000000
 10
69.200160714
 20
60.198964286
 30
0.000000000
  0
LINE
  5
B97
330
A02
100
AcDbEntity
  8
ShapeString001
100
AcDbLine
 10
68.975964286
 20
60.041142857
 30
0.000000000
 11
68.975964286
 21
60.288000000
 31
0.000000000
  0
SPLINE
  5
B98
330
A02
100
AcDbEntity
  8
ShapeString001
100
AcDbSpline
210
0
220
0
230
1
 70
8
 71
2
 72
6
 73
3
 74
0
 40
0.000000000
 40
0.000000000
 40
0.000000000
 40
1.000000000
 40
1.000000000
 40
1.000000000
 10
69.218803571
 20
59.983285714
 30
0.000000000
 10
69.101321429
 20
60.002571429
 30
0.000000000
 10
68.975964286
 20
60.041142857
 30
0.000000000
  0
SPLINE
  5
B99
330
A02
100
AcDbEntity
  8
ShapeString001
100
AcDbSpline
210
0
220
0
230
1
 70
8
 71
2
 72
6
 73
3
 74
0
 40
0.000000000
 40
0.000000000
 40
0.000000000
 40
1.000000000
 40
1.000000000
 40
1.000000000
 10
69.449669643
 20
59.964000000
 30
0.000000000
 10
69.336366071
 20
59.964000000
 30
0.000000000
 10
69.218803571
 20
59.983285714
 30
0.000000000
  0
SPLINE
  5
B9A
330
A02
100
AcDbEntity
  8
ShapeString001
100
AcDbSpline
210
0
220
0
230
1
 70
8
 71
2
 72
6
 73
3
 74
0
 40
0.000000000
 40
0.000000000
 40
0.000000000
 40
1.000000000
 40
1.000000000
 40
1.000000000
 10
69.959535714
 20
60.124794643
 30
0.000000000
 10
69.778732143
 20
59.964000000
 30
0.000000000
 10
69.449669643
 20
59.964000000
 30
0.000000000
  0
SPLINE
  5
B9B
330
A02
100
AcDbEntity
  8
ShapeString001
100
AcDbSpline
210
0
220
0
230
1
 70
8
 71
2
 72
6
 73
3
 74
0
 40
0.000000000
 40
0.000000000
 40
0.000000000
 40
1.000000000
 40
1.000000000
 40
1.000000000
 10
70.140339286
 20
60.576000000
 30
0.000000000
 10
70.140339286
 20
60.285669643
 30
0.000000000
 10
69.959535714
 20
60.124794643
 30
0.000000000
  0
SPLINE
  5
B9C
330
A02
100
AcDbEntity
  8
ShapeString001
100
AcDbSpline
210
0
220
0
230
1
 70
8
 71
2
 72
6
 73
3
 74
0
 40
0.000000000
 40
0.000000000
 40
0.000000000
 40
1.000000000
 40
1.000000000
 40
1.000000000
 10
69.964357143
 20
61.022946429
 30
0.000000000
 10
70.140339286
 20
60.857892857
 30
0.000000000
 10
70.140339286
 20
60.576000000
 30
0.000000000
  0
SPLINE
  5
B9D
330
A02
100
AcDbEntity
  8
ShapeString001
100
AcDbSpline
210
0
220
0
230
1
 70
8
 71
2
 72
6
 73
3
 74
0
 40
0.000000000
 40
0.000000000
 40
0.000000000
 40
1.000000000
 40
1.000000000
 40
1.000000000
 10
69.487035714
 20
61.188000000
 30
0.000000000
 10
69.788375000
 20
61.188000000
 30
0.000000000
 10
69.964357143
 20
61.022946429
 30
0.000000000
  0
SPLINE
  5
B9E
330
A02
100
AcDbEntity
  8
ShapeString001
100
AcDbSpline
210
0
220
0
230
1
 70
8
 71
2
 72
6
 73
3
 74
0
 40
0.000000000
 40
0.000000000
 40
0.000000000
 40
1.000000000
 40
1.000000000
 40
1.000000000
 10
69.380964286
 20
61.178919643
 30
0.000000000
 10
69.434000000
 20
61.188000000
 30
0.000000000
 10
69.487035714
 20
61.188000000
 30
0.000000000
  0
SPLINE
  5
B9F
330
A02
100
AcDbEntity
  8
ShapeString001
100
AcDbSpline
210
0
220
0
230
1
 70
8
 71
2
 72
6
 73
3
 74
0
 40
0.000000000
 40
0.000000000
 40
0.000000000
 40
1.000000000
 40
1.000000000
 40
1.000000000
 10
69.274892857
 20
61.151678571
 30
0.000000000
 10
69.327928571
 20
61.169839286
 30
0.000000000
 10
69.380964286
 20
61.178919643
 30
0.000000000
  0
LINE
  5
BA0
330
A02
100
AcDbEntity
  8
ShapeString001
100
AcDbLine
 10
69.274892857
 20
61.594285714
 30
0.000000000
 11
69.274892857
 21
61.151678571
 31
0.000000000
  0
LINE
  5
BA1
330
A02
100
AcDbEntity
  8
ShapeString001
100
AcDbLine
 10
70.007750000
 20
61.594285714
 30
0.000000000
 11
69.274892857
 21
61.594285714
 31
0.000000000
  0
LINE
  5
BA2
330
A02
100
AcDbEntity
  8
ShapeString001
100
AcDbLine
 10
70.007750000
 20
61.800000000
 30
0.000000000
 11
70.007750000
 21
61.594285714
 31
0.000000000
  0
LINE
  5
BA3
330
A02
100
AcDbEntity
  8
ShapeString001
100
AcDbLine
 10
70.474625000
 20
60.771428571
 30
0.000000000
 11
71.124312500
 21
60.771428571
 31
0.000000000
  0
LINE
  5
BA4
330
A02
100
AcDbEntity
  8
ShapeString001
100
AcDbLine
 10
70.474625000
 20
60.576000000
 30
0.000000000
 11
70.474625000
 21
60.771428571
 31
0.000000000
  0
LINE
  5
BA5
330
A02
100
AcDbEntity
  8
ShapeString001
100
AcDbLine
 10
71.124312500
 20
60.576000000
 30
0.000000000
 11
70.474625000
 21
60.576000000
 31
0.000000000
  0
LINE
  5
BA6
330
A02
100
AcDbEntity
  8
ShapeString001
100
AcDbLine
 10
71.124312500
 20
60.771428571
 30
0.000000000
 11
71.124312500
 21
60.576000000
 31
0.000000000
  0
LINE
  5
BA7
330
A02
100
AcDbEntity
  8
ShapeString001
100
AcDbLine
 10
71.486080357
 20
61.800000000
 30
0.000000000
 11
71.729562500
 21
61.800000000
 31
0.000000000
  0
LINE
  5
BA8
330
A02
100
AcDbEntity
  8
ShapeString001
100
AcDbLine
 10
71.486080357
 20
60.000000000
 30
0.000000000
 11
71.486080357
 21
61.800000000
 31
0.000000000
  0
LINE
  5
BA9
330
A02
100
AcDbEntity
  8
ShapeString001
100
AcDbLine
 10
71.729562500
 20
60.000000000
 30
0.000000000
 11
71.486080357
 21
60.000000000
 31
0.000000000
  0
LINE
  5
BAA
330
A02
100
AcDbEntity
  8
ShapeString001
100
AcDbLine
 10
71.729562500
 20
60.853714286
 30
0.000000000
 11
71.729562500
 21
60.000000000
 31
0.000000000
  0
LINE
  5
BAB
330
A02
100
AcDbEntity
  8
ShapeString001
100
AcDbLine
 10
72.614294643
 20
60.853714286
 30
0.000000000
 11
71.729562500
 21
60.853714286
 31
0.000000000
  0
LINE
  5
BAC
330
A02
100
AcDbEntity
  8
ShapeString001
100
AcDbLine
 10
72.614294643
 20
60.000000000
 30
0.000000000
 11
72.614294643
 21
60.853714286
 31
0.000000000
  0
LINE
  5
BAD
330
A02
100
AcDbEntity
  8
ShapeString001
100
AcDbLine
 10
72.857776786
 20
60.000000000
 30
0.000000000
 11
72.614294643
 21
60.000000000
 31
0.000000000
  0
LINE
  5
BAE
330
A02
100
AcDbEntity
  8
ShapeString001
100
AcDbLine
 10
72.857776786
 20
61.800000000
 30
0.000000000
 11
72.857776786
 21
60.000000000
 31
0.000000000
  0
LINE
  5
BAF
330
A02
100
AcDbEntity
  8
ShapeString001
100
AcDbLine
 10
72.614294643
 20
61.800000000
 30
0.000000000
 11
72.857776786
 21
61.800000000
 31
0.000000000
  0
LINE
  5
BB0
330
A02
100
AcDbEntity
  8
ShapeString001
100
AcDbLine
 10
72.614294643
 20
61.059428571
 30
0.000000000
 11
72.614294643
 21
61.800000000
 31
0.000000000
  0
LINE
  5
BB1
330
A02
100
AcDbEntity
  8
ShapeString001
100
AcDbLine
 10
71.729562500
 20
61.059428571
 30
0.000000000
 11
72.614294643
 21
61.059428571
 31
0.000000000
  0
LINE
  5
BB2
330
A02
100
AcDbEntity
  8
ShapeString001
100
AcDbLine
 10
71.729562500
 20
61.800000000
 30
0.000000000
 11
71.729562500
 21
61.059428571
 31
0.000000000
  0
LINE
  5
BB3
330
A02
100
AcDbEntity
  8
ShapeString001
100
AcDbLine
 10
73.574080357
 20
60.205714286
 30
0.000000000
 11
74.423857143
 21
60.205714286
 31
0.000000000
  0
SPLINE
  5
BB4
330
A02
100
AcDbEntity
  8
ShapeString001
100
AcDbSpline
210
0
220
0
230
1
 70
8
 71
2
 72
6
 73
3
 74
0
 40
0.000000000
 40
0.000000000
 40
0.000000000
 40
1.000000000
 40
1.000000000
 40
1.000000000
 10
74.029705357
 20
60.672187500
 30
0.000000000
 10
73.868187500
 20
60.505446429
 30
0.000000000
 10
73.574080357
 20
60.205714286
 30
0.000000000
  0
SPLINE
  5
BB5
330
A02
100
AcDbEntity
  8
ShapeString001
100
AcDbSpline
210
0
220
0
230
1
 70
8
 71
2
 72
6
 73
3
 74
0
 40
0.000000000
 40
0.000000000
 40
0.000000000
 40
1.000000000
 40
1.000000000
 40
1.000000000
 10
74.221357143
 20
60.873803571
 30
0.000000000
 10
74.191223214
 20
60.838928571
 30
0.000000000
 10
74.029705357
 20
60.672187500
 30
0.000000000
  0
SPLINE
  5
BB6
330
A02
100
AcDbEntity
  8
ShapeString001
100
AcDbSpline
210
0
220
0
230
1
 70
8
 71
2
 72
6
 73
3
 74
0
 40
0.000000000
 40
0.000000000
 40
0.000000000
 40
1.000000000
 40
1.000000000
 40
1.000000000
 10
74.372589286
 20
61.107964286
 30
0.000000000
 10
74.331044643
 20
61.008642857
 30
0.000000000
 10
74.221357143
 20
60.873803571
 30
0.000000000
  0
SPLINE
  5
BB7
330
A02
100
AcDbEntity
  8
ShapeString001
100
AcDbSpline
210
0
220
0
230
1
 70
8
 71
2
 72
6
 73
3
 74
0
 40
0.000000000
 40
0.000000000
 40
0.000000000
 40
1.000000000
 40
1.000000000
 40
1.000000000
 10
74.414214286
 20
61.318017857
 30
0.000000000
 10
74.414214286
 20
61.207285714
 30
0.000000000
 10
74.372589286
 20
61.107964286
 30
0.000000000
  0
SPLINE
  5
BB8
330
A02
100
AcDbEntity
  8
ShapeString001
100
AcDbSpline
210
0
220
0
230
1
 70
8
 71
2
 72
6
 73
3
 74
0
 40
0.000000000
 40
0.000000000
 40
0.000000000
 40
1.000000000
 40
1.000000000
 40
1.000000000
 10
74.247875000
 20
61.691196429
 30
0.000000000
 10
74.414214286
 20
61.551535714
 30
0.000000000
 10
74.414214286
 20
61.318017857
 30
0.000000000
  0
SPLINE
  5
BB9
330
A02
100
AcDbEntity
  8
ShapeString001
100
AcDbSpline
210
0
220
0
230
1
 70
8
 71
2
 72
6
 73
3
 74
0
 40
0.000000000
 40
0.000000000
 40
0.000000000
 40
1.000000000
 40
1.000000000
 40
1.000000000
 10
73.801892857
 20
61.830857143
 30
0.000000000
 10
74.081535714
 20
61.830857143
 30
0.000000000
 10
74.247875000
 20
61.691196429
 30
0.000000000
  0
SPLINE
  5
BBA
330
A02
100
AcDbEntity
  8
ShapeString001
100
AcDbSpline
210
0
220
0
230
1
 70
8
 71
2
 72
6
 73
3
 74
0
 40
0.000000000
 40
0.000000000
 40
0.000000000
 40
1.000000000
 40
1.000000000
 40
1.000000000
 10
73.568053571
 20
61.800964286
 30
0.000000000
 10
73.695821429
 20
61.830857143
 30
0.000000000
 10
73.801892857
 20
61.830857143
 30
0.000000000
  0
SPLINE
  5
BBB
330
A02
100
AcDbEntity
  8
ShapeString001
100
AcDbSpline
210
0
220
0
230
1
 70
8
 71
2
 72
6
 73
3
 74
0
 40
0.000000000
 40
0.000000000
 40
0.000000000
 40
1.000000000
 40
1.000000000
 40
1.000000000
 10
73.293232143
 20
61.712571429
 30
0.000000000
 10
73.440285714
 20
61.771151786
 30
0.000000000
 10
73.568053571
 20
61.800964286
 30
0.000000000
  0
LINE
  5
BBC
330
A02
100
AcDbEntity
  8
ShapeString001
100
AcDbLine
 10
73.293232143
 20
61.465714286
 30
0.000000000
 11
73.293232143
 21
61.712571429
 31
0.000000000
  0
SPLINE
  5
BBD
330
A02
100
AcDbEntity
  8
ShapeString001
100
AcDbSpline
210
0
220
0
230
1
 70
8
 71
2
 72
6
 73
3
 74
0
 40
0.000000000
 40
0.000000000
 40
0.000000000
 40
1.000000000
 40
1.000000000
 40
1.000000000
 10
73.565000000
 20
61.585526786
 30
0.000000000
 10
73.437875000
 20
61.545991071
 30
0.000000000
 10
73.293232143
 20
61.465714286
 30
0.000000000
  0
SPLINE
  5
BBE
330
A02
100
AcDbEntity
  8
ShapeString001
100
AcDbSpline
210
0
220
0
230
1
 70
8
 71
2
 72
6
 73
3
 74
0
 40
0.000000000
 40
0.000000000
 40
0.000000000
 40
1.000000000
 40
1.000000000
 40
1.000000000
 10
73.806714286
 20
61.625142857
 30
0.000000000
 10
73.692205357
 20
61.625142857
 30
0.000000000
 10
73.565000000
 20
61.585526786
 30
0.000000000
  0
SPLINE
  5
BBF
330
A02
100
AcDbEntity
  8
ShapeString001
100
AcDbSpline
210
0
220
0
230
1
 70
8
 71
2
 72
6
 73
3
 74
0
 40
0.000000000
 40
0.000000000
 40
0.000000000
 40
1.000000000
 40
1.000000000
 40
1.000000000
 10
74.068839286
 20
61.534901786
 30
0.000000000
 10
73.968232143
 20
61.625142857
 30
0.000000000
 10
73.806714286
 20
61.625142857
 30
0.000000000
  0
SPLINE
  5
BC0
330
A02
100
AcDbEntity
  8
ShapeString001
100
AcDbSpline
210
0
220
0
230
1
 70
8
 71
2
 72
6
 73
3
 74
0
 40
0.000000000
 40
0.000000000
 40
0.000000000
 40
1.000000000
 40
1.000000000
 40
1.000000000
 10
74.169526786
 20
61.301544643
 30
0.000000000
 10
74.169526786
 20
61.444741071
 30
0.000000000
 10
74.068839286
 20
61.534901786
 30
0.000000000
  0
SPLINE
  5
BC1
330
A02
100
AcDbEntity
  8
ShapeString001
100
AcDbSpline
210
0
220
0
230
1
 70
8
 71
2
 72
6
 73
3
 74
0
 40
0.000000000
 40
0.000000000
 40
0.000000000
 40
1.000000000
 40
1.000000000
 40
1.000000000
 10
74.123080357
 20
61.122910714
 30
0.000000000
 10
74.169526786
 20
61.213714286
 30
0.000000000
 10
74.169526786
 20
61.301544643
 30
0.000000000
  0
SPLINE
  5
BC2
330
A02
100
AcDbEntity
  8
ShapeString001
100
AcDbSpline
210
0
220
0
230
1
 70
8
 71
2
 72
6
 73
3
 74
0
 40
0.000000000
 40
0.000000000
 40
0.000000000
 40
1.000000000
 40
1.000000000
 40
1.000000000
 10
73.959794643
 20
60.900964286
 30
0.000000000
 10
74.076714286
 20
61.032107143
 30
0.000000000
 10
74.123080357
 20
61.122910714
 30
0.000000000
  0
SPLINE
  5
BC3
330
A02
100
AcDbEntity
  8
ShapeString001
100
AcDbSpline
210
0
220
0
230
1
 70
8
 71
2
 72
6
 73
3
 74
0
 40
0.000000000
 40
0.000000000
 40
0.000000000
 40
1.000000000
 40
1.000000000
 40
1.000000000
 10
73.659017857
 20
60.589982143
 30
0.000000000
 10
73.898321429
 20
60.831214286
 30
0.000000000
 10
73.959794643
 20
60.900964286
 30
0.000000000
  0
SPLINE
  5
BC4
330
A02
100
AcDbEntity
  8
ShapeString001
100
AcDbSpline
210
0
220
0
230
1
 70
8
 71
2
 72
6
 73
3
 74
0
 40
0.000000000
 40
0.000000000
 40
0.000000000
 40
1.000000000
 40
1.000000000
 40
1.000000000
 10
73.281178571
 20
60.205714286
 30
0.000000000
 10
73.419794643
 20
60.348830357
 30
0.000000000
 10
73.659017857
 20
60.589982143
 30
0.000000000
  0
LINE
  5
BC5
330
A02
100
AcDbEntity
  8
ShapeString001
100
AcDbLine
 10
73.281178571
 20
60.000000000
 30
0.000000000
 11
73.281178571
 21
60.205714286
 31
0.000000000
  0
LINE
  5
BC6
330
A02
100
AcDbEntity
  8
ShapeString001
100
AcDbLine
 10
74.423857143
 20
60.000000000
 30
0.000000000
 11
73.281178571
 21
60.000000000
 31
0.000000000
  0
LINE
  5
BC7
330
A02
100
AcDbEntity
  8
ShapeString001
100
AcDbLine
 10
74.423857143
 20
60.205714286
 30
0.000000000
 11
74.423857143
 21
60.000000000
 31
0.000000000
  0
LINE
  5
BC8
330
A02
100
AcDbEntity
  8
ShapeString001
100
AcDbLine
 10
74.932919643
 20
60.308571429
 30
0.000000000
 11
75.187250000
 21
60.308571429
 31
0.000000000
  0
LINE
  5
BC9
330
A02
100
AcDbEntity
  8
ShapeString001
100
AcDbLine
 10
74.932919643
 20
60.000000000
 30
0.000000000
 11
74.932919643
 21
60.308571429
 31
0.000000000
  0
LINE
  5
BCA
330
A02
100
AcDbEntity
  8
ShapeString001
100
AcDbLine
 10
75.187250000
 20
60.000000000
 30
0.000000000
 11
74.932919643
 21
60.000000000
 31
0.000000000
  0
LINE
  5
BCB
330
A02
100
AcDbEntity
  8
ShapeString001
100
AcDbLine
 10
75.187250000
 20
60.308571429
 30
0.000000000
 11
75.187250000
 21
60.000000000
 31
0.000000000
  0
SPLINE
  5
BCC
330
A02
100
AcDbEntity
  8
ShapeString001
100
AcDbSpline
210
0
220
0
230
1
 70
8
 71
2
 72
6
 73
3
 74
0
 40
0.000000000
 40
0.000000000
 40
0.000000000
 40
1.000000000
 40
1.000000000
 40
1.000000000
 10
76.240491071
 20
61.830857143
 30
0.000000000
 10
76.543035714
 20
61.830857143
 30
0.000000000
 10
76.702705357
 20
61.591633929
 30
0.000000000
  0
SPLINE
  5
BCD
330
A02
100
AcDbEntity
  8
ShapeString001
100
AcDbSpline
210
0
220
0
230
1
 70
8
 71
2
 72
6
 73
3
 74
0
 40
0.000000000
 40
0.000000000
 40
0.000000000
 40
1.000000000
 40
1.000000000
 40
1.000000000
 10
75.778196429
 20
61.591633929
 30
0.000000000
 10
75.937946429
 20
61.830857143
 30
0.000000000
 10
76.240491071
 20
61.830857143
 30
0.000000000
  0
SPLINE
  5
BCE
330
A02
100
AcDbEntity
  8
ShapeString001
100
AcDbSpline
210
0
220
0
230
1
 70
8
 71
2
 72
6
 73
3
 74
0
 40
0.000000000
 40
0.000000000
 40
0.000000000
 40
1.000000000
 40
1.000000000
 40
1.000000000
 10
75.618526786
 20
60.896866071
 30
0.000000000
 10
75.618526786
 20
61.352410714
 30
0.000000000
 10
75.778196429
 20
61.591633929
 30
0.000000000
  0
SPLINE
  5
BCF
330
A02
100
AcDbEntity
  8
ShapeString001
100
AcDbSpline
210
0
220
0
230
1
 70
8
 71
2
 72
6
 73
3
 74
0
 40
0.000000000
 40
0.000000000
 40
0.000000000
 40
1.000000000
 40
1.000000000
 40
1.000000000
 10
75.778196429
 20
60.203223214
 30
0.000000000
 10
75.618526786
 20
60.442446429
 30
0.000000000
 10
75.618526786
 20
60.896866071
 30
0.000000000
  0
SPLINE
  5
BD0
330
A02
100
AcDbEntity
  8
ShapeString001
100
AcDbSpline
210
0
220
0
230
1
 70
8
 71
2
 72
6
 73
3
 74
0
 40
0.000000000
 40
0.000000000
 40
0.000000000
 40
1.000000000
 40
1.000000000
 40
1.000000000
 10
76.240491071
 20
59.964000000
 30
0.000000000
 10
75.937946429
 20
59.964000000
 30
0.000000000
 10
75.778196429
 20
60.203223214
 30
0.000000000
  0
SPLINE
  5
BD1
330
A02
100
AcDbEntity
  8
ShapeString001
100
AcDbSpline
210
0
220
0
230
1
 70
8
 71
2
 72
6
 73
3
 74
0
 40
0.000000000
 40
0.000000000
 40
0.000000000
 40
1.000000000
 40
1.000000000
 40
1.000000000
 10
76.702705357
 20
60.203223214
 30
0.000000000
 10
76.543035714
 20
59.964000000
 30
0.000000000
 10
76.240491071
 20
59.964000000
 30
0.000000000
  0
SPLINE
  5
BD2
330
A02
100
AcDbEntity
  8
ShapeString001
100
AcDbSpline
210
0
220
0
230
1
 70
8
 71
2
 72
6
 73
3
 74
0
 40
0.000000000
 40
0.000000000
 40
0.000000000
 40
1.000000000
 40
1.000000000
 40
1.000000000
 10
76.862455357
 20
60.896866071
 30
0.000000000
 10
76.862455357
 20
60.442446429
 30
0.000000000
 10
76.702705357
 20
60.203223214
 30
0.000000000
  0
SPLINE
  5
BD3
330
A02
100
AcDbEntity
  8
ShapeString001
100
AcDbSpline
210
0
220
0
230
1
 70
8
 71
2
 72
6
 73
3
 74
0
 40
0.000000000
 40
0.000000000
 40
0.000000000
 40
1.000000000
 40
1.000000000
 40
1.000000000
 10
76.702705357
 20
61.591633929
 30
0.000000000
 10
76.862455357
 20
61.352410714
 30
0.000000000
 10
76.862455357
 20
60.896866071
 30
0.000000000
  0
SPLINE
  5
BD4
330
A02
100
AcDbEntity
  8
ShapeString001
100
AcDbSpline
210
0
220
0
230
1
 70
8
 71
2
 72
6
 73
3
 74
0
 40
0.000000000
 40
0.000000000
 40
0.000000000
 40
1.000000000
 40
1.000000000
 40
1.000000000
 10
76.240491071
 20
61.635428571
 30
0.000000000
 10
76.052455357
 20
61.635428571
 30
0.000000000
 10
75.957794643
 20
61.451089286
 30
0.000000000
  0
SPLINE
  5
BD5
330
A02
100
AcDbEntity
  8
ShapeString001
100
AcDbSpline
210
0
220
0
230
1
 70
8
 71
2
 72
6
 73
3
 74
0
 40
0.000000000
 40
0.000000000
 40
0.000000000
 40
1.000000000
 40
1.000000000
 40
1.000000000
 10
76.524312500
 20
61.451089286
 30
0.000000000
 10
76.429732143
 20
61.635428571
 30
0.000000000
 10
76.240491071
 20
61.635428571
 30
0.000000000
  0
SPLINE
  5
BD6
330
A02
100
AcDbEntity
  8
ShapeString001
100
AcDbSpline
210
0
220
0
230
1
 70
8
 71
2
 72
6
 73
3
 74
0
 40
0.000000000
 40
0.000000000
 40
0.000000000
 40
1.000000000
 40
1.000000000
 40
1.000000000
 10
76.618973214
 20
60.896866071
 30
0.000000000
 10
76.618973214
 20
61.266750000
 30
0.000000000
 10
76.524312500
 20
61.451089286
 30
0.000000000
  0
SPLINE
  5
BD7
330
A02
100
AcDbEntity
  8
ShapeString001
100
AcDbSpline
210
0
220
0
230
1
 70
8
 71
2
 72
6
 73
3
 74
0
 40
0.000000000
 40
0.000000000
 40
0.000000000
 40
1.000000000
 40
1.000000000
 40
1.000000000
 10
76.524312500
 20
60.343767857
 30
0.000000000
 10
76.618973214
 20
60.528107143
 30
0.000000000
 10
76.618973214
 20
60.896866071
 30
0.000000000
  0
SPLINE
  5
BD8
330
A02
100
AcDbEntity
  8
ShapeString001
100
AcDbSpline
210
0
220
0
230
1
 70
8
 71
2
 72
6
 73
3
 74
0
 40
0.000000000
 40
0.000000000
 40
0.000000000
 40
1.000000000
 40
1.000000000
 40
1.000000000
 10
76.240491071
 20
60.159428571
 30
0.000000000
 10
76.429732143
 20
60.159428571
 30
0.000000000
 10
76.524312500
 20
60.343767857
 30
0.000000000
  0
SPLINE
  5
BD9
330
A02
100
AcDbEntity
  8
ShapeString001
100
AcDbSpline
210
0
220
0
230
1
 70
8
 71
2
 72
6
 73
3
 74
0
 40
0.000000000
 40
0.000000000
 40
0.000000000
 40
1.000000000
 40
1.000000000
 40
1.000000000
 10
75.957794643
 20
60.343767857
 30
0.000000000
 10
76.052455357
 20
60.159428571
 30
0.000000000
 10
76.240491071
 20
60.159428571
 30
0.000000000
  0
SPLINE
  5
BDA
330
A02
100
AcDbEntity
  8
ShapeString001
100
AcDbSpline
210
0
220
0
230
1
 70
8
 71
2
 72
6
 73
3
 74
0
 40
0.000000000
 40
0.000000000
 40
0.000000000
 40
1.000000000
 40
1.000000000
 40
1.000000000
 10
75.863214286
 20
60.896866071
 30
0.000000000
 10
75.863214286
 20
60.528107143
 30
0.000000000
 10
75.957794643
 20
60.343767857
 30
0.000000000
  0
SPLINE
  5
BDB
330
A02
100
AcDbEntity
  8
ShapeString001
100
AcDbSpline
210
0
220
0
230
1
 70
8
 71
2
 72
6
 73
3
 74
0
 40
0.000000000
 40
0.000000000
 40
0.000000000
 40
1.000000000
 40
1.000000000
 40
1.000000000
 10
75.957794643
 20
61.451089286
 30
0.000000000
 10
75.863214286
 20
61.266750000
 30
0.000000000
 10
75.863214286
 20
60.896866071
 30
0.000000000
  0
LINE
  5
BDC
330
A02
100
AcDbEntity
  8
ShapeString001
100
AcDbLine
 10
77.144910714
 20
60.771428571
 30
0.000000000
 11
77.794598214
 21
60.771428571
 31
0.000000000
  0
LINE
  5
BDD
330
A02
100
AcDbEntity
  8
ShapeString001
100
AcDbLine
 10
77.144910714
 20
60.576000000
 30
0.000000000
 11
77.144910714
 21
60.771428571
 31
0.000000000
  0
LINE
  5
BDE
330
A02
100
AcDbEntity
  8
ShapeString001
100
AcDbLine
 10
77.794598214
 20
60.576000000
 30
0.000000000
 11
77.144910714
 21
60.576000000
 31
0.000000000
  0
LINE
  5
BDF
330
A02
100
AcDbEntity
  8
ShapeString001
100
AcDbLine
 10
77.794598214
 20
60.771428571
 30
0.000000000
 11
77.794598214
 21
60.576000000
 31
0.000000000
  0
SPLINE
  5
BE0
330
A02
100
AcDbEntity
  8
ShapeString001
100
AcDbSpline
210
0
220
0
230
1
 70
8
 71
2
 72
6
 73
3
 74
0
 40
0.000000000
 40
0.000000000
 40
0.000000000
 40
1.000000000
 40
1.000000000
 40
1.000000000
 10
78.915741071
 20
60.967580357
 30
0.000000000
 10
79.090517857
 20
60.930294643
 30
0.000000000
 10
79.188714286
 20
60.812330357
 30
0.000000000
  0
SPLINE
  5
BE1
330
A02
100
AcDbEntity
  8
ShapeString001
100
AcDbSpline
210
0
220
0
230
1
 70
8
 71
2
 72
6
 73
3
 74
0
 40
0.000000000
 40
0.000000000
 40
0.000000000
 40
1.000000000
 40
1.000000000
 40
1.000000000
 10
79.159223214
 20
61.110616071
 30
0.000000000
 10
79.073642857
 20
61.007437500
 30
0.000000000
 10
78.915741071
 20
60.967580357
 30
0.000000000
  0
SPLINE
  5
BE2
330
A02
100
AcDbEntity
  8
ShapeString001
100
AcDbSpline
210
0
220
0
230
1
 70
8
 71
2
 72
6
 73
3
 74
0
 40
0.000000000
 40
0.000000000
 40
0.000000000
 40
1.000000000
 40
1.000000000
 40
1.000000000
 10
79.244803571
 20
61.363580357
 30
0.000000000
 10
79.244803571
 20
61.213875000
 30
0.000000000
 10
79.159223214
 20
61.110616071
 30
0.000000000
  0
SPLINE
  5
BE3
330
A02
100
AcDbEntity
  8
ShapeString001
100
AcDbSpline
210
0
220
0
230
1
 70
8
 71
2
 72
6
 73
3
 74
0
 40
0.000000000
 40
0.000000000
 40
0.000000000
 40
1.000000000
 40
1.000000000
 40
1.000000000
 10
79.083285714
 20
61.704696429
 30
0.000000000
 10
79.244803571
 20
61.578535714
 30
0.000000000
 10
79.244803571
 20
61.363580357
 30
0.000000000
  0
SPLINE
  5
BE4
330
A02
100
AcDbEntity
  8
ShapeString001
100
AcDbSpline
210
0
220
0
230
1
 70
8
 71
2
 72
6
 73
3
 74
0
 40
0.000000000
 40
0.000000000
 40
0.000000000
 40
1.000000000
 40
1.000000000
 40
1.000000000
 10
78.644535714
 20
61.830857143
 30
0.000000000
 10
78.921767857
 20
61.830857143
 30
0.000000000
 10
79.083285714
 20
61.704696429
 30
0.000000000
  0
SPLINE
  5
BE5
330
A02
100
AcDbEntity
  8
ShapeString001
100
AcDbSpline
210
0
220
0
230
1
 70
8
 71
2
 72
6
 73
3
 74
0
 40
0.000000000
 40
0.000000000
 40
0.000000000
 40
1.000000000
 40
1.000000000
 40
1.000000000
 10
78.416080357
 20
61.811571429
 30
0.000000000
 10
78.537258929
 20
61.830857143
 30
0.000000000
 10
78.644535714
 20
61.830857143
 30
0.000000000
  0
SPLINE
  5
BE6
330
A02
100
AcDbEntity
  8
ShapeString001
100
AcDbSpline
210
0
220
0
230
1
 70
8
 71
2
 72
6
 73
3
 74
0
 40
0.000000000
 40
0.000000000
 40
0.000000000
 40
1.000000000
 40
1.000000000
 40
1.000000000
 10
78.156366071
 20
61.753714286
 30
0.000000000
 10
78.294982143
 20
61.792285714
 30
0.000000000
 10
78.416080357
 20
61.811571429
 30
0.000000000
  0
LINE
  5
BE7
330
A02
100
AcDbEntity
  8
ShapeString001
100
AcDbLine
 10
78.156366071
 20
61.537714286
 30
0.000000000
 11
78.156366071
 21
61.753714286
 31
0.000000000
  0
SPLINE
  5
BE8
330
A02
100
AcDbEntity
  8
ShapeString001
100
AcDbSpline
210
0
220
0
230
1
 70
8
 71
2
 72
6
 73
3
 74
0
 40
0.000000000
 40
0.000000000
 40
0.000000000
 40
1.000000000
 40
1.000000000
 40
1.000000000
 10
78.408285714
 20
61.603848214
 30
0.000000000
 10
78.293776786
 20
61.582633929
 30
0.000000000
 10
78.156366071
 20
61.537714286
 30
0.000000000
  0
SPLINE
  5
BE9
330
A02
100
AcDbEntity
  8
ShapeString001
100
AcDbSpline
210
0
220
0
230
1
 70
8
 71
2
 72
6
 73
3
 74
0
 40
0.000000000
 40
0.000000000
 40
0.000000000
 40
1.000000000
 40
1.000000000
 40
1.000000000
 10
78.622839286
 20
61.625142857
 30
0.000000000
 10
78.522794643
 20
61.625142857
 30
0.000000000
 10
78.408285714
 20
61.603848214
 30
0.000000000
  0
SPLINE
  5
BEA
330
A02
100
AcDbEntity
  8
ShapeString001
100
AcDbSpline
210
0
220
0
230
1
 70
8
 71
2
 72
6
 73
3
 74
0
 40
0.000000000
 40
0.000000000
 40
0.000000000
 40
1.000000000
 40
1.000000000
 40
1.000000000
 10
78.904250000
 20
61.550973214
 30
0.000000000
 10
78.806053571
 20
61.625142857
 30
0.000000000
 10
78.622839286
 20
61.625142857
 30
0.000000000
  0
SPLINE
  5
BEB
330
A02
100
AcDbEntity
  8
ShapeString001
100
AcDbSpline
210
0
220
0
230
1
 70
8
 71
2
 72
6
 73
3
 74
0
 40
0.000000000
 40
0.000000000
 40
0.000000000
 40
1.000000000
 40
1.000000000
 40
1.000000000
 10
79.002526786
 20
61.338026786
 30
0.000000000
 10
79.002526786
 20
61.476803571
 30
0.000000000
 10
78.904250000
 20
61.550973214
 30
0.000000000
  0
SPLINE
  5
BEC
330
A02
100
AcDbEntity
  8
ShapeString001
100
AcDbSpline
210
0
220
0
230
1
 70
8
 71
2
 72
6
 73
3
 74
0
 40
0.000000000
 40
0.000000000
 40
0.000000000
 40
1.000000000
 40
1.000000000
 40
1.000000000
 10
78.907303571
 20
61.131187500
 30
0.000000000
 10
79.002526786
 20
61.202946429
 30
0.000000000
 10
79.002526786
 20
61.338026786
 30
0.000000000
  0
SPLINE
  5
BED
330
A02
100
AcDbEntity
  8
ShapeString001
100
AcDbSpline
210
0
220
0
230
1
 70
8
 71
2
 72
6
 73
3
 74
0
 40
0.000000000
 40
0.000000000
 40
0.000000000
 40
1.000000000
 40
1.000000000
 40
1.000000000
 10
78.632482143
 20
61.059428571
 30
0.000000000
 10
78.812080357
 20
61.059428571
 30
0.000000000
 10
78.907303571
 20
61.131187500
 30
0.000000000
  0
LINE
  5
BEE
330
A02
100
AcDbEntity
  8
ShapeString001
100
AcDbLine
 10
78.413107143
 20
61.059428571
 30
0.000000000
 11
78.632482143
 21
61.059428571
 31
0.000000000
  0
LINE
  5
BEF
330
A02
100
AcDbEntity
  8
ShapeString001
100
AcDbLine
 10
78.413107143
 20
60.858857143
 30
0.000000000
 11
78.413107143
 21
61.059428571
 31
0.000000000
  0
LINE
  5
BF0
330
A02
100
AcDbEntity
  8
ShapeString001
100
AcDbLine
 10
78.622839286
 20
60.858857143
 30
0.000000000
 11
78.413107143
 21
60.858857143
 31
0.000000000
  0
SPLINE
  5
BF1
330
A02
100
AcDbEntity
  8
ShapeString001
100
AcDbSpline
210
0
220
0
230
1
 70
8
 71
2
 72
6
 73
3
 74
0
 40
0.000000000
 40
0.000000000
 40
0.000000000
 40
1.000000000
 40
1.000000000
 40
1.000000000
 10
78.933178571
 20
60.769419643
 30
0.000000000
 10
78.821723214
 20
60.858857143
 30
0.000000000
 10
78.622839286
 20
60.858857143
 30
0.000000000
  0
SPLINE
  5
BF2
330
A02
100
AcDbEntity
  8
ShapeString001
100
AcDbSpline
210
0
220
0
230
1
 70
8
 71
2
 72
6
 73
3
 74
0
 40
0.000000000
 40
0.000000000
 40
0.000000000
 40
1.000000000
 40
1.000000000
 40
1.000000000
 10
79.044714286
 20
60.521517857
 30
0.000000000
 10
79.044714286
 20
60.679982143
 30
0.000000000
 10
78.933178571
 20
60.769419643
 30
0.000000000
  0
SPLINE
  5
BF3
330
A02
100
AcDbEntity
  8
ShapeString001
100
AcDbSpline
210
0
220
0
230
1
 70
8
 71
2
 72
6
 73
3
 74
0
 40
0.000000000
 40
0.000000000
 40
0.000000000
 40
1.000000000
 40
1.000000000
 40
1.000000000
 10
78.924741071
 20
60.259714286
 30
0.000000000
 10
79.044714286
 20
60.349794643
 30
0.000000000
 10
79.044714286
 20
60.521517857
 30
0.000000000
  0
SPLINE
  5
BF4
330
A02
100
AcDbEntity
  8
ShapeString001
100
AcDbSpline
210
0
220
0
230
1
 70
8
 71
2
 72
6
 73
3
 74
0
 40
0.000000000
 40
0.000000000
 40
0.000000000
 40
1.000000000
 40
1.000000000
 40
1.000000000
 10
78.575830357
 20
60.169714286
 30
0.000000000
 10
78.804848214
 20
60.169714286
 30
0.000000000
 10
78.924741071
 20
60.259714286
 30
0.000000000
  0
SPLINE
  5
BF5
330
A02
100
AcDbEntity
  8
ShapeString001
100
AcDbSpline
210
0
220
0
230
1
 70
8
 71
2
 72
6
 73
3
 74
0
 40
0.000000000
 40
0.000000000
 40
0.000000000
 40
1.000000000
 40
1.000000000
 40
1.000000000
 10
78.323910714
 20
60.199526786
 30
0.000000000
 10
78.444446429
 20
60.169714286
 30
0.000000000
 10
78.575830357
 20
60.169714286
 30
0.000000000
  0
SPLINE
  5
BF6
330
A02
100
AcDbEntity
  8
ShapeString001
100
AcDbSpline
210
0
220
0
230
1
 70
8
 71
2
 72
6
 73
3
 74
0
 40
0.000000000
 40
0.000000000
 40
0.000000000
 40
1.000000000
 40
1.000000000
 40
1.000000000
 10
78.102125000
 20
60.288000000
 30
0.000000000
 10
78.203375000
 20
60.229419643
 30
0.000000000
 10
78.323910714
 20
60.199526786
 30
0.000000000
  0
LINE
  5
BF7
330
A02
100
AcDbEntity
  8
ShapeString001
100
AcDbLine
 10
78.102125000
 20
60.051428571
 30
0.000000000
 11
78.102125000
 21
60.288000000
 31
0.000000000
  0
SPLINE
  5
BF8
330
A02
100
AcDbEntity
  8
ShapeString001
100
AcDbSpline
210
0
220
0
230
1
 70
8
 71
2
 72
6
 73
3
 74
0
 40
0.000000000
 40
0.000000000
 40
0.000000000
 40
1.000000000
 40
1.000000000
 40
1.000000000
 10
78.349785714
 20
59.985857143
 30
0.000000000
 10
78.229892857
 20
60.007714286
 30
0.000000000
 10
78.102125000
 20
60.051428571
 30
0.000000000
  0
SPLINE
  5
BF9
330
A02
100
AcDbEntity
  8
ShapeString001
100
AcDbSpline
210
0
220
0
230
1
 70
8
 71
2
 72
6
 73
3
 74
0
 40
0.000000000
 40
0.000000000
 40
0.000000000
 40
1.000000000
 40
1.000000000
 40
1.000000000
 10
78.583062500
 20
59.964000000
 30
0.000000000
 10
78.469758929
 20
59.964000000
 30
0.000000000
 10
78.349785714
 20
59.985857143
 30
0.000000000
  0
SPLINE
  5
BFA
330
A02
100
AcDbEntity
  8
ShapeString001
100
AcDbSpline
210
0
220
0
230
1
 70
8
 71
2
 72
6
 73
3
 74
0
 40
0.000000000
 40
0.000000000
 40
0.000000000
 40
1.000000000
 40
1.000000000
 40
1.000000000
 10
79.103776786
 20
60.109607143
 30
0.000000000
 10
78.920562500
 20
59.964000000
 30
0.000000000
 10
78.583062500
 20
59.964000000
 30
0.000000000
  0
SPLINE
  5
BFB
330
A02
100
AcDbEntity
  8
ShapeString001
100
AcDbSpline
210
0
220
0
230
1
 70
8
 71
2
 72
6
 73
3
 74
0
 40
0.000000000
 40
0.000000000
 40
0.000000000
 40
1.000000000
 40
1.000000000
 40
1.000000000
 10
79.286991071
 20
60.521116071
 30
0.000000000
 10
79.286991071
 20
60.255214286
 30
0.000000000
 10
79.103776786
 20
60.109607143
 30
0.000000000
  0
SPLINE
  5
BFC
330
A02
100
AcDbEntity
  8
ShapeString001
100
AcDbSpline
210
0
220
0
230
1
 70
8
 71
2
 72
6
 73
3
 74
0
 40
0.000000000
 40
0.000000000
 40
0.000000000
 40
1.000000000
 40
1.000000000
 40
1.000000000
 10
79.188714286
 20
60.812330357
 30
0.000000000
 10
79.286991071
 20
60.694446429
 30
0.000000000
 10
79.286991071
 20
60.521116071
 30
0.000000000
  0
SPLINE
  5
BFD
330
A02
100
AcDbEntity
  8
ShapeString001
100
AcDbSpline
210
0
220
0
230
1
 70
8
 71
2
 72
6
 73
3
 74
0
 40
0.000000000
 40
0.000000000
 40
0.000000000
 40
1.000000000
 40
1.000000000
 40
1.000000000
 10
80.267348214
 20
61.830857143
 30
0.000000000
 10
80.569892857
 20
61.830857143
 30
0.000000000
 10
80.729562500
 20
61.591633929
 30
0.000000000
  0
SPLINE
  5
BFE
330
A02
100
AcDbEntity
  8
ShapeString001
100
AcDbSpline
210
0
220
0
230
1
 70
8
 71
2
 72
6
 73
3
 74
0
 40
0.000000000
 40
0.000000000
 40
0.000000000
 40
1.000000000
 40
1.000000000
 40
1.000000000
 10
79.805053571
 20
61.591633929
 30
0.000000000
 10
79.964803571
 20
61.830857143
 30
0.000000000
 10
80.267348214
 20
61.830857143
 30
0.000000000
  0
SPLINE
  5
BFF
330
A02
100
AcDbEntity
  8
ShapeString001
100
AcDbSpline
210
0
220
0
230
1
 70
8
 71
2
 72
6
 73
3
 74
0
 40
0.000000000
 40
0.000000000
 40
0.000000000
 40
1.000000000
 40
1.000000000
 40
1.000000000
 10
79.645383929
 20
60.896866071
 30
0.000000000
 10
79.645383929
 20
61.352410714
 30
0.000000000
 10
79.805053571
 20
61.591633929
 30
0.000000000
  0
SPLINE
  5
C00
330
A02
100
AcDbEntity
  8
ShapeString001
100
AcDbSpline
210
0
220
0
230
1
 70
8
 71
2
 72
6
 73
3
 74
0
 40
0.000000000
 40
0.000000000
 40
0.000000000
 40
1.000000000
 40
1.000000000
 40
1.000000000
 10
79.805053571
 20
60.203223214
 30
0.000000000
 10
79.645383929
 20
60.442446429
 30
0.000000000
 10
79.645383929
 20
60.896866071
 30
0.000000000
  0
SPLINE
  5
C01
330
A02
100
AcDbEntity
  8
ShapeString001
100
AcDbSpline
210
0
220
0
230
1
 70
8
 71
2
 72
6
 73
3
 74
0
 40
0.000000000
 40
0.000000000
 40
0.000000000
 40
1.000000000
 40
1.000000000
 40
1.000000000
 10
80.267348214
 20
59.964000000
 30
0.000000000
 10
79.964803571
 20
59.964000000
 30
0.000000000
 10
79.805053571
 20
60.203223214
 30
0.000000000
  0
SPLINE
  5
C02
330
A02
100
AcDbEntity
  8
ShapeString001
100
AcDbSpline
210
0
220
0
230
1
 70
8
 71
2
 72
6
 73
3
 74
0
 40
0.000000000
 40
0.000000000
 40
0.000000000
 40
1.000000000
 40
1.000000000
 40
1.000000000
 10
80.729562500
 20
60.203223214
 30
0.000000000
 10
80.569892857
 20
59.964000000
 30
0.000000000
 10
80.267348214
 20
59.964000000
 30
0.000000000
  0
SPLINE
  5
C03
330
A02
100
AcDbEntity
  8
ShapeString001
100
AcDbSpline
210
0
220
0
230
1
 70
8
 71
2
 72
6
 73
3
 74
0
 40
0.000000000
 40
0.000000000
 40
0.000000000
 40
1.000000000
 40
1.000000000
 40
1.000000000
 10
80.889312500
 20
60.896866071
 30
0.000000000
 10
80.889312500
 20
60.442446429
 30
0.000000000
 10
80.729562500
 20
60.203223214
 30
0.000000000
  0
SPLINE
  5
C04
330
A02
100
AcDbEntity
  8
ShapeString001
100
AcDbSpline
210
0
220
0
230
1
 70
8
 71
2
 72
6
 73
3
 74
0
 40
0.000000000
 40
0.000000000
 40
0.000000000
 40
1.000000000
 40
1.000000000
 40
1.000000000
 10
80.729562500
 20
61.591633929
 30
0.000000000
 10
80.889312500
 20
61.352410714
 30
0.000000000
 10
80.889312500
 20
60.896866071
 30
0.000000000
  0
SPLINE
  5
C05
330
A02
100
AcDbEntity
  8
ShapeString001
100
AcDbSpline
210
0
220
0
230
1
 70
8
 71
2
 72
6
 73
3
 74
0
 40
0.000000000
 40
0.000000000
 40
0.000000000
 40
1.000000000
 40
1.000000000
 40
1.000000000
 10
80.267348214
 20
61.635428571
 30
0.000000000
 10
80.079312500
 20
61.635428571
 30
0.000000000
 10
79.984651786
 20
61.451089286
 30
0.000000000
  0
SPLINE
  5
C06
330
A02
100
AcDbEntity
  8
ShapeString001
100
AcDbSpline
210
0
220
0
230
1
 70
8
 71
2
 72
6
 73
3
 74
0
 40
0.000000000
 40
0.000000000
 40
0.000000000
 40
1.000000000
 40
1.000000000
 40
1.000000000
 10
80.551169643
 20
61.451089286
 30
0.000000000
 10
80.456589286
 20
61.635428571
 30
0.000000000
 10
80.267348214
 20
61.635428571
 30
0.000000000
  0
SPLINE
  5
C07
330
A02
100
AcDbEntity
  8
ShapeString001
100
AcDbSpline
210
0
220
0
230
1
 70
8
 71
2
 72
6
 73
3
 74
0
 40
0.000000000
 40
0.000000000
 40
0.000000000
 40
1.000000000
 40
1.000000000
 40
1.000000000
 10
80.645830357
 20
60.896866071
 30
0.000000000
 10
80.645830357
 20
61.266750000
 30
0.000000000
 10
80.551169643
 20
61.451089286
 30
0.000000000
  0
SPLINE
  5
C08
330
A02
100
AcDbEntity
  8
ShapeString001
100
AcDbSpline
210
0
220
0
230
1
 70
8
 71
2
 72
6
 73
3
 74
0
 40
0.000000000
 40
0.000000000
 40
0.000000000
 40
1.000000000
 40
1.000000000
 40
1.000000000
 10
80.551169643
 20
60.343767857
 30
0.000000000
 10
80.645830357
 20
60.528107143
 30
0.000000000
 10
80.645830357
 20
60.896866071
 30
0.000000000
  0
SPLINE
  5
C09
330
A02
100
AcDbEntity
  8
ShapeString001
100
AcDbSpline
210
0
220
0
230
1
 70
8
 71
2
 72
6
 73
3
 74
0
 40
0.000000000
 40
0.000000000
 40
0.000000000
 40
1.000000000
 40
1.000000000
 40
1.000000000
 10
80.267348214
 20
60.159428571
 30
0.000000000
 10
80.456589286
 20
60.159428571
 30
0.000000000
 10
80.551169643
 20
60.343767857
 30
0.000000000
  0
SPLINE
  5
C0A
330
A02
100
AcDbEntity
  8
ShapeString001
100
AcDbSpline
210
0
220
0
230
1
 70
8
 71
2
 72
6
 73
3
 74
0
 40
0.000000000
 40
0.000000000
 40
0.000000000
 40
1.000000000
 40
1.000000000
 40
1.000000000
 10
79.984651786
 20
60.343767857
 30
0.000000000
 10
80.079312500
 20
60.159428571
 30
0.000000000
 10
80.267348214
 20
60.159428571
 30
0.000000000
  0
SPLINE
  5
C0B
330
A02
100
AcDbEntity
  8
ShapeString001
100
AcDbSpline
210
0
220
0
230
1
 70
8
 71
2
 72
6
 73
3
 74
0
 40
0.000000000
 40
0.000000000
 40
0.000000000
 40
1.000000000
 40
1.000000000
 40
1.000000000
 10
79.890071429
 20
60.896866071
 30
0.000000000
 10
79.890071429
 20
60.528107143
 30
0.000000000
 10
79.984651786
 20
60.343767857
 30
0.000000000
  0
SPLINE
  5
C0C
330
A02
100
AcDbEntity
  8
ShapeString001
100
AcDbSpline
210
0
220
0
230
1
 70
8
 71
2
 72
6
 73
3
 74
0
 40
0.000000000
 40
0.000000000
 40
0.000000000
 40
1.000000000
 40
1.000000000
 40
1.000000000
 10
79.984651786
 20
61.451089286
 30
0.000000000
 10
79.890071429
 20
61.266750000
 30
0.000000000
 10
79.890071429
 20
60.896866071
 30
0.000000000
  0
LINE
  5
C0D
330
A02
100
AcDbEntity
  8
ShapeString001
100
AcDbLine
 10
81.293508929
 20
61.800000000
 30
0.000000000
 11
81.843151786
 21
61.800000000
 31
0.000000000
  0
LINE
  5
C0E
330
A02
100
AcDbEntity
  8
ShapeString001
100
AcDbLine
 10
81.293508929
 20
60.000000000
 30
0.000000000
 11
81.293508929
 21
61.800000000
 31
0.000000000
  0
LINE
  5
C0F
330
A02
100
AcDbEntity
  8
ShapeString001
100
AcDbLine
 10
81.536991071
 20
60.000000000
 30
0.000000000
 11
81.293508929
 21
60.000000000
 31
0.000000000
  0
LINE
  5
C10
330
A02
100
AcDbEntity
  8
ShapeString001
100
AcDbLine
 10
81.536991071
 20
60.725142857
 30
0.000000000
 11
81.536991071
 21
60.000000000
 31
0.000000000
  0
LINE
  5
C11
330
A02
100
AcDbEntity
  8
ShapeString001
100
AcDbLine
 10
81.843151786
 20
60.725142857
 30
0.000000000
 11
81.536991071
 21
60.725142857
 31
0.000000000
  0
SPLINE
  5
C12
330
A02
100
AcDbEntity
  8
ShapeString001
100
AcDbSpline
210
0
220
0
230
1
 70
8
 71
2
 72
6
 73
3
 74
0
 40
0.000000000
 40
0.000000000
 40
0.000000000
 40
1.000000000
 40
1.000000000
 40
1.000000000
 10
82.300544643
 20
60.861107143
 30
0.000000000
 10
82.145696429
 20
60.725142857
 30
0.000000000
 10
81.843151786
 20
60.725142857
 30
0.000000000
  0
SPLINE
  5
C13
330
A02
100
AcDbEntity
  8
ShapeString001
100
AcDbSpline
210
0
220
0
230
1
 70
8
 71
2
 72
6
 73
3
 74
0
 40
0.000000000
 40
0.000000000
 40
0.000000000
 40
1.000000000
 40
1.000000000
 40
1.000000000
 10
82.455473214
 20
61.263133929
 30
0.000000000
 10
82.455473214
 20
60.997151786
 30
0.000000000
 10
82.300544643
 20
60.861107143
 30
0.000000000
  0
SPLINE
  5
C14
330
A02
100
AcDbEntity
  8
ShapeString001
100
AcDbSpline
210
0
220
0
230
1
 70
8
 71
2
 72
6
 73
3
 74
0
 40
0.000000000
 40
0.000000000
 40
0.000000000
 40
1.000000000
 40
1.000000000
 40
1.000000000
 10
82.300544643
 20
61.663392857
 30
0.000000000
 10
82.455473214
 20
61.526785714
 30
0.000000000
 10
82.455473214
 20
61.263133929
 30
0.000000000
  0
SPLINE
  5
C15
330
A02
100
AcDbEntity
  8
ShapeString001
100
AcDbSpline
210
0
220
0
230
1
 70
8
 71
2
 72
6
 73
3
 74
0
 40
0.000000000
 40
0.000000000
 40
0.000000000
 40
1.000000000
 40
1.000000000
 40
1.000000000
 10
81.843151786
 20
61.800000000
 30
0.000000000
 10
82.145696429
 20
61.800000000
 30
0.000000000
 10
82.300544643
 20
61.663392857
 30
0.000000000
  0
LINE
  5
C16
330
A02
100
AcDbEntity
  8
ShapeString001
100
AcDbLine
 10
81.536991071
 20
61.599428571
 30
0.000000000
 11
81.536991071
 21
60.925714286
 31
0.000000000
  0
LINE
  5
C17
330
A02
100
AcDbEntity
  8
ShapeString001
100
AcDbLine
 10
81.843151786
 20
61.599428571
 30
0.000000000
 11
81.536991071
 21
61.599428571
 31
0.000000000
  0
SPLINE
  5
C18
330
A02
100
AcDbEntity
  8
ShapeString001
100
AcDbSpline
210
0
220
0
230
1
 70
8
 71
2
 72
6
 73
3
 74
0
 40
0.000000000
 40
0.000000000
 40
0.000000000
 40
1.000000000
 40
1.000000000
 40
1.000000000
 10
82.105919643
 20
61.511758929
 30
0.000000000
 10
82.013107143
 20
61.599428571
 30
0.000000000
 10
81.843151786
 20
61.599428571
 30
0.000000000
  0
SPLINE
  5
C19
330
A02
100
AcDbEntity
  8
ShapeString001
100
AcDbSpline
210
0
220
0
230
1
 70
8
 71
2
 72
6
 73
3
 74
0
 40
0.000000000
 40
0.000000000
 40
0.000000000
 40
1.000000000
 40
1.000000000
 40
1.000000000
 10
82.198732143
 20
61.263133929
 30
0.000000000
 10
82.198732143
 20
61.424089286
 30
0.000000000
 10
82.105919643
 20
61.511758929
 30
0.000000000
  0
SPLINE
  5
C1A
330
A02
100
AcDbEntity
  8
ShapeString001
100
AcDbSpline
210
0
220
0
230
1
 70
8
 71
2
 72
6
 73
3
 74
0
 40
0.000000000
 40
0.000000000
 40
0.000000000
 40
1.000000000
 40
1.000000000
 40
1.000000000
 10
82.105919643
 20
61.013383929
 30
0.000000000
 10
82.198732143
 20
61.101053571
 30
0.000000000
 10
82.198732143
 20
61.263133929
 30
0.000000000
  0
SPLINE
  5
C1B
330
A02
100
AcDbEntity
  8
ShapeString001
100
AcDbSpline
210
0
220
0
230
1
 70
8
 71
2
 72
6
 73
3
 74
0
 40
0.000000000
 40
0.000000000
 40
0.000000000
 40
1.000000000
 40
1.000000000
 40
1.000000000
 10
81.843151786
 20
60.925714286
 30
0.000000000
 10
82.013107143
 20
60.925714286
 30
0.000000000
 10
82.105919643
 20
61.013383929
 30
0.000000000
  0
LINE
  5
C1C
330
A02
100
AcDbEntity
  8
ShapeString001
100
AcDbLine
 10
81.536991071
 20
60.925714286
 30
0.000000000
 11
81.843151786
 21
60.925714286
 31
0.000000000
  0
LINE
  5
C1D
330
A02
100
AcDbEntity
  8
ShapeString001
100
AcDbLine
 10
82.779794643
 20
61.800000000
 30
0.000000000
 11
83.023276786
 21
61.800000000
 31
0.000000000
  0
LINE
  5
C1E
330
A02
100
AcDbEntity
  8
ShapeString001
100
AcDbLine
 10
82.779794643
 20
60.000000000
 30
0.000000000
 11
82.779794643
 21
61.800000000
 31
0.000000000
  0
LINE
  5
C1F
330
A02
100
AcDbEntity
  8
ShapeString001
100
AcDbLine
 10
83.023276786
 20
60.000000000
 30
0.000000000
 11
82.779794643
 21
60.000000000
 31
0.000000000
  0
LINE
  5
C20
330
A02
100
AcDbEntity
  8
ShapeString001
100
AcDbLine
 10
83.023276786
 20
61.800000000
 30
0.000000000
 11
83.023276786
 21
60.000000000
 31
0.000000000
  0
LINE
  5
C21
330
A02
100
AcDbEntity
  8
ShapeString001
100
AcDbLine
 10
83.510080357
 20
61.800000000
 30
0.000000000
 11
83.837937500
 21
61.800000000
 31
0.000000000
  0
LINE
  5
C22
330
A02
100
AcDbEntity
  8
ShapeString001
100
AcDbLine
 10
83.510080357
 20
60.000000000
 30
0.000000000
 11
83.510080357
 21
61.800000000
 31
0.000000000
  0
LINE
  5
C23
330
A02
100
AcDbEntity
  8
ShapeString001
100
AcDbLine
 10
83.746330357
 20
60.000000000
 30
0.000000000
 11
83.510080357
 21
60.000000000
 31
0.000000000
  0
LINE
  5
C24
330
A02
100
AcDbEntity
  8
ShapeString001
100
AcDbLine
 10
83.746330357
 20
61.505812500
 30
0.000000000
 11
83.746330357
 21
60.000000000
 31
0.000000000
  0
LINE
  5
C25
330
A02
100
AcDbEntity
  8
ShapeString001
100
AcDbLine
 10
84.544276786
 20
60.000000000
 30
0.000000000
 11
83.746330357
 21
61.505812500
 31
0.000000000
  0
LINE
  5
C26
330
A02
100
AcDbEntity
  8
ShapeString001
100
AcDbLine
 10
84.872133929
 20
60.000000000
 30
0.000000000
 11
84.544276786
 21
60.000000000
 31
0.000000000
  0
LINE
  5
C27
330
A02
100
AcDbEntity
  8
ShapeString001
100
AcDbLine
 10
84.872133929
 20
61.800000000
 30
0.000000000
 11
84.872133929
 21
60.000000000
 31
0.000000000
  0
LINE
  5
C28
330
A02
100
AcDbEntity
  8
ShapeString001
100
AcDbLine
 10
84.635883929
 20
61.800000000
 30
0.000000000
 11
84.872133929
 21
61.800000000
 31
0.000000000
  0
LINE
  5
C29
330
A02
100
AcDbEntity
  8
ShapeString001
100
AcDbLine
 10
84.635883929
 20
60.294187500
 30
0.000000000
 11
84.635883929
 21
61.800000000
 31
0.000000000
  0
LINE
  5
C2A
330
A02
100
AcDbEntity
  8
ShapeString001
100
AcDbLine
 10
83.837937500
 20
61.800000000
 30
0.000000000
 11
84.635883929
 21
60.294187500
 31
0.000000000
  0
LINE
  5
C2B
330
A02
100
AcDbEntity
  8
ShapeString002
100
AcDbLine
 10
53.000000000
 20
57.500000000
 30
0.000000000
 11
53.302343750
 21
57.500000000
 31
0.000000000
  0
LINE
  5
C2C
330
A02
100
AcDbEntity
  8
ShapeString002
100
AcDbLine
 10
53.000000000
 20
56.000000000
 30
0.000000000
 11
53.000000000
 21
57.500000000
 31
0.000000000
  0
LINE
  5
C2D
330
A02
100
AcDbEntity
  8
ShapeString002
100
AcDbLine
 10
53.196875000
 20
56.000000000
 30
0.000000000
 11
53.000000000
 21
56.000000000
 31
0.000000000
  0
LINE
  5
C2E
330
A02
100
AcDbEntity
  8
ShapeString002
100
AcDbLine
 10
53.196875000
 20
57.316986607
 30
0.000000000
 11
53.196875000
 21
56.000000000
 31
0.000000000
  0
LINE
  5
C2F
330
A02
100
AcDbEntity
  8
ShapeString002
100
AcDbLine
 10
53.583593750
 20
56.287142857
 30
0.000000000
 11
53.196875000
 21
57.316986607
 31
0.000000000
  0
LINE
  5
C30
330
A02
100
AcDbEntity
  8
ShapeString002
100
AcDbLine
 10
53.787500000
 20
56.287142857
 30
0.000000000
 11
53.583593750
 21
56.287142857
 31
0.000000000
  0
LINE
  5
C31
330
A02
100
AcDbEntity
  8
ShapeString002
100
AcDbLine
 10
54.174218750
 20
57.316986607
 30
0.000000000
 11
53.787500000
 21
56.287142857
 31
0.000000000
  0
LINE
  5
C32
330
A02
100
AcDbEntity
  8
ShapeString002
100
AcDbLine
 10
54.174218750
 20
56.000000000
 30
0.000000000
 11
54.174218750
 21
57.316986607
 31
0.000000000
  0
LINE
  5
C33
330
A02
100
AcDbEntity
  8
ShapeString002
100
AcDbLine
 10
54.372098214
 20
56.000000000
 30
0.000000000
 11
54.174218750
 21
56.000000000
 31
0.000000000
  0
LINE
  5
C34
330
A02
100
AcDbEntity
  8
ShapeString002
100
AcDbLine
 10
54.372098214
 20
57.500000000
 30
0.000000000
 11
54.372098214
 21
56.000000000
 31
0.000000000
  0
LINE
  5
C35
330
A02
100
AcDbEntity
  8
ShapeString002
100
AcDbLine
 10
54.069754464
 20
57.500000000
 30
0.000000000
 11
54.372098214
 21
57.500000000
 31
0.000000000
  0
LINE
  5
C36
330
A02
100
AcDbEntity
  8
ShapeString002
100
AcDbLine
 10
53.685044643
 20
56.478191964
 30
0.000000000
 11
54.069754464
 21
57.500000000
 31
0.000000000
  0
LINE
  5
C37
330
A02
100
AcDbEntity
  8
ShapeString002
100
AcDbLine
 10
53.302343750
 20
57.500000000
 30
0.000000000
 11
53.685044643
 21
56.478191964
 31
0.000000000
  0
LINE
  5
C38
330
A02
100
AcDbEntity
  8
ShapeString002
100
AcDbLine
 10
54.774285714
 20
57.500000000
 30
0.000000000
 11
55.722500000
 21
57.500000000
 31
0.000000000
  0
LINE
  5
C39
330
A02
100
AcDbEntity
  8
ShapeString002
100
AcDbLine
 10
54.774285714
 20
56.000000000
 30
0.000000000
 11
54.774285714
 21
57.500000000
 31
0.000000000
  0
LINE
  5
C3A
330
A02
100
AcDbEntity
  8
ShapeString002
100
AcDbLine
 10
55.740580357
 20
56.000000000
 30
0.000000000
 11
54.774285714
 21
56.000000000
 31
0.000000000
  0
LINE
  5
C3B
330
A02
100
AcDbEntity
  8
ShapeString002
100
AcDbLine
 10
55.740580357
 20
56.171428571
 30
0.000000000
 11
55.740580357
 21
56.000000000
 31
0.000000000
  0
LINE
  5
C3C
330
A02
100
AcDbEntity
  8
ShapeString002
100
AcDbLine
 10
54.977187500
 20
56.171428571
 30
0.000000000
 11
55.740580357
 21
56.171428571
 31
0.000000000
  0
LINE
  5
C3D
330
A02
100
AcDbEntity
  8
ShapeString002
100
AcDbLine
 10
54.977187500
 20
56.711428571
 30
0.000000000
 11
54.977187500
 21
56.171428571
 31
0.000000000
  0
LINE
  5
C3E
330
A02
100
AcDbEntity
  8
ShapeString002
100
AcDbLine
 10
55.691361607
 20
56.711428571
 30
0.000000000
 11
54.977187500
 21
56.711428571
 31
0.000000000
  0
LINE
  5
C3F
330
A02
100
AcDbEntity
  8
ShapeString002
100
AcDbLine
 10
55.691361607
 20
56.882857143
 30
0.000000000
 11
55.691361607
 21
56.711428571
 31
0.000000000
  0
LINE
  5
C40
330
A02
100
AcDbEntity
  8
ShapeString002
100
AcDbLine
 10
54.977187500
 20
56.882857143
 30
0.000000000
 11
55.691361607
 21
56.882857143
 31
0.000000000
  0
LINE
  5
C41
330
A02
100
AcDbEntity
  8
ShapeString002
100
AcDbLine
 10
54.977187500
 20
57.328571429
 30
0.000000000
 11
54.977187500
 21
56.882857143
 31
0.000000000
  0
LINE
  5
C42
330
A02
100
AcDbEntity
  8
ShapeString002
100
AcDbLine
 10
55.722500000
 20
57.328571429
 30
0.000000000
 11
54.977187500
 21
57.328571429
 31
0.000000000
  0
LINE
  5
C43
330
A02
100
AcDbEntity
  8
ShapeString002
100
AcDbLine
 10
55.722500000
 20
57.500000000
 30
0.000000000
 11
55.722500000
 21
57.328571429
 31
0.000000000
  0
LINE
  5
C44
330
A02
100
AcDbEntity
  8
ShapeString002
100
AcDbLine
 10
57.195848214
 20
57.384285714
 30
0.000000000
 11
57.195848214
 21
57.170000000
 31
0.000000000
  0
SPLINE
  5
C45
330
A02
100
AcDbEntity
  8
ShapeString002
100
AcDbSpline
210
0
220
0
230
1
 70
8
 71
2
 72
6
 73
3
 74
0
 40
0.000000000
 40
0.000000000
 40
0.000000000
 40
1.000000000
 40
1.000000000
 40
1.000000000
 10
56.972321429
 20
57.490357143
 30
0.000000000
 10
57.091383929
 20
57.455000000
 30
0.000000000
 10
57.195848214
 20
57.384285714
 30
0.000000000
  0
SPLINE
  5
C46
330
A02
100
AcDbEntity
  8
ShapeString002
100
AcDbSpline
210
0
220
0
230
1
 70
8
 71
2
 72
6
 73
3
 74
0
 40
0.000000000
 40
0.000000000
 40
0.000000000
 40
1.000000000
 40
1.000000000
 40
1.000000000
 10
56.718727679
 20
57.525714286
 30
0.000000000
 10
56.853325893
 20
57.525714286
 30
0.000000000
 10
56.972321429
 20
57.490357143
 30
0.000000000
  0
SPLINE
  5
C47
330
A02
100
AcDbEntity
  8
ShapeString002
100
AcDbSpline
210
0
220
0
230
1
 70
8
 71
2
 72
6
 73
3
 74
0
 40
0.000000000
 40
0.000000000
 40
0.000000000
 40
1.000000000
 40
1.000000000
 40
1.000000000
 10
56.182343750
 20
57.317321429
 30
0.000000000
 10
56.378214286
 20
57.525714286
 30
0.000000000
 10
56.718727679
 20
57.525714286
 30
0.000000000
  0
SPLINE
  5
C48
330
A02
100
AcDbEntity
  8
ShapeString002
100
AcDbSpline
210
0
220
0
230
1
 70
8
 71
2
 72
6
 73
3
 74
0
 40
0.000000000
 40
0.000000000
 40
0.000000000
 40
1.000000000
 40
1.000000000
 40
1.000000000
 10
55.986473214
 20
56.747388393
 30
0.000000000
 10
55.986473214
 20
57.108928571
 30
0.000000000
 10
56.182343750
 20
57.317321429
 30
0.000000000
  0
SPLINE
  5
C49
330
A02
100
AcDbEntity
  8
ShapeString002
100
AcDbSpline
210
0
220
0
230
1
 70
8
 71
2
 72
6
 73
3
 74
0
 40
0.000000000
 40
0.000000000
 40
0.000000000
 40
1.000000000
 40
1.000000000
 40
1.000000000
 10
56.182343750
 20
56.178392857
 30
0.000000000
 10
55.986473214
 20
56.386785714
 30
0.000000000
 10
55.986473214
 20
56.747388393
 30
0.000000000
  0
SPLINE
  5
C4A
330
A02
100
AcDbEntity
  8
ShapeString002
100
AcDbSpline
210
0
220
0
230
1
 70
8
 71
2
 72
6
 73
3
 74
0
 40
0.000000000
 40
0.000000000
 40
0.000000000
 40
1.000000000
 40
1.000000000
 40
1.000000000
 10
56.718727679
 20
55.970000000
 30
0.000000000
 10
56.378214286
 20
55.970000000
 30
0.000000000
 10
56.182343750
 20
56.178392857
 30
0.000000000
  0
SPLINE
  5
C4B
330
A02
100
AcDbEntity
  8
ShapeString002
100
AcDbSpline
210
0
220
0
230
1
 70
8
 71
2
 72
6
 73
3
 74
0
 40
0.000000000
 40
0.000000000
 40
0.000000000
 40
1.000000000
 40
1.000000000
 40
1.000000000
 10
56.970312500
 20
56.006428571
 30
0.000000000
 10
56.851316964
 20
55.970000000
 30
0.000000000
 10
56.718727679
 20
55.970000000
 30
0.000000000
  0
SPLINE
  5
C4C
330
A02
100
AcDbEntity
  8
ShapeString002
100
AcDbSpline
210
0
220
0
230
1
 70
8
 71
2
 72
6
 73
3
 74
0
 40
0.000000000
 40
0.000000000
 40
0.000000000
 40
1.000000000
 40
1.000000000
 40
1.000000000
 10
57.195848214
 20
56.115714286
 30
0.000000000
 10
57.089375000
 20
56.042857143
 30
0.000000000
 10
56.970312500
 20
56.006428571
 30
0.000000000
  0
LINE
  5
C4D
330
A02
100
AcDbEntity
  8
ShapeString002
100
AcDbLine
 10
57.195848214
 20
56.325714286
 30
0.000000000
 11
57.195848214
 21
56.115714286
 31
0.000000000
  0
SPLINE
  5
C4E
330
A02
100
AcDbEntity
  8
ShapeString002
100
AcDbSpline
210
0
220
0
230
1
 70
8
 71
2
 72
6
 73
3
 74
0
 40
0.000000000
 40
0.000000000
 40
0.000000000
 40
1.000000000
 40
1.000000000
 40
1.000000000
 10
56.977343750
 20
56.184017857
 30
0.000000000
 10
57.093392857
 20
56.230959821
 30
0.000000000
 10
57.195848214
 20
56.325714286
 30
0.000000000
  0
SPLINE
  5
C4F
330
A02
100
AcDbEntity
  8
ShapeString002
100
AcDbSpline
210
0
220
0
230
1
 70
8
 71
2
 72
6
 73
3
 74
0
 40
0.000000000
 40
0.000000000
 40
0.000000000
 40
1.000000000
 40
1.000000000
 40
1.000000000
 10
56.730781250
 20
56.137142857
 30
0.000000000
 10
56.861361607
 20
56.137142857
 30
0.000000000
 10
56.977343750
 20
56.184017857
 30
0.000000000
  0
SPLINE
  5
C50
330
A02
100
AcDbEntity
  8
ShapeString002
100
AcDbSpline
210
0
220
0
230
1
 70
8
 71
2
 72
6
 73
3
 74
0
 40
0.000000000
 40
0.000000000
 40
0.000000000
 40
1.000000000
 40
1.000000000
 40
1.000000000
 10
56.337031250
 20
56.294174107
 30
0.000000000
 10
56.473638393
 20
56.137142857
 30
0.000000000
 10
56.730781250
 20
56.137142857
 30
0.000000000
  0
SPLINE
  5
C51
330
A02
100
AcDbEntity
  8
ShapeString002
100
AcDbSpline
210
0
220
0
230
1
 70
8
 71
2
 72
6
 73
3
 74
0
 40
0.000000000
 40
0.000000000
 40
0.000000000
 40
1.000000000
 40
1.000000000
 40
1.000000000
 10
56.200424107
 20
56.747388393
 30
0.000000000
 10
56.200424107
 20
56.451272321
 30
0.000000000
 10
56.337031250
 20
56.294174107
 30
0.000000000
  0
SPLINE
  5
C52
330
A02
100
AcDbEntity
  8
ShapeString002
100
AcDbSpline
210
0
220
0
230
1
 70
8
 71
2
 72
6
 73
3
 74
0
 40
0.000000000
 40
0.000000000
 40
0.000000000
 40
1.000000000
 40
1.000000000
 40
1.000000000
 10
56.337031250
 20
57.201473214
 30
0.000000000
 10
56.200424107
 20
57.044441964
 30
0.000000000
 10
56.200424107
 20
56.747388393
 30
0.000000000
  0
SPLINE
  5
C53
330
A02
100
AcDbEntity
  8
ShapeString002
100
AcDbSpline
210
0
220
0
230
1
 70
8
 71
2
 72
6
 73
3
 74
0
 40
0.000000000
 40
0.000000000
 40
0.000000000
 40
1.000000000
 40
1.000000000
 40
1.000000000
 10
56.730781250
 20
57.358571429
 30
0.000000000
 10
56.473638393
 20
57.358571429
 30
0.000000000
 10
56.337031250
 20
57.201473214
 30
0.000000000
  0
SPLINE
  5
C54
330
A02
100
AcDbEntity
  8
ShapeString002
100
AcDbSpline
210
0
220
0
230
1
 70
8
 71
2
 72
6
 73
3
 74
0
 40
0.000000000
 40
0.000000000
 40
0.000000000
 40
1.000000000
 40
1.000000000
 40
1.000000000
 10
56.977343750
 20
57.311629464
 30
0.000000000
 10
56.861361607
 20
57.358571429
 30
0.000000000
 10
56.730781250
 20
57.358571429
 30
0.000000000
  0
SPLINE
  5
C55
330
A02
100
AcDbEntity
  8
ShapeString002
100
AcDbSpline
210
0
220
0
230
1
 70
8
 71
2
 72
6
 73
3
 74
0
 40
0.000000000
 40
0.000000000
 40
0.000000000
 40
1.000000000
 40
1.000000000
 40
1.000000000
 10
57.195848214
 20
57.170000000
 30
0.000000000
 10
57.093392857
 20
57.264754464
 30
0.000000000
 10
56.977343750
 20
57.311629464
 30
0.000000000
  0
LINE
  5
C56
330
A02
100
AcDbEntity
  8
ShapeString002
100
AcDbLine
 10
57.508571429
 20
57.500000000
 30
0.000000000
 11
57.711473214
 21
57.500000000
 31
0.000000000
  0
LINE
  5
C57
330
A02
100
AcDbEntity
  8
ShapeString002
100
AcDbLine
 10
57.508571429
 20
56.000000000
 30
0.000000000
 11
57.508571429
 21
57.500000000
 31
0.000000000
  0
LINE
  5
C58
330
A02
100
AcDbEntity
  8
ShapeString002
100
AcDbLine
 10
57.711473214
 20
56.000000000
 30
0.000000000
 11
57.508571429
 21
56.000000000
 31
0.000000000
  0
LINE
  5
C59
330
A02
100
AcDbEntity
  8
ShapeString002
100
AcDbLine
 10
57.711473214
 20
56.711428571
 30
0.000000000
 11
57.711473214
 21
56.000000000
 31
0.000000000
  0
LINE
  5
C5A
330
A02
100
AcDbEntity
  8
ShapeString002
100
AcDbLine
 10
58.448750000
 20
56.711428571
 30
0.000000000
 11
57.711473214
 21
56.711428571
 31
0.000000000
  0
LINE
  5
C5B
330
A02
100
AcDbEntity
  8
ShapeString002
100
AcDbLine
 10
58.448750000
 20
56.000000000
 30
0.000000000
 11
58.448750000
 21
56.711428571
 31
0.000000000
  0
LINE
  5
C5C
330
A02
100
AcDbEntity
  8
ShapeString002
100
AcDbLine
 10
58.651651786
 20
56.000000000
 30
0.000000000
 11
58.448750000
 21
56.000000000
 31
0.000000000
  0
LINE
  5
C5D
330
A02
100
AcDbEntity
  8
ShapeString002
100
AcDbLine
 10
58.651651786
 20
57.500000000
 30
0.000000000
 11
58.651651786
 21
56.000000000
 31
0.000000000
  0
LINE
  5
C5E
330
A02
100
AcDbEntity
  8
ShapeString002
100
AcDbLine
 10
58.448750000
 20
57.500000000
 30
0.000000000
 11
58.651651786
 21
57.500000000
 31
0.000000000
  0
LINE
  5
C5F
330
A02
100
AcDbEntity
  8
ShapeString002
100
AcDbLine
 10
58.448750000
 20
56.882857143
 30
0.000000000
 11
58.448750000
 21
57.500000000
 31
0.000000000
  0
LINE
  5
C60
330
A02
100
AcDbEntity
  8
ShapeString002
100
AcDbLine
 10
57.711473214
 20
56.882857143
 30
0.000000000
 11
58.448750000
 21
56.882857143
 31
0.000000000
  0
LINE
  5
C61
330
A02
100
AcDbEntity
  8
ShapeString002
100
AcDbLine
 10
57.711473214
 20
57.500000000
 30
0.000000000
 11
57.711473214
 21
56.882857143
 31
0.000000000
  0
LINE
  5
C62
330
A02
100
AcDbEntity
  8
ShapeString002
100
AcDbLine
 10
59.442433036
 20
57.500000000
 30
0.000000000
 11
59.672455357
 21
57.500000000
 31
0.000000000
  0
LINE
  5
C63
330
A02
100
AcDbEntity
  8
ShapeString002
100
AcDbLine
 10
58.869888393
 20
56.000000000
 30
0.000000000
 11
59.442433036
 21
57.500000000
 31
0.000000000
  0
LINE
  5
C64
330
A02
100
AcDbEntity
  8
ShapeString002
100
AcDbLine
 10
59.083839286
 20
56.000000000
 30
0.000000000
 11
58.869888393
 21
56.000000000
 31
0.000000000
  0
LINE
  5
C65
330
A02
100
AcDbEntity
  8
ShapeString002
100
AcDbLine
 10
59.220446429
 20
56.385714286
 30
0.000000000
 11
59.083839286
 21
56.000000000
 31
0.000000000
  0
LINE
  5
C66
330
A02
100
AcDbEntity
  8
ShapeString002
100
AcDbLine
 10
59.896450893
 20
56.385714286
 30
0.000000000
 11
59.220446429
 21
56.385714286
 31
0.000000000
  0
LINE
  5
C67
330
A02
100
AcDbEntity
  8
ShapeString002
100
AcDbLine
 10
60.033058036
 20
56.000000000
 30
0.000000000
 11
59.896450893
 21
56.385714286
 31
0.000000000
  0
LINE
  5
C68
330
A02
100
AcDbEntity
  8
ShapeString002
100
AcDbLine
 10
60.243995536
 20
56.000000000
 30
0.000000000
 11
60.033058036
 21
56.000000000
 31
0.000000000
  0
LINE
  5
C69
330
A02
100
AcDbEntity
  8
ShapeString002
100
AcDbLine
 10
59.672455357
 20
57.500000000
 30
0.000000000
 11
60.243995536
 21
56.000000000
 31
0.000000000
  0
LINE
  5
C6A
330
A02
100
AcDbEntity
  8
ShapeString002
100
AcDbLine
 10
59.556941964
 20
57.299910714
 30
0.000000000
 11
59.281718750
 21
56.552857143
 31
0.000000000
  0
LINE
  5
C6B
330
A02
100
AcDbEntity
  8
ShapeString002
100
AcDbLine
 10
59.833169643
 20
56.552857143
 30
0.000000000
 11
59.556941964
 21
57.299910714
 31
0.000000000
  0
LINE
  5
C6C
330
A02
100
AcDbEntity
  8
ShapeString002
100
AcDbLine
 10
59.281718750
 20
56.552857143
 30
0.000000000
 11
59.833169643
 21
56.552857143
 31
0.000000000
  0
LINE
  5
C6D
330
A02
100
AcDbEntity
  8
ShapeString002
100
AcDbLine
 10
60.461428571
 20
57.500000000
 30
0.000000000
 11
60.734642857
 21
57.500000000
 31
0.000000000
  0
LINE
  5
C6E
330
A02
100
AcDbEntity
  8
ShapeString002
100
AcDbLine
 10
60.461428571
 20
56.000000000
 30
0.000000000
 11
60.461428571
 21
57.500000000
 31
0.000000000
  0
LINE
  5
C6F
330
A02
100
AcDbEntity
  8
ShapeString002
100
AcDbLine
 10
60.658303571
 20
56.000000000
 30
0.000000000
 11
60.461428571
 21
56.000000000
 31
0.000000000
  0
LINE
  5
C70
330
A02
100
AcDbEntity
  8
ShapeString002
100
AcDbLine
 10
60.658303571
 20
57.254843750
 30
0.000000000
 11
60.658303571
 21
56.000000000
 31
0.000000000
  0
LINE
  5
C71
330
A02
100
AcDbEntity
  8
ShapeString002
100
AcDbLine
 10
61.323258929
 20
56.000000000
 30
0.000000000
 11
60.658303571
 21
57.254843750
 31
0.000000000
  0
LINE
  5
C72
330
A02
100
AcDbEntity
  8
ShapeString002
100
AcDbLine
 10
61.596473214
 20
56.000000000
 30
0.000000000
 11
61.323258929
 21
56.000000000
 31
0.000000000
  0
LINE
  5
C73
330
A02
100
AcDbEntity
  8
ShapeString002
100
AcDbLine
 10
61.596473214
 20
57.500000000
 30
0.000000000
 11
61.596473214
 21
56.000000000
 31
0.000000000
  0
LINE
  5
C74
330
A02
100
AcDbEntity
  8
ShapeString002
100
AcDbLine
 10
61.399598214
 20
57.500000000
 30
0.000000000
 11
61.596473214
 21
57.500000000
 31
0.000000000
  0
LINE
  5
C75
330
A02
100
AcDbEntity
  8
ShapeString002
100
AcDbLine
 10
61.399598214
 20
56.245156250
 30
0.000000000
 11
61.399598214
 21
57.500000000
 31
0.000000000
  0
LINE
  5
C76
330
A02
100
AcDbEntity
  8
ShapeString002
100
AcDbLine
 10
60.734642857
 20
57.500000000
 30
0.000000000
 11
61.399598214
 21
56.245156250
 31
0.000000000
  0
LINE
  5
C77
330
A02
100
AcDbEntity
  8
ShapeString002
100
AcDbLine
 10
62.000000000
 20
57.500000000
 30
0.000000000
 11
62.202901786
 21
57.500000000
 31
0.000000000
  0
LINE
  5
C78
330
A02
100
AcDbEntity
  8
ShapeString002
100
AcDbLine
 10
62.000000000
 20
56.000000000
 30
0.000000000
 11
62.000000000
 21
57.500000000
 31
0.000000000
  0
LINE
  5
C79
330
A02
100
AcDbEntity
  8
ShapeString002
100
AcDbLine
 10
62.202901786
 20
56.000000000
 30
0.000000000
 11
62.000000000
 21
56.000000000
 31
0.000000000
  0
LINE
  5
C7A
330
A02
100
AcDbEntity
  8
ShapeString002
100
AcDbLine
 10
62.202901786
 20
57.500000000
 30
0.000000000
 11
62.202901786
 21
56.000000000
 31
0.000000000
  0
LINE
  5
C7B
330
A02
100
AcDbEntity
  8
ShapeString002
100
AcDbLine
 10
63.731562500
 20
57.384285714
 30
0.000000000
 11
63.731562500
 21
57.170000000
 31
0.000000000
  0
SPLINE
  5
C7C
330
A02
100
AcDbEntity
  8
ShapeString002
100
AcDbSpline
210
0
220
0
230
1
 70
8
 71
2
 72
6
 73
3
 74
0
 40
0.000000000
 40
0.000000000
 40
0.000000000
 40
1.000000000
 40
1.000000000
 40
1.000000000
 10
63.508035714
 20
57.490357143
 30
0.000000000
 10
63.627098214
 20
57.455000000
 30
0.000000000
 10
63.731562500
 20
57.384285714
 30
0.000000000
  0
SPLINE
  5
C7D
330
A02
100
AcDbEntity
  8
ShapeString002
100
AcDbSpline
210
0
220
0
230
1
 70
8
 71
2
 72
6
 73
3
 74
0
 40
0.000000000
 40
0.000000000
 40
0.000000000
 40
1.000000000
 40
1.000000000
 40
1.000000000
 10
63.254441964
 20
57.525714286
 30
0.000000000
 10
63.389040179
 20
57.525714286
 30
0.000000000
 10
63.508035714
 20
57.490357143
 30
0.000000000
  0
SPLINE
  5
C7E
330
A02
100
AcDbEntity
  8
ShapeString002
100
AcDbSpline
210
0
220
0
230
1
 70
8
 71
2
 72
6
 73
3
 74
0
 40
0.000000000
 40
0.000000000
 40
0.000000000
 40
1.000000000
 40
1.000000000
 40
1.000000000
 10
62.718058036
 20
57.317321429
 30
0.000000000
 10
62.913928571
 20
57.525714286
 30
0.000000000
 10
63.254441964
 20
57.525714286
 30
0.000000000
  0
SPLINE
  5
C7F
330
A02
100
AcDbEntity
  8
ShapeString002
100
AcDbSpline
210
0
220
0
230
1
 70
8
 71
2
 72
6
 73
3
 74
0
 40
0.000000000
 40
0.000000000
 40
0.000000000
 40
1.000000000
 40
1.000000000
 40
1.000000000
 10
62.522187500
 20
56.747388393
 30
0.000000000
 10
62.522187500
 20
57.108928571
 30
0.000000000
 10
62.718058036
 20
57.317321429
 30
0.000000000
  0
SPLINE
  5
C80
330
A02
100
AcDbEntity
  8
ShapeString002
100
AcDbSpline
210
0
220
0
230
1
 70
8
 71
2
 72
6
 73
3
 74
0
 40
0.000000000
 40
0.000000000
 40
0.000000000
 40
1.000000000
 40
1.000000000
 40
1.000000000
 10
62.718058036
 20
56.178392857
 30
0.000000000
 10
62.522187500
 20
56.386785714
 30
0.000000000
 10
62.522187500
 20
56.747388393
 30
0.000000000
  0
SPLINE
  5
C81
330
A02
100
AcDbEntity
  8
ShapeString002
100
AcDbSpline
210
0
220
0
230
1
 70
8
 71
2
 72
6
 73
3
 74
0
 40
0.000000000
 40
0.000000000
 40
0.000000000
 40
1.000000000
 40
1.000000000
 40
1.000000000
 10
63.254441964
 20
55.970000000
 30
0.000000000
 10
62.913928571
 20
55.970000000
 30
0.000000000
 10
62.718058036
 20
56.178392857
 30
0.000000000
  0
SPLINE
  5
C82
330
A02
100
AcDbEntity
  8
ShapeString002
100
AcDbSpline
210
0
220
0
230
1
 70
8
 71
2
 72
6
 73
3
 74
0
 40
0.000000000
 40
0.000000000
 40
0.000000000
 40
1.000000000
 40
1.000000000
 40
1.000000000
 10
63.506026786
 20
56.006428571
 30
0.000000000
 10
63.387031250
 20
55.970000000
 30
0.000000000
 10
63.254441964
 20
55.970000000
 30
0.000000000
  0
SPLINE
  5
C83
330
A02
100
AcDbEntity
  8
ShapeString002
100
AcDbSpline
210
0
220
0
230
1
 70
8
 71
2
 72
6
 73
3
 74
0
 40
0.000000000
 40
0.000000000
 40
0.000000000
 40
1.000000000
 40
1.000000000
 40
1.000000000
 10
63.731562500
 20
56.115714286
 30
0.000000000
 10
63.625089286
 20
56.042857143
 30
0.000000000
 10
63.506026786
 20
56.006428571
 30
0.000000000
  0
LINE
  5
C84
330
A02
100
AcDbEntity
  8
ShapeString002
100
AcDbLine
 10
63.731562500
 20
56.325714286
 30
0.000000000
 11
63.731562500
 21
56.115714286
 31
0.000000000
  0
SPLINE
  5
C85
330
A02
100
AcDbEntity
  8
ShapeString002
100
AcDbSpline
210
0
220
0
230
1
 70
8
 71
2
 72
6
 73
3
 74
0
 40
0.000000000
 40
0.000000000
 40
0.000000000
 40
1.000000000
 40
1.000000000
 40
1.000000000
 10
63.513058036
 20
56.184017857
 30
0.000000000
 10
63.629107143
 20
56.230959821
 30
0.000000000
 10
63.731562500
 20
56.325714286
 30
0.000000000
  0
SPLINE
  5
C86
330
A02
100
AcDbEntity
  8
ShapeString002
100
AcDbSpline
210
0
220
0
230
1
 70
8
 71
2
 72
6
 73
3
 74
0
 40
0.000000000
 40
0.000000000
 40
0.000000000
 40
1.000000000
 40
1.000000000
 40
1.000000000
 10
63.266495536
 20
56.137142857
 30
0.000000000
 10
63.397075893
 20
56.137142857
 30
0.000000000
 10
63.513058036
 20
56.184017857
 30
0.000000000
  0
SPLINE
  5
C87
330
A02
100
AcDbEntity
  8
ShapeString002
100
AcDbSpline
210
0
220
0
230
1
 70
8
 71
2
 72
6
 73
3
 74
0
 40
0.000000000
 40
0.000000000
 40
0.000000000
 40
1.000000000
 40
1.000000000
 40
1.000000000
 10
62.872745536
 20
56.294174107
 30
0.000000000
 10
63.009352679
 20
56.137142857
 30
0.000000000
 10
63.266495536
 20
56.137142857
 30
0.000000000
  0
SPLINE
  5
C88
330
A02
100
AcDbEntity
  8
ShapeString002
100
AcDbSpline
210
0
220
0
230
1
 70
8
 71
2
 72
6
 73
3
 74
0
 40
0.000000000
 40
0.000000000
 40
0.000000000
 40
1.000000000
 40
1.000000000
 40
1.000000000
 10
62.736138393
 20
56.747388393
 30
0.000000000
 10
62.736138393
 20
56.451272321
 30
0.000000000
 10
62.872745536
 20
56.294174107
 30
0.000000000
  0
SPLINE
  5
C89
330
A02
100
AcDbEntity
  8
ShapeString002
100
AcDbSpline
210
0
220
0
230
1
 70
8
 71
2
 72
6
 73
3
 74
0
 40
0.000000000
 40
0.000000000
 40
0.000000000
 40
1.000000000
 40
1.000000000
 40
1.000000000
 10
62.872745536
 20
57.201473214
 30
0.000000000
 10
62.736138393
 20
57.044441964
 30
0.000000000
 10
62.736138393
 20
56.747388393
 30
0.000000000
  0
SPLINE
  5
C8A
330
A02
100
AcDbEntity
  8
ShapeString002
100
AcDbSpline
210
0
220
0
230
1
 70
8
 71
2
 72
6
 73
3
 74
0
 40
0.000000000
 40
0.000000000
 40
0.000000000
 40
1.000000000
 40
1.000000000
 40
1.000000000
 10
63.266495536
 20
57.358571429
 30
0.000000000
 10
63.009352679
 20
57.358571429
 30
0.000000000
 10
62.872745536
 20
57.201473214
 30
0.000000000
  0
SPLINE
  5
C8B
330
A02
100
AcDbEntity
  8
ShapeString002
100
AcDbSpline
210
0
220
0
230
1
 70
8
 71
2
 72
6
 73
3
 74
0
 40
0.000000000
 40
0.000000000
 40
0.000000000
 40
1.000000000
 40
1.000000000
 40
1.000000000
 10
63.513058036
 20
57.311629464
 30
0.000000000
 10
63.397075893
 20
57.358571429
 30
0.000000000
 10
63.266495536
 20
57.358571429
 30
0.000000000
  0
SPLINE
  5
C8C
330
A02
100
AcDbEntity
  8
ShapeString002
100
AcDbSpline
210
0
220
0
230
1
 70
8
 71
2
 72
6
 73
3
 74
0
 40
0.000000000
 40
0.000000000
 40
0.000000000
 40
1.000000000
 40
1.000000000
 40
1.000000000
 10
63.731562500
 20
57.170000000
 30
0.000000000
 10
63.629107143
 20
57.264754464
 30
0.000000000
 10
63.513058036
 20
57.311629464
 30
0.000000000
  0
LINE
  5
C8D
330
A02
100
AcDbEntity
  8
ShapeString002
100
AcDbLine
 10
64.431004464
 20
57.500000000
 30
0.000000000
 11
64.661026786
 21
57.500000000
 31
0.000000000
  0
LINE
  5
C8E
330
A02
100
AcDbEntity
  8
ShapeString002
100
AcDbLine
 10
63.858459821
 20
56.000000000
 30
0.000000000
 11
64.431004464
 21
57.500000000
 31
0.000000000
  0
LINE
  5
C8F
330
A02
100
AcDbEntity
  8
ShapeString002
100
AcDbLine
 10
64.072410714
 20
56.000000000
 30
0.000000000
 11
63.858459821
 21
56.000000000
 31
0.000000000
  0
LINE
  5
C90
330
A02
100
AcDbEntity
  8
ShapeString002
100
AcDbLine
 10
64.209017857
 20
56.385714286
 30
0.000000000
 11
64.072410714
 21
56.000000000
 31
0.000000000
  0
LINE
  5
C91
330
A02
100
AcDbEntity
  8
ShapeString002
100
AcDbLine
 10
64.885022321
 20
56.385714286
 30
0.000000000
 11
64.209017857
 21
56.385714286
 31
0.000000000
  0
LINE
  5
C92
330
A02
100
AcDbEntity
  8
ShapeString002
100
AcDbLine
 10
65.021629464
 20
56.000000000
 30
0.000000000
 11
64.885022321
 21
56.385714286
 31
0.000000000
  0
LINE
  5
C93
330
A02
100
AcDbEntity
  8
ShapeString002
100
AcDbLine
 10
65.232566964
 20
56.000000000
 30
0.000000000
 11
65.021629464
 21
56.000000000
 31
0.000000000
  0
LINE
  5
C94
330
A02
100
AcDbEntity
  8
ShapeString002
100
AcDbLine
 10
64.661026786
 20
57.500000000
 30
0.000000000
 11
65.232566964
 21
56.000000000
 31
0.000000000
  0
LINE
  5
C95
330
A02
100
AcDbEntity
  8
ShapeString002
100
AcDbLine
 10
64.545513393
 20
57.299910714
 30
0.000000000
 11
64.270290179
 21
56.552857143
 31
0.000000000
  0
LINE
  5
C96
330
A02
100
AcDbEntity
  8
ShapeString002
100
AcDbLine
 10
64.821741071
 20
56.552857143
 30
0.000000000
 11
64.545513393
 21
57.299910714
 31
0.000000000
  0
LINE
  5
C97
330
A02
100
AcDbEntity
  8
ShapeString002
100
AcDbLine
 10
64.270290179
 20
56.552857143
 30
0.000000000
 11
64.821741071
 21
56.552857143
 31
0.000000000
  0
LINE
  5
C98
330
A02
100
AcDbEntity
  8
ShapeString002
100
AcDbLine
 10
65.450000000
 20
57.500000000
 30
0.000000000
 11
65.652901786
 21
57.500000000
 31
0.000000000
  0
LINE
  5
C99
330
A02
100
AcDbEntity
  8
ShapeString002
100
AcDbLine
 10
65.450000000
 20
56.000000000
 30
0.000000000
 11
65.450000000
 21
57.500000000
 31
0.000000000
  0
LINE
  5
C9A
330
A02
100
AcDbEntity
  8
ShapeString002
100
AcDbLine
 10
66.383147321
 20
56.000000000
 30
0.000000000
 11
65.450000000
 21
56.000000000
 31
0.000000000
  0
LINE
  5
C9B
330
A02
100
AcDbEntity
  8
ShapeString002
100
AcDbLine
 10
66.383147321
 20
56.171428571
 30
0.000000000
 11
66.383147321
 21
56.000000000
 31
0.000000000
  0
LINE
  5
C9C
330
A02
100
AcDbEntity
  8
ShapeString002
100
AcDbLine
 10
65.652901786
 20
56.171428571
 30
0.000000000
 11
66.383147321
 21
56.171428571
 31
0.000000000
  0
LINE
  5
C9D
330
A02
100
AcDbEntity
  8
ShapeString002
100
AcDbLine
 10
65.652901786
 20
57.500000000
 30
0.000000000
 11
65.652901786
 21
56.171428571
 31
0.000000000
  0
SPLINE
  5
C9E
330
A02
100
AcDbEntity
  8
ShapeString002
100
AcDbSpline
210
0
220
0
230
1
 70
8
 71
2
 72
6
 73
3
 74
0
 40
0.000000000
 40
0.000000000
 40
0.000000000
 40
1.000000000
 40
1.000000000
 40
1.000000000
 10
67.858705357
 20
57.525714286
 30
0.000000000
 10
68.174107143
 20
57.525714286
 30
0.000000000
 10
68.362946429
 20
57.314308036
 30
0.000000000
  0
SPLINE
  5
C9F
330
A02
100
AcDbEntity
  8
ShapeString002
100
AcDbSpline
210
0
220
0
230
1
 70
8
 71
2
 72
6
 73
3
 74
0
 40
0.000000000
 40
0.000000000
 40
0.000000000
 40
1.000000000
 40
1.000000000
 40
1.000000000
 10
67.352924107
 20
57.314308036
 30
0.000000000
 10
67.542299107
 20
57.525714286
 30
0.000000000
 10
67.858705357
 20
57.525714286
 30
0.000000000
  0
SPLINE
  5
CA0
330
A02
100
AcDbEntity
  8
ShapeString002
100
AcDbSpline
210
0
220
0
230
1
 70
8
 71
2
 72
6
 73
3
 74
0
 40
0.000000000
 40
0.000000000
 40
0.000000000
 40
1.000000000
 40
1.000000000
 40
1.000000000
 10
67.163616071
 20
56.747388393
 30
0.000000000
 10
67.163616071
 20
57.102901786
 30
0.000000000
 10
67.352924107
 20
57.314308036
 30
0.000000000
  0
SPLINE
  5
CA1
330
A02
100
AcDbEntity
  8
ShapeString002
100
AcDbSpline
210
0
220
0
230
1
 70
8
 71
2
 72
6
 73
3
 74
0
 40
0.000000000
 40
0.000000000
 40
0.000000000
 40
1.000000000
 40
1.000000000
 40
1.000000000
 10
67.352924107
 20
56.180870536
 30
0.000000000
 10
67.163616071
 20
56.391808036
 30
0.000000000
 10
67.163616071
 20
56.747388393
 30
0.000000000
  0
SPLINE
  5
CA2
330
A02
100
AcDbEntity
  8
ShapeString002
100
AcDbSpline
210
0
220
0
230
1
 70
8
 71
2
 72
6
 73
3
 74
0
 40
0.000000000
 40
0.000000000
 40
0.000000000
 40
1.000000000
 40
1.000000000
 40
1.000000000
 10
67.858705357
 20
55.970000000
 30
0.000000000
 10
67.542299107
 20
55.970000000
 30
0.000000000
 10
67.352924107
 20
56.180870536
 30
0.000000000
  0
SPLINE
  5
CA3
330
A02
100
AcDbEntity
  8
ShapeString002
100
AcDbSpline
210
0
220
0
230
1
 70
8
 71
2
 72
6
 73
3
 74
0
 40
0.000000000
 40
0.000000000
 40
0.000000000
 40
1.000000000
 40
1.000000000
 40
1.000000000
 10
68.362946429
 20
56.181406250
 30
0.000000000
 10
68.174107143
 20
55.970000000
 30
0.000000000
 10
67.858705357
 20
55.970000000
 30
0.000000000
  0
SPLINE
  5
CA4
330
A02
100
AcDbEntity
  8
ShapeString002
100
AcDbSpline
210
0
220
0
230
1
 70
8
 71
2
 72
6
 73
3
 74
0
 40
0.000000000
 40
0.000000000
 40
0.000000000
 40
1.000000000
 40
1.000000000
 40
1.000000000
 10
68.551785714
 20
56.747388393
 30
0.000000000
 10
68.551785714
 20
56.392812500
 30
0.000000000
 10
68.362946429
 20
56.181406250
 30
0.000000000
  0
SPLINE
  5
CA5
330
A02
100
AcDbEntity
  8
ShapeString002
100
AcDbSpline
210
0
220
0
230
1
 70
8
 71
2
 72
6
 73
3
 74
0
 40
0.000000000
 40
0.000000000
 40
0.000000000
 40
1.000000000
 40
1.000000000
 40
1.000000000
 10
68.362946429
 20
57.314308036
 30
0.000000000
 10
68.551785714
 20
57.102901786
 30
0.000000000
 10
68.551785714
 20
56.747388393
 30
0.000000000
  0
SPLINE
  5
CA6
330
A02
100
AcDbEntity
  8
ShapeString002
100
AcDbSpline
210
0
220
0
230
1
 70
8
 71
2
 72
6
 73
3
 74
0
 40
0.000000000
 40
0.000000000
 40
0.000000000
 40
1.000000000
 40
1.000000000
 40
1.000000000
 10
67.858705357
 20
57.362857143
 30
0.000000000
 10
67.637723214
 20
57.362857143
 30
0.000000000
 10
67.507611607
 20
57.197656250
 30
0.000000000
  0
SPLINE
  5
CA7
330
A02
100
AcDbEntity
  8
ShapeString002
100
AcDbSpline
210
0
220
0
230
1
 70
8
 71
2
 72
6
 73
3
 74
0
 40
0.000000000
 40
0.000000000
 40
0.000000000
 40
1.000000000
 40
1.000000000
 40
1.000000000
 10
68.208727679
 20
57.197656250
 30
0.000000000
 10
68.079687500
 20
57.362857143
 30
0.000000000
 10
67.858705357
 20
57.362857143
 30
0.000000000
  0
SPLINE
  5
CA8
330
A02
100
AcDbEntity
  8
ShapeString002
100
AcDbSpline
210
0
220
0
230
1
 70
8
 71
2
 72
6
 73
3
 74
0
 40
0.000000000
 40
0.000000000
 40
0.000000000
 40
1.000000000
 40
1.000000000
 40
1.000000000
 10
68.337834821
 20
56.747321429
 30
0.000000000
 10
68.337834821
 20
57.032455357
 30
0.000000000
 10
68.208727679
 20
57.197656250
 30
0.000000000
  0
SPLINE
  5
CA9
330
A02
100
AcDbEntity
  8
ShapeString002
100
AcDbSpline
210
0
220
0
230
1
 70
8
 71
2
 72
6
 73
3
 74
0
 40
0.000000000
 40
0.000000000
 40
0.000000000
 40
1.000000000
 40
1.000000000
 40
1.000000000
 10
68.208727679
 20
56.298058036
 30
0.000000000
 10
68.337834821
 20
56.463258929
 30
0.000000000
 10
68.337834821
 20
56.747321429
 30
0.000000000
  0
SPLINE
  5
CAA
330
A02
100
AcDbEntity
  8
ShapeString002
100
AcDbSpline
210
0
220
0
230
1
 70
8
 71
2
 72
6
 73
3
 74
0
 40
0.000000000
 40
0.000000000
 40
0.000000000
 40
1.000000000
 40
1.000000000
 40
1.000000000
 10
67.858705357
 20
56.132857143
 30
0.000000000
 10
68.079687500
 20
56.132857143
 30
0.000000000
 10
68.208727679
 20
56.298058036
 30
0.000000000
  0
SPLINE
  5
CAB
330
A02
100
AcDbEntity
  8
ShapeString002
100
AcDbSpline
210
0
220
0
230
1
 70
8
 71
2
 72
6
 73
3
 74
0
 40
0.000000000
 40
0.000000000
 40
0.000000000
 40
1.000000000
 40
1.000000000
 40
1.000000000
 10
67.507611607
 20
56.298058036
 30
0.000000000
 10
67.637723214
 20
56.132857143
 30
0.000000000
 10
67.858705357
 20
56.132857143
 30
0.000000000
  0
SPLINE
  5
CAC
330
A02
100
AcDbEntity
  8
ShapeString002
100
AcDbSpline
210
0
220
0
230
1
 70
8
 71
2
 72
6
 73
3
 74
0
 40
0.000000000
 40
0.000000000
 40
0.000000000
 40
1.000000000
 40
1.000000000
 40
1.000000000
 10
67.377566964
 20
56.747321429
 30
0.000000000
 10
67.377566964
 20
56.463258929
 30
0.000000000
 10
67.507611607
 20
56.298058036
 30
0.000000000
  0
SPLINE
  5
CAD
330
A02
100
AcDbEntity
  8
ShapeString002
100
AcDbSpline
210
0
220
0
230
1
 70
8
 71
2
 72
6
 73
3
 74
0
 40
0.000000000
 40
0.000000000
 40
0.000000000
 40
1.000000000
 40
1.000000000
 40
1.000000000
 10
67.507611607
 20
57.197656250
 30
0.000000000
 10
67.377566964
 20
57.032455357
 30
0.000000000
 10
67.377566964
 20
56.747321429
 30
0.000000000
  0
LINE
  5
CAE
330
A02
100
AcDbEntity
  8
ShapeString002
100
AcDbLine
 10
68.870000000
 20
57.500000000
 30
0.000000000
 11
69.143214286
 21
57.500000000
 31
0.000000000
  0
LINE
  5
CAF
330
A02
100
AcDbEntity
  8
ShapeString002
100
AcDbLine
 10
68.870000000
 20
56.000000000
 30
0.000000000
 11
68.870000000
 21
57.500000000
 31
0.000000000
  0
LINE
  5
CB0
330
A02
100
AcDbEntity
  8
ShapeString002
100
AcDbLine
 10
69.066875000
 20
56.000000000
 30
0.000000000
 11
68.870000000
 21
56.000000000
 31
0.000000000
  0
LINE
  5
CB1
330
A02
100
AcDbEntity
  8
ShapeString002
100
AcDbLine
 10
69.066875000
 20
57.254843750
 30
0.000000000
 11
69.066875000
 21
56.000000000
 31
0.000000000
  0
LINE
  5
CB2
330
A02
100
AcDbEntity
  8
ShapeString002
100
AcDbLine
 10
69.731830357
 20
56.000000000
 30
0.000000000
 11
69.066875000
 21
57.254843750
 31
0.000000000
  0
LINE
  5
CB3
330
A02
100
AcDbEntity
  8
ShapeString002
100
AcDbLine
 10
70.005044643
 20
56.000000000
 30
0.000000000
 11
69.731830357
 21
56.000000000
 31
0.000000000
  0
LINE
  5
CB4
330
A02
100
AcDbEntity
  8
ShapeString002
100
AcDbLine
 10
70.005044643
 20
57.500000000
 30
0.000000000
 11
70.005044643
 21
56.000000000
 31
0.000000000
  0
LINE
  5
CB5
330
A02
100
AcDbEntity
  8
ShapeString002
100
AcDbLine
 10
69.808169643
 20
57.500000000
 30
0.000000000
 11
70.005044643
 21
57.500000000
 31
0.000000000
  0
LINE
  5
CB6
330
A02
100
AcDbEntity
  8
ShapeString002
100
AcDbLine
 10
69.808169643
 20
56.245156250
 30
0.000000000
 11
69.808169643
 21
57.500000000
 31
0.000000000
  0
LINE
  5
CB7
330
A02
100
AcDbEntity
  8
ShapeString002
100
AcDbLine
 10
69.143214286
 20
57.500000000
 30
0.000000000
 11
69.808169643
 21
56.245156250
 31
0.000000000
  0
LINE
  5
CB8
330
A02
100
AcDbEntity
  8
ShapeString002
100
AcDbLine
 10
70.408571429
 20
57.500000000
 30
0.000000000
 11
70.611473214
 21
57.500000000
 31
0.000000000
  0
LINE
  5
CB9
330
A02
100
AcDbEntity
  8
ShapeString002
100
AcDbLine
 10
70.408571429
 20
56.000000000
 30
0.000000000
 11
70.408571429
 21
57.500000000
 31
0.000000000
  0
LINE
  5
CBA
330
A02
100
AcDbEntity
  8
ShapeString002
100
AcDbLine
 10
71.341718750
 20
56.000000000
 30
0.000000000
 11
70.408571429
 21
56.000000000
 31
0.000000000
  0
LINE
  5
CBB
330
A02
100
AcDbEntity
  8
ShapeString002
100
AcDbLine
 10
71.341718750
 20
56.171428571
 30
0.000000000
 11
71.341718750
 21
56.000000000
 31
0.000000000
  0
LINE
  5
CBC
330
A02
100
AcDbEntity
  8
ShapeString002
100
AcDbLine
 10
70.611473214
 20
56.171428571
 30
0.000000000
 11
71.341718750
 21
56.171428571
 31
0.000000000
  0
LINE
  5
CBD
330
A02
100
AcDbEntity
  8
ShapeString002
100
AcDbLine
 10
70.611473214
 20
57.500000000
 30
0.000000000
 11
70.611473214
 21
56.171428571
 31
0.000000000
  0
LINE
  5
CBE
330
A02
100
AcDbEntity
  8
ShapeString002
100
AcDbLine
 10
71.072656250
 20
57.500000000
 30
0.000000000
 11
71.290625000
 21
57.500000000
 31
0.000000000
  0
LINE
  5
CBF
330
A02
100
AcDbEntity
  8
ShapeString002
100
AcDbLine
 10
71.603013393
 20
56.714308036
 30
0.000000000
 11
71.072656250
 21
57.500000000
 31
0.000000000
  0
LINE
  5
CC0
330
A02
100
AcDbEntity
  8
ShapeString002
100
AcDbLine
 10
71.603013393
 20
56.000000000
 30
0.000000000
 11
71.603013393
 21
56.714308036
 31
0.000000000
  0
LINE
  5
CC1
330
A02
100
AcDbEntity
  8
ShapeString002
100
AcDbLine
 10
71.806919643
 20
56.000000000
 30
0.000000000
 11
71.603013393
 21
56.000000000
 31
0.000000000
  0
LINE
  5
CC2
330
A02
100
AcDbEntity
  8
ShapeString002
100
AcDbLine
 10
71.806919643
 20
56.714308036
 30
0.000000000
 11
71.806919643
 21
56.000000000
 31
0.000000000
  0
LINE
  5
CC3
330
A02
100
AcDbEntity
  8
ShapeString002
100
AcDbLine
 10
72.337276786
 20
57.500000000
 30
0.000000000
 11
71.806919643
 21
56.714308036
 31
0.000000000
  0
LINE
  5
CC4
330
A02
100
AcDbEntity
  8
ShapeString002
100
AcDbLine
 10
72.119308036
 20
57.500000000
 30
0.000000000
 11
72.337276786
 21
57.500000000
 31
0.000000000
  0
LINE
  5
CC5
330
A02
100
AcDbEntity
  8
ShapeString002
100
AcDbLine
 10
71.706473214
 20
56.883125000
 30
0.000000000
 11
72.119308036
 21
57.500000000
 31
0.000000000
  0
LINE
  5
CC6
330
A02
100
AcDbEntity
  8
ShapeString002
100
AcDbLine
 10
71.290625000
 20
57.500000000
 30
0.000000000
 11
71.706473214
 21
56.883125000
 31
0.000000000
  0
LINE
  5
CC7
330
A02
100
AcDbEntity
  8
ShapeString002
100
AcDbLine
 10
73.088549107
 20
56.642857143
 30
0.000000000
 11
73.629955357
 21
56.642857143
 31
0.000000000
  0
LINE
  5
CC8
330
A02
100
AcDbEntity
  8
ShapeString002
100
AcDbLine
 10
73.088549107
 20
56.480000000
 30
0.000000000
 11
73.088549107
 21
56.642857143
 31
0.000000000
  0
LINE
  5
CC9
330
A02
100
AcDbEntity
  8
ShapeString002
100
AcDbLine
 10
73.629955357
 20
56.480000000
 30
0.000000000
 11
73.088549107
 21
56.480000000
 31
0.000000000
  0
LINE
  5
CCA
330
A02
100
AcDbEntity
  8
ShapeString002
100
AcDbLine
 10
73.629955357
 20
56.642857143
 30
0.000000000
 11
73.629955357
 21
56.480000000
 31
0.000000000
  0
LINE
  5
CCB
330
A02
100
AcDbEntity
  8
ShapeString002
100
AcDbLine
 10
75.710133929
 20
57.384285714
 30
0.000000000
 11
75.710133929
 21
57.170000000
 31
0.000000000
  0
SPLINE
  5
CCC
330
A02
100
AcDbEntity
  8
ShapeString002
100
AcDbSpline
210
0
220
0
230
1
 70
8
 71
2
 72
6
 73
3
 74
0
 40
0.000000000
 40
0.000000000
 40
0.000000000
 40
1.000000000
 40
1.000000000
 40
1.000000000
 10
75.486607143
 20
57.490357143
 30
0.000000000
 10
75.605669643
 20
57.455000000
 30
0.000000000
 10
75.710133929
 20
57.384285714
 30
0.000000000
  0
SPLINE
  5
CCD
330
A02
100
AcDbEntity
  8
ShapeString002
100
AcDbSpline
210
0
220
0
230
1
 70
8
 71
2
 72
6
 73
3
 74
0
 40
0.000000000
 40
0.000000000
 40
0.000000000
 40
1.000000000
 40
1.000000000
 40
1.000000000
 10
75.233013393
 20
57.525714286
 30
0.000000000
 10
75.367611607
 20
57.525714286
 30
0.000000000
 10
75.486607143
 20
57.490357143
 30
0.000000000
  0
SPLINE
  5
CCE
330
A02
100
AcDbEntity
  8
ShapeString002
100
AcDbSpline
210
0
220
0
230
1
 70
8
 71
2
 72
6
 73
3
 74
0
 40
0.000000000
 40
0.000000000
 40
0.000000000
 40
1.000000000
 40
1.000000000
 40
1.000000000
 10
74.696629464
 20
57.317321429
 30
0.000000000
 10
74.892500000
 20
57.525714286
 30
0.000000000
 10
75.233013393
 20
57.525714286
 30
0.000000000
  0
SPLINE
  5
CCF
330
A02
100
AcDbEntity
  8
ShapeString002
100
AcDbSpline
210
0
220
0
230
1
 70
8
 71
2
 72
6
 73
3
 74
0
 40
0.000000000
 40
0.000000000
 40
0.000000000
 40
1.000000000
 40
1.000000000
 40
1.000000000
 10
74.500758929
 20
56.747388393
 30
0.000000000
 10
74.500758929
 20
57.108928571
 30
0.000000000
 10
74.696629464
 20
57.317321429
 30
0.000000000
  0
SPLINE
  5
CD0
330
A02
100
AcDbEntity
  8
ShapeString002
100
AcDbSpline
210
0
220
0
230
1
 70
8
 71
2
 72
6
 73
3
 74
0
 40
0.000000000
 40
0.000000000
 40
0.000000000
 40
1.000000000
 40
1.000000000
 40
1.000000000
 10
74.696629464
 20
56.178392857
 30
0.000000000
 10
74.500758929
 20
56.386785714
 30
0.000000000
 10
74.500758929
 20
56.747388393
 30
0.000000000
  0
SPLINE
  5
CD1
330
A02
100
AcDbEntity
  8
ShapeString002
100
AcDbSpline
210
0
220
0
230
1
 70
8
 71
2
 72
6
 73
3
 74
0
 40
0.000000000
 40
0.000000000
 40
0.000000000
 40
1.000000000
 40
1.000000000
 40
1.000000000
 10
75.233013393
 20
55.970000000
 30
0.000000000
 10
74.892500000
 20
55.970000000
 30
0.000000000
 10
74.696629464
 20
56.178392857
 30
0.000000000
  0
SPLINE
  5
CD2
330
A02
100
AcDbEntity
  8
ShapeString002
100
AcDbSpline
210
0
220
0
230
1
 70
8
 71
2
 72
6
 73
3
 74
0
 40
0.000000000
 40
0.000000000
 40
0.000000000
 40
1.000000000
 40
1.000000000
 40
1.000000000
 10
75.484598214
 20
56.006428571
 30
0.000000000
 10
75.365602679
 20
55.970000000
 30
0.000000000
 10
75.233013393
 20
55.970000000
 30
0.000000000
  0
SPLINE
  5
CD3
330
A02
100
AcDbEntity
  8
ShapeString002
100
AcDbSpline
210
0
220
0
230
1
 70
8
 71
2
 72
6
 73
3
 74
0
 40
0.000000000
 40
0.000000000
 40
0.000000000
 40
1.000000000
 40
1.000000000
 40
1.000000000
 10
75.710133929
 20
56.115714286
 30
0.000000000
 10
75.603660714
 20
56.042857143
 30
0.000000000
 10
75.484598214
 20
56.006428571
 30
0.000000000
  0
LINE
  5
CD4
330
A02
100
AcDbEntity
  8
ShapeString002
100
AcDbLine
 10
75.710133929
 20
56.325714286
 30
0.000000000
 11
75.710133929
 21
56.115714286
 31
0.000000000
  0
SPLINE
  5
CD5
330
A02
100
AcDbEntity
  8
ShapeString002
100
AcDbSpline
210
0
220
0
230
1
 70
8
 71
2
 72
6
 73
3
 74
0
 40
0.000000000
 40
0.000000000
 40
0.000000000
 40
1.000000000
 40
1.000000000
 40
1.000000000
 10
75.491629464
 20
56.184017857
 30
0.000000000
 10
75.607678571
 20
56.230959821
 30
0.000000000
 10
75.710133929
 20
56.325714286
 30
0.000000000
  0
SPLINE
  5
CD6
330
A02
100
AcDbEntity
  8
ShapeString002
100
AcDbSpline
210
0
220
0
230
1
 70
8
 71
2
 72
6
 73
3
 74
0
 40
0.000000000
 40
0.000000000
 40
0.000000000
 40
1.000000000
 40
1.000000000
 40
1.000000000
 10
75.245066964
 20
56.137142857
 30
0.000000000
 10
75.375647321
 20
56.137142857
 30
0.000000000
 10
75.491629464
 20
56.184017857
 30
0.000000000
  0
SPLINE
  5
CD7
330
A02
100
AcDbEntity
  8
ShapeString002
100
AcDbSpline
210
0
220
0
230
1
 70
8
 71
2
 72
6
 73
3
 74
0
 40
0.000000000
 40
0.000000000
 40
0.000000000
 40
1.000000000
 40
1.000000000
 40
1.000000000
 10
74.851316964
 20
56.294174107
 30
0.000000000
 10
74.987924107
 20
56.137142857
 30
0.000000000
 10
75.245066964
 20
56.137142857
 30
0.000000000
  0
SPLINE
  5
CD8
330
A02
100
AcDbEntity
  8
ShapeString002
100
AcDbSpline
210
0
220
0
230
1
 70
8
 71
2
 72
6
 73
3
 74
0
 40
0.000000000
 40
0.000000000
 40
0.000000000
 40
1.000000000
 40
1.000000000
 40
1.000000000
 10
74.714709821
 20
56.747388393
 30
0.000000000
 10
74.714709821
 20
56.451272321
 30
0.000000000
 10
74.851316964
 20
56.294174107
 30
0.000000000
  0
SPLINE
  5
CD9
330
A02
100
AcDbEntity
  8
ShapeString002
100
AcDbSpline
210
0
220
0
230
1
 70
8
 71
2
 72
6
 73
3
 74
0
 40
0.000000000
 40
0.000000000
 40
0.000000000
 40
1.000000000
 40
1.000000000
 40
1.000000000
 10
74.851316964
 20
57.201473214
 30
0.000000000
 10
74.714709821
 20
57.044441964
 30
0.000000000
 10
74.714709821
 20
56.747388393
 30
0.000000000
  0
SPLINE
  5
CDA
330
A02
100
AcDbEntity
  8
ShapeString002
100
AcDbSpline
210
0
220
0
230
1
 70
8
 71
2
 72
6
 73
3
 74
0
 40
0.000000000
 40
0.000000000
 40
0.000000000
 40
1.000000000
 40
1.000000000
 40
1.000000000
 10
75.245066964
 20
57.358571429
 30
0.000000000
 10
74.987924107
 20
57.358571429
 30
0.000000000
 10
74.851316964
 20
57.201473214
 30
0.000000000
  0
SPLINE
  5
CDB
330
A02
100
AcDbEntity
  8
ShapeString002
100
AcDbSpline
210
0
220
0
230
1
 70
8
 71
2
 72
6
 73
3
 74
0
 40
0.000000000
 40
0.000000000
 40
0.000000000
 40
1.000000000
 40
1.000000000
 40
1.000000000
 10
75.491629464
 20
57.311629464
 30
0.000000000
 10
75.375647321
 20
57.358571429
 30
0.000000000
 10
75.245066964
 20
57.358571429
 30
0.000000000
  0
SPLINE
  5
CDC
330
A02
100
AcDbEntity
  8
ShapeString002
100
AcDbSpline
210
0
220
0
230
1
 70
8
 71
2
 72
6
 73
3
 74
0
 40
0.000000000
 40
0.000000000
 40
0.000000000
 40
1.000000000
 40
1.000000000
 40
1.000000000
 10
75.710133929
 20
57.170000000
 30
0.000000000
 10
75.607678571
 20
57.264754464
 30
0.000000000
 10
75.491629464
 20
57.311629464
 30
0.000000000
  0
LINE
  5
CDD
330
A02
100
AcDbEntity
  8
ShapeString002
100
AcDbLine
 10
76.022857143
 20
57.500000000
 30
0.000000000
 11
76.225758929
 21
57.500000000
 31
0.000000000
  0
LINE
  5
CDE
330
A02
100
AcDbEntity
  8
ShapeString002
100
AcDbLine
 10
76.022857143
 20
56.000000000
 30
0.000000000
 11
76.022857143
 21
57.500000000
 31
0.000000000
  0
LINE
  5
CDF
330
A02
100
AcDbEntity
  8
ShapeString002
100
AcDbLine
 10
76.225758929
 20
56.000000000
 30
0.000000000
 11
76.022857143
 21
56.000000000
 31
0.000000000
  0
LINE
  5
CE0
330
A02
100
AcDbEntity
  8
ShapeString002
100
AcDbLine
 10
76.225758929
 20
56.711428571
 30
0.000000000
 11
76.225758929
 21
56.000000000
 31
0.000000000
  0
LINE
  5
CE1
330
A02
100
AcDbEntity
  8
ShapeString002
100
AcDbLine
 10
76.963035714
 20
56.711428571
 30
0.000000000
 11
76.225758929
 21
56.711428571
 31
0.000000000
  0
LINE
  5
CE2
330
A02
100
AcDbEntity
  8
ShapeString002
100
AcDbLine
 10
76.963035714
 20
56.000000000
 30
0.000000000
 11
76.963035714
 21
56.711428571
 31
0.000000000
  0
LINE
  5
CE3
330
A02
100
AcDbEntity
  8
ShapeString002
100
AcDbLine
 10
77.165937500
 20
56.000000000
 30
0.000000000
 11
76.963035714
 21
56.000000000
 31
0.000000000
  0
LINE
  5
CE4
330
A02
100
AcDbEntity
  8
ShapeString002
100
AcDbLine
 10
77.165937500
 20
57.500000000
 30
0.000000000
 11
77.165937500
 21
56.000000000
 31
0.000000000
  0
LINE
  5
CE5
330
A02
100
AcDbEntity
  8
ShapeString002
100
AcDbLine
 10
76.963035714
 20
57.500000000
 30
0.000000000
 11
77.165937500
 21
57.500000000
 31
0.000000000
  0
LINE
  5
CE6
330
A02
100
AcDbEntity
  8
ShapeString002
100
AcDbLine
 10
76.963035714
 20
56.882857143
 30
0.000000000
 11
76.963035714
 21
57.500000000
 31
0.000000000
  0
LINE
  5
CE7
330
A02
100
AcDbEntity
  8
ShapeString002
100
AcDbLine
 10
76.225758929
 20
56.882857143
 30
0.000000000
 11
76.963035714
 21
56.882857143
 31
0.000000000
  0
LINE
  5
CE8
330
A02
100
AcDbEntity
  8
ShapeString002
100
AcDbLine
 10
76.225758929
 20
57.500000000
 30
0.000000000
 11
76.225758929
 21
56.882857143
 31
0.000000000
  0
LINE
  5
CE9
330
A02
100
AcDbEntity
  8
ShapeString002
100
AcDbLine
 10
77.570000000
 20
57.500000000
 30
0.000000000
 11
78.518214286
 21
57.500000000
 31
0.000000000
  0
LINE
  5
CEA
330
A02
100
AcDbEntity
  8
ShapeString002
100
AcDbLine
 10
77.570000000
 20
56.000000000
 30
0.000000000
 11
77.570000000
 21
57.500000000
 31
0.000000000
  0
LINE
  5
CEB
330
A02
100
AcDbEntity
  8
ShapeString002
100
AcDbLine
 10
78.536294643
 20
56.000000000
 30
0.000000000
 11
77.570000000
 21
56.000000000
 31
0.000000000
  0
LINE
  5
CEC
330
A02
100
AcDbEntity
  8
ShapeString002
100
AcDbLine
 10
78.536294643
 20
56.171428571
 30
0.000000000
 11
78.536294643
 21
56.000000000
 31
0.000000000
  0
LINE
  5
CED
330
A02
100
AcDbEntity
  8
ShapeString002
100
AcDbLine
 10
77.772901786
 20
56.171428571
 30
0.000000000
 11
78.536294643
 21
56.171428571
 31
0.000000000
  0
LINE
  5
CEE
330
A02
100
AcDbEntity
  8
ShapeString002
100
AcDbLine
 10
77.772901786
 20
56.711428571
 30
0.000000000
 11
77.772901786
 21
56.171428571
 31
0.000000000
  0
LINE
  5
CEF
330
A02
100
AcDbEntity
  8
ShapeString002
100
AcDbLine
 10
78.487075893
 20
56.711428571
 30
0.000000000
 11
77.772901786
 21
56.711428571
 31
0.000000000
  0
LINE
  5
CF0
330
A02
100
AcDbEntity
  8
ShapeString002
100
AcDbLine
 10
78.487075893
 20
56.882857143
 30
0.000000000
 11
78.487075893
 21
56.711428571
 31
0.000000000
  0
LINE
  5
CF1
330
A02
100
AcDbEntity
  8
ShapeString002
100
AcDbLine
 10
77.772901786
 20
56.882857143
 30
0.000000000
 11
78.487075893
 21
56.882857143
 31
0.000000000
  0
LINE
  5
CF2
330
A02
100
AcDbEntity
  8
ShapeString002
100
AcDbLine
 10
77.772901786
 20
57.328571429
 30
0.000000000
 11
77.772901786
 21
56.882857143
 31
0.000000000
  0
LINE
  5
CF3
330
A02
100
AcDbEntity
  8
ShapeString002
100
AcDbLine
 10
78.518214286
 20
57.328571429
 30
0.000000000
 11
77.772901786
 21
57.328571429
 31
0.000000000
  0
LINE
  5
CF4
330
A02
100
AcDbEntity
  8
ShapeString002
100
AcDbLine
 10
78.518214286
 20
57.500000000
 30
0.000000000
 11
78.518214286
 21
57.328571429
 31
0.000000000
  0
LINE
  5
CF5
330
A02
100
AcDbEntity
  8
ShapeString002
100
AcDbLine
 10
79.991562500
 20
57.384285714
 30
0.000000000
 11
79.991562500
 21
57.170000000
 31
0.000000000
  0
SPLINE
  5
CF6
330
A02
100
AcDbEntity
  8
ShapeString002
100
AcDbSpline
210
0
220
0
230
1
 70
8
 71
2
 72
6
 73
3
 74
0
 40
0.000000000
 40
0.000000000
 40
0.000000000
 40
1.000000000
 40
1.000000000
 40
1.000000000
 10
79.768035714
 20
57.490357143
 30
0.000000000
 10
79.887098214
 20
57.455000000
 30
0.000000000
 10
79.991562500
 20
57.384285714
 30
0.000000000
  0
SPLINE
  5
CF7
330
A02
100
AcDbEntity
  8
ShapeString002
100
AcDbSpline
210
0
220
0
230
1
 70
8
 71
2
 72
6
 73
3
 74
0
 40
0.000000000
 40
0.000000000
 40
0.000000000
 40
1.000000000
 40
1.000000000
 40
1.000000000
 10
79.514441964
 20
57.525714286
 30
0.000000000
 10
79.649040179
 20
57.525714286
 30
0.000000000
 10
79.768035714
 20
57.490357143
 30
0.000000000
  0
SPLINE
  5
CF8
330
A02
100
AcDbEntity
  8
ShapeString002
100
AcDbSpline
210
0
220
0
230
1
 70
8
 71
2
 72
6
 73
3
 74
0
 40
0.000000000
 40
0.000000000
 40
0.000000000
 40
1.000000000
 40
1.000000000
 40
1.000000000
 10
78.978058036
 20
57.317321429
 30
0.000000000
 10
79.173928571
 20
57.525714286
 30
0.000000000
 10
79.514441964
 20
57.525714286
 30
0.000000000
  0
SPLINE
  5
CF9
330
A02
100
AcDbEntity
  8
ShapeString002
100
AcDbSpline
210
0
220
0
230
1
 70
8
 71
2
 72
6
 73
3
 74
0
 40
0.000000000
 40
0.000000000
 40
0.000000000
 40
1.000000000
 40
1.000000000
 40
1.000000000
 10
78.782187500
 20
56.747388393
 30
0.000000000
 10
78.782187500
 20
57.108928571
 30
0.000000000
 10
78.978058036
 20
57.317321429
 30
0.000000000
  0
SPLINE
  5
CFA
330
A02
100
AcDbEntity
  8
ShapeString002
100
AcDbSpline
210
0
220
0
230
1
 70
8
 71
2
 72
6
 73
3
 74
0
 40
0.000000000
 40
0.000000000
 40
0.000000000
 40
1.000000000
 40
1.000000000
 40
1.000000000
 10
78.978058036
 20
56.178392857
 30
0.000000000
 10
78.782187500
 20
56.386785714
 30
0.000000000
 10
78.782187500
 20
56.747388393
 30
0.000000000
  0
SPLINE
  5
CFB
330
A02
100
AcDbEntity
  8
ShapeString002
100
AcDbSpline
210
0
220
0
230
1
 70
8
 71
2
 72
6
 73
3
 74
0
 40
0.000000000
 40
0.000000000
 40
0.000000000
 40
1.000000000
 40
1.000000000
 40
1.000000000
 10
79.514441964
 20
55.970000000
 30
0.000000000
 10
79.173928571
 20
55.970000000
 30
0.000000000
 10
78.978058036
 20
56.178392857
 30
0.000000000
  0
SPLINE
  5
CFC
330
A02
100
AcDbEntity
  8
ShapeString002
100
AcDbSpline
210
0
220
0
230
1
 70
8
 71
2
 72
6
 73
3
 74
0
 40
0.000000000
 40
0.000000000
 40
0.000000000
 40
1.000000000
 40
1.000000000
 40
1.000000000
 10
79.766026786
 20
56.006428571
 30
0.000000000
 10
79.647031250
 20
55.970000000
 30
0.000000000
 10
79.514441964
 20
55.970000000
 30
0.000000000
  0
SPLINE
  5
CFD
330
A02
100
AcDbEntity
  8
ShapeString002
100
AcDbSpline
210
0
220
0
230
1
 70
8
 71
2
 72
6
 73
3
 74
0
 40
0.000000000
 40
0.000000000
 40
0.000000000
 40
1.000000000
 40
1.000000000
 40
1.000000000
 10
79.991562500
 20
56.115714286
 30
0.000000000
 10
79.885089286
 20
56.042857143
 30
0.000000000
 10
79.766026786
 20
56.006428571
 30
0.000000000
  0
LINE
  5
CFE
330
A02
100
AcDbEntity
  8
ShapeString002
100
AcDbLine
 10
79.991562500
 20
56.325714286
 30
0.000000000
 11
79.991562500
 21
56.115714286
 31
0.000000000
  0
SPLINE
  5
CFF
330
A02
100
AcDbEntity
  8
ShapeString002
100
AcDbSpline
210
0
220
0
230
1
 70
8
 71
2
 72
6
 73
3
 74
0
 40
0.000000000
 40
0.000000000
 40
0.000000000
 40
1.000000000
 40
1.000000000
 40
1.000000000
 10
79.773058036
 20
56.184017857
 30
0.000000000
 10
79.889107143
 20
56.230959821
 30
0.000000000
 10
79.991562500
 20
56.325714286
 30
0.000000000
  0
SPLINE
  5
D00
330
A02
100
AcDbEntity
  8
ShapeString002
100
AcDbSpline
210
0
220
0
230
1
 70
8
 71
2
 72
6
 73
3
 74
0
 40
0.000000000
 40
0.000000000
 40
0.000000000
 40
1.000000000
 40
1.000000000
 40
1.000000000
 10
79.526495536
 20
56.137142857
 30
0.000000000
 10
79.657075893
 20
56.137142857
 30
0.000000000
 10
79.773058036
 20
56.184017857
 30
0.000000000
  0
SPLINE
  5
D01
330
A02
100
AcDbEntity
  8
ShapeString002
100
AcDbSpline
210
0
220
0
230
1
 70
8
 71
2
 72
6
 73
3
 74
0
 40
0.000000000
 40
0.000000000
 40
0.000000000
 40
1.000000000
 40
1.000000000
 40
1.000000000
 10
79.132745536
 20
56.294174107
 30
0.000000000
 10
79.269352679
 20
56.137142857
 30
0.000000000
 10
79.526495536
 20
56.137142857
 30
0.000000000
  0
SPLINE
  5
D02
330
A02
100
AcDbEntity
  8
ShapeString002
100
AcDbSpline
210
0
220
0
230
1
 70
8
 71
2
 72
6
 73
3
 74
0
 40
0.000000000
 40
0.000000000
 40
0.000000000
 40
1.000000000
 40
1.000000000
 40
1.000000000
 10
78.996138393
 20
56.747388393
 30
0.000000000
 10
78.996138393
 20
56.451272321
 30
0.000000000
 10
79.132745536
 20
56.294174107
 30
0.000000000
  0
SPLINE
  5
D03
330
A02
100
AcDbEntity
  8
ShapeString002
100
AcDbSpline
210
0
220
0
230
1
 70
8
 71
2
 72
6
 73
3
 74
0
 40
0.000000000
 40
0.000000000
 40
0.000000000
 40
1.000000000
 40
1.000000000
 40
1.000000000
 10
79.132745536
 20
57.201473214
 30
0.000000000
 10
78.996138393
 20
57.044441964
 30
0.000000000
 10
78.996138393
 20
56.747388393
 30
0.000000000
  0
SPLINE
  5
D04
330
A02
100
AcDbEntity
  8
ShapeString002
100
AcDbSpline
210
0
220
0
230
1
 70
8
 71
2
 72
6
 73
3
 74
0
 40
0.000000000
 40
0.000000000
 40
0.000000000
 40
1.000000000
 40
1.000000000
 40
1.000000000
 10
79.526495536
 20
57.358571429
 30
0.000000000
 10
79.269352679
 20
57.358571429
 30
0.000000000
 10
79.132745536
 20
57.201473214
 30
0.000000000
  0
SPLINE
  5
D05
330
A02
100
AcDbEntity
  8
ShapeString002
100
AcDbSpline
210
0
220
0
230
1
 70
8
 71
2
 72
6
 73
3
 74
0
 40
0.000000000
 40
0.000000000
 40
0.000000000
 40
1.000000000
 40
1.000000000
 40
1.000000000
 10
79.773058036
 20
57.311629464
 30
0.000000000
 10
79.657075893
 20
57.358571429
 30
0.000000000
 10
79.526495536
 20
57.358571429
 30
0.000000000
  0
SPLINE
  5
D06
330
A02
100
AcDbEntity
  8
ShapeString002
100
AcDbSpline
210
0
220
0
230
1
 70
8
 71
2
 72
6
 73
3
 74
0
 40
0.000000000
 40
0.000000000
 40
0.000000000
 40
1.000000000
 40
1.000000000
 40
1.000000000
 10
79.991562500
 20
57.170000000
 30
0.000000000
 10
79.889107143
 20
57.264754464
 30
0.000000000
 10
79.773058036
 20
57.311629464
 30
0.000000000
  0
LINE
  5
D07
330
A02
100
AcDbEntity
  8
ShapeString002
100
AcDbLine
 10
80.304285714
 20
57.500000000
 30
0.000000000
 11
80.507187500
 21
57.500000000
 31
0.000000000
  0
LINE
  5
D08
330
A02
100
AcDbEntity
  8
ShapeString002
100
AcDbLine
 10
80.304285714
 20
56.000000000
 30
0.000000000
 11
80.304285714
 21
57.500000000
 31
0.000000000
  0
LINE
  5
D09
330
A02
100
AcDbEntity
  8
ShapeString002
100
AcDbLine
 10
80.507187500
 20
56.000000000
 30
0.000000000
 11
80.304285714
 21
56.000000000
 31
0.000000000
  0
LINE
  5
D0A
330
A02
100
AcDbEntity
  8
ShapeString002
100
AcDbLine
 10
80.507187500
 20
56.722343750
 30
0.000000000
 11
80.507187500
 21
56.000000000
 31
0.000000000
  0
LINE
  5
D0B
330
A02
100
AcDbEntity
  8
ShapeString002
100
AcDbLine
 10
81.227388393
 20
56.000000000
 30
0.000000000
 11
80.507187500
 21
56.722343750
 31
0.000000000
  0
LINE
  5
D0C
330
A02
100
AcDbEntity
  8
ShapeString002
100
AcDbLine
 10
81.494575893
 20
56.000000000
 30
0.000000000
 11
81.227388393
 21
56.000000000
 31
0.000000000
  0
LINE
  5
D0D
330
A02
100
AcDbEntity
  8
ShapeString002
100
AcDbLine
 10
80.697031250
 20
56.800758929
 30
0.000000000
 11
81.494575893
 21
56.000000000
 31
0.000000000
  0
LINE
  5
D0E
330
A02
100
AcDbEntity
  8
ShapeString002
100
AcDbLine
 10
81.441339286
 20
57.500000000
 30
0.000000000
 11
80.697031250
 21
56.800758929
 31
0.000000000
  0
LINE
  5
D0F
330
A02
100
AcDbEntity
  8
ShapeString002
100
AcDbLine
 10
81.180178571
 20
57.500000000
 30
0.000000000
 11
81.441339286
 21
57.500000000
 31
0.000000000
  0
LINE
  5
D10
330
A02
100
AcDbEntity
  8
ShapeString002
100
AcDbLine
 10
80.507187500
 20
56.866049107
 30
0.000000000
 11
81.180178571
 21
57.500000000
 31
0.000000000
  0
LINE
  5
D11
330
A02
100
AcDbEntity
  8
ShapeString002
100
AcDbLine
 10
80.507187500
 20
57.500000000
 30
0.000000000
 11
80.507187500
 21
56.866049107
 31
0.000000000
  0
LINE
  5
D12
330
A02
100
AcDbEntity
  8
ShapeString002
100
AcDbLine
 10
82.310000000
 20
57.500000000
 30
0.000000000
 11
83.258214286
 21
57.500000000
 31
0.000000000
  0
LINE
  5
D13
330
A02
100
AcDbEntity
  8
ShapeString002
100
AcDbLine
 10
82.310000000
 20
56.000000000
 30
0.000000000
 11
82.310000000
 21
57.500000000
 31
0.000000000
  0
LINE
  5
D14
330
A02
100
AcDbEntity
  8
ShapeString002
100
AcDbLine
 10
83.276294643
 20
56.000000000
 30
0.000000000
 11
82.310000000
 21
56.000000000
 31
0.000000000
  0
LINE
  5
D15
330
A02
100
AcDbEntity
  8
ShapeString002
100
AcDbLine
 10
83.276294643
 20
56.171428571
 30
0.000000000
 11
83.276294643
 21
56.000000000
 31
0.000000000
  0
LINE
  5
D16
330
A02
100
AcDbEntity
  8
ShapeString002
100
AcDbLine
 10
82.512901786
 20
56.171428571
 30
0.000000000
 11
83.276294643
 21
56.171428571
 31
0.000000000
  0
LINE
  5
D17
330
A02
100
AcDbEntity
  8
ShapeString002
100
AcDbLine
 10
82.512901786
 20
56.711428571
 30
0.000000000
 11
82.512901786
 21
56.171428571
 31
0.000000000
  0
LINE
  5
D18
330
A02
100
AcDbEntity
  8
ShapeString002
100
AcDbLine
 10
83.227075893
 20
56.711428571
 30
0.000000000
 11
82.512901786
 21
56.711428571
 31
0.000000000
  0
LINE
  5
D19
330
A02
100
AcDbEntity
  8
ShapeString002
100
AcDbLine
 10
83.227075893
 20
56.882857143
 30
0.000000000
 11
83.227075893
 21
56.711428571
 31
0.000000000
  0
LINE
  5
D1A
330
A02
100
AcDbEntity
  8
ShapeString002
100
AcDbLine
 10
82.512901786
 20
56.882857143
 30
0.000000000
 11
83.227075893
 21
56.882857143
 31
0.000000000
  0
LINE
  5
D1B
330
A02
100
AcDbEntity
  8
ShapeString002
100
AcDbLine
 10
82.512901786
 20
57.328571429
 30
0.000000000
 11
82.512901786
 21
56.882857143
 31
0.000000000
  0
LINE
  5
D1C
330
A02
100
AcDbEntity
  8
ShapeString002
100
AcDbLine
 10
83.258214286
 20
57.328571429
 30
0.000000000
 11
82.512901786
 21
57.328571429
 31
0.000000000
  0
LINE
  5
D1D
330
A02
100
AcDbEntity
  8
ShapeString002
100
AcDbLine
 10
83.258214286
 20
57.500000000
 30
0.000000000
 11
83.258214286
 21
57.328571429
 31
0.000000000
  0
LINE
  5
D1E
330
A02
100
AcDbEntity
  8
ShapeString002
100
AcDbLine
 10
84.731562500
 20
57.384285714
 30
0.000000000
 11
84.731562500
 21
57.170000000
 31
0.000000000
  0
SPLINE
  5
D1F
330
A02
100
AcDbEntity
  8
ShapeString002
100
AcDbSpline
210
0
220
0
230
1
 70
8
 71
2
 72
6
 73
3
 74
0
 40
0.000000000
 40
0.000000000
 40
0.000000000
 40
1.000000000
 40
1.000000000
 40
1.000000000
 10
84.508035714
 20
57.490357143
 30
0.000000000
 10
84.627098214
 20
57.455000000
 30
0.000000000
 10
84.731562500
 20
57.384285714
 30
0.000000000
  0
SPLINE
  5
D20
330
A02
100
AcDbEntity
  8
ShapeString002
100
AcDbSpline
210
0
220
0
230
1
 70
8
 71
2
 72
6
 73
3
 74
0
 40
0.000000000
 40
0.000000000
 40
0.000000000
 40
1.000000000
 40
1.000000000
 40
1.000000000
 10
84.254441964
 20
57.525714286
 30
0.000000000
 10
84.389040179
 20
57.525714286
 30
0.000000000
 10
84.508035714
 20
57.490357143
 30
0.000000000
  0
SPLINE
  5
D21
330
A02
100
AcDbEntity
  8
ShapeString002
100
AcDbSpline
210
0
220
0
230
1
 70
8
 71
2
 72
6
 73
3
 74
0
 40
0.000000000
 40
0.000000000
 40
0.000000000
 40
1.000000000
 40
1.000000000
 40
1.000000000
 10
83.718058036
 20
57.317321429
 30
0.000000000
 10
83.913928571
 20
57.525714286
 30
0.000000000
 10
84.254441964
 20
57.525714286
 30
0.000000000
  0
SPLINE
  5
D22
330
A02
100
AcDbEntity
  8
ShapeString002
100
AcDbSpline
210
0
220
0
230
1
 70
8
 71
2
 72
6
 73
3
 74
0
 40
0.000000000
 40
0.000000000
 40
0.000000000
 40
1.000000000
 40
1.000000000
 40
1.000000000
 10
83.522187500
 20
56.747388393
 30
0.000000000
 10
83.522187500
 20
57.108928571
 30
0.000000000
 10
83.718058036
 20
57.317321429
 30
0.000000000
  0
SPLINE
  5
D23
330
A02
100
AcDbEntity
  8
ShapeString002
100
AcDbSpline
210
0
220
0
230
1
 70
8
 71
2
 72
6
 73
3
 74
0
 40
0.000000000
 40
0.000000000
 40
0.000000000
 40
1.000000000
 40
1.000000000
 40
1.000000000
 10
83.718058036
 20
56.178392857
 30
0.000000000
 10
83.522187500
 20
56.386785714
 30
0.000000000
 10
83.522187500
 20
56.747388393
 30
0.000000000
  0
SPLINE
  5
D24
330
A02
100
AcDbEntity
  8
ShapeString002
100
AcDbSpline
210
0
220
0
230
1
 70
8
 71
2
 72
6
 73
3
 74
0
 40
0.000000000
 40
0.000000000
 40
0.000000000
 40
1.000000000
 40
1.000000000
 40
1.000000000
 10
84.254441964
 20
55.970000000
 30
0.000000000
 10
83.913928571
 20
55.970000000
 30
0.000000000
 10
83.718058036
 20
56.178392857
 30
0.000000000
  0
SPLINE
  5
D25
330
A02
100
AcDbEntity
  8
ShapeString002
100
AcDbSpline
210
0
220
0
230
1
 70
8
 71
2
 72
6
 73
3
 74
0
 40
0.000000000
 40
0.000000000
 40
0.000000000
 40
1.000000000
 40
1.000000000
 40
1.000000000
 10
84.506026786
 20
56.006428571
 30
0.000000000
 10
84.387031250
 20
55.970000000
 30
0.000000000
 10
84.254441964
 20
55.970000000
 30
0.000000000
  0
SPLINE
  5
D26
330
A02
100
AcDbEntity
  8
ShapeString002
100
AcDbSpline
210
0
220
0
230
1
 70
8
 71
2
 72
6
 73
3
 74
0
 40
0.000000000
 40
0.000000000
 40
0.000000000
 40
1.000000000
 40
1.000000000
 40
1.000000000
 10
84.731562500
 20
56.115714286
 30
0.000000000
 10
84.625089286
 20
56.042857143
 30
0.000000000
 10
84.506026786
 20
56.006428571
 30
0.000000000
  0
LINE
  5
D27
330
A02
100
AcDbEntity
  8
ShapeString002
100
AcDbLine
 10
84.731562500
 20
56.325714286
 30
0.000000000
 11
84.731562500
 21
56.115714286
 31
0.000000000
  0
SPLINE
  5
D28
330
A02
100
AcDbEntity
  8
ShapeString002
100
AcDbSpline
210
0
220
0
230
1
 70
8
 71
2
 72
6
 73
3
 74
0
 40
0.000000000
 40
0.000000000
 40
0.000000000
 40
1.000000000
 40
1.000000000
 40
1.000000000
 10
84.513058036
 20
56.184017857
 30
0.000000000
 10
84.629107143
 20
56.230959821
 30
0.000000000
 10
84.731562500
 20
56.325714286
 30
0.000000000
  0
SPLINE
  5
D29
330
A02
100
AcDbEntity
  8
ShapeString002
100
AcDbSpline
210
0
220
0
230
1
 70
8
 71
2
 72
6
 73
3
 74
0
 40
0.000000000
 40
0.000000000
 40
0.000000000
 40
1.000000000
 40
1.000000000
 40
1.000000000
 10
84.266495536
 20
56.137142857
 30
0.000000000
 10
84.397075893
 20
56.137142857
 30
0.000000000
 10
84.513058036
 20
56.184017857
 30
0.000000000
  0
SPLINE
  5
D2A
330
A02
100
AcDbEntity
  8
ShapeString002
100
AcDbSpline
210
0
220
0
230
1
 70
8
 71
2
 72
6
 73
3
 74
0
 40
0.000000000
 40
0.000000000
 40
0.000000000
 40
1.000000000
 40
1.000000000
 40
1.000000000
 10
83.872745536
 20
56.294174107
 30
0.000000000
 10
84.009352679
 20
56.137142857
 30
0.000000000
 10
84.266495536
 20
56.137142857
 30
0.000000000
  0
SPLINE
  5
D2B
330
A02
100
AcDbEntity
  8
ShapeString002
100
AcDbSpline
210
0
220
0
230
1
 70
8
 71
2
 72
6
 73
3
 74
0
 40
0.000000000
 40
0.000000000
 40
0.000000000
 40
1.000000000
 40
1.000000000
 40
1.000000000
 10
83.736138393
 20
56.747388393
 30
0.000000000
 10
83.736138393
 20
56.451272321
 30
0.000000000
 10
83.872745536
 20
56.294174107
 30
0.000000000
  0
SPLINE
  5
D2C
330
A02
100
AcDbEntity
  8
ShapeString002
100
AcDbSpline
210
0
220
0
230
1
 70
8
 71
2
 72
6
 73
3
 74
0
 40
0.000000000
 40
0.000000000
 40
0.000000000
 40
1.000000000
 40
1.000000000
 40
1.000000000
 10
83.872745536
 20
57.201473214
 30
0.000000000
 10
83.736138393
 20
57.044441964
 30
0.000000000
 10
83.736138393
 20
56.747388393
 30
0.000000000
  0
SPLINE
  5
D2D
330
A02
100
AcDbEntity
  8
ShapeString002
100
AcDbSpline
210
0
220
0
230
1
 70
8
 71
2
 72
6
 73
3
 74
0
 40
0.000000000
 40
0.000000000
 40
0.000000000
 40
1.000000000
 40
1.000000000
 40
1.000000000
 10
84.266495536
 20
57.358571429
 30
0.000000000
 10
84.009352679
 20
57.358571429
 30
0.000000000
 10
83.872745536
 20
57.201473214
 30
0.000000000
  0
SPLINE
  5
D2E
330
A02
100
AcDbEntity
  8
ShapeString002
100
AcDbSpline
210
0
220
0
230
1
 70
8
 71
2
 72
6
 73
3
 74
0
 40
0.000000000
 40
0.000000000
 40
0.000000000
 40
1.000000000
 40
1.000000000
 40
1.000000000
 10
84.513058036
 20
57.311629464
 30
0.000000000
 10
84.397075893
 20
57.358571429
 30
0.000000000
 10
84.266495536
 20
57.358571429
 30
0.000000000
  0
SPLINE
  5
D2F
330
A02
100
AcDbEntity
  8
ShapeString002
100
AcDbSpline
210
0
220
0
230
1
 70
8
 71
2
 72
6
 73
3
 74
0
 40
0.000000000
 40
0.000000000
 40
0.000000000
 40
1.000000000
 40
1.000000000
 40
1.000000000
 10
84.731562500
 20
57.170000000
 30
0.000000000
 10
84.629107143
 20
57.264754464
 30
0.000000000
 10
84.513058036
 20
57.311629464
 30
0.000000000
  0
LINE
  5
D30
330
A02
100
AcDbEntity
  8
ShapeString002
100
AcDbLine
 10
85.431004464
 20
57.500000000
 30
0.000000000
 11
85.661026786
 21
57.500000000
 31
0.000000000
  0
LINE
  5
D31
330
A02
100
AcDbEntity
  8
ShapeString002
100
AcDbLine
 10
84.858459821
 20
56.000000000
 30
0.000000000
 11
85.431004464
 21
57.500000000
 31
0.000000000
  0
LINE
  5
D32
330
A02
100
AcDbEntity
  8
ShapeString002
100
AcDbLine
 10
85.072410714
 20
56.000000000
 30
0.000000000
 11
84.858459821
 21
56.000000000
 31
0.000000000
  0
LINE
  5
D33
330
A02
100
AcDbEntity
  8
ShapeString002
100
AcDbLine
 10
85.209017857
 20
56.385714286
 30
0.000000000
 11
85.072410714
 21
56.000000000
 31
0.000000000
  0
LINE
  5
D34
330
A02
100
AcDbEntity
  8
ShapeString002
100
AcDbLine
 10
85.885022321
 20
56.385714286
 30
0.000000000
 11
85.209017857
 21
56.385714286
 31
0.000000000
  0
LINE
  5
D35
330
A02
100
AcDbEntity
  8
ShapeString002
100
AcDbLine
 10
86.021629464
 20
56.000000000
 30
0.000000000
 11
85.885022321
 21
56.385714286
 31
0.000000000
  0
LINE
  5
D36
330
A02
100
AcDbEntity
  8
ShapeString002
100
AcDbLine
 10
86.232566964
 20
56.000000000
 30
0.000000000
 11
86.021629464
 21
56.000000000
 31
0.000000000
  0
LINE
  5
D37
330
A02
100
AcDbEntity
  8
ShapeString002
100
AcDbLine
 10
85.661026786
 20
57.500000000
 30
0.000000000
 11
86.232566964
 21
56.000000000
 31
0.000000000
  0
LINE
  5
D38
330
A02
100
AcDbEntity
  8
ShapeString002
100
AcDbLine
 10
85.545513393
 20
57.299910714
 30
0.000000000
 11
85.270290179
 21
56.552857143
 31
0.000000000
  0
LINE
  5
D39
330
A02
100
AcDbEntity
  8
ShapeString002
100
AcDbLine
 10
85.821741071
 20
56.552857143
 30
0.000000000
 11
85.545513393
 21
57.299910714
 31
0.000000000
  0
LINE
  5
D3A
330
A02
100
AcDbEntity
  8
ShapeString002
100
AcDbLine
 10
85.270290179
 20
56.552857143
 30
0.000000000
 11
85.821741071
 21
56.552857143
 31
0.000000000
  0
LINE
  5
D3B
330
A02
100
AcDbEntity
  8
ShapeString002
100
AcDbLine
 10
86.450000000
 20
57.500000000
 30
0.000000000
 11
86.866852679
 21
57.500000000
 31
0.000000000
  0
LINE
  5
D3C
330
A02
100
AcDbEntity
  8
ShapeString002
100
AcDbLine
 10
86.450000000
 20
56.000000000
 30
0.000000000
 11
86.450000000
 21
57.500000000
 31
0.000000000
  0
LINE
  5
D3D
330
A02
100
AcDbEntity
  8
ShapeString002
100
AcDbLine
 10
86.866852679
 20
56.000000000
 30
0.000000000
 11
86.450000000
 21
56.000000000
 31
0.000000000
  0
SPLINE
  5
D3E
330
A02
100
AcDbEntity
  8
ShapeString002
100
AcDbSpline
210
0
220
0
230
1
 70
8
 71
2
 72
6
 73
3
 74
0
 40
0.000000000
 40
0.000000000
 40
0.000000000
 40
1.000000000
 40
1.000000000
 40
1.000000000
 10
87.505691964
 20
56.181808036
 30
0.000000000
 10
87.300781250
 20
56.000000000
 30
0.000000000
 10
86.866852679
 20
56.000000000
 30
0.000000000
  0
SPLINE
  5
D3F
330
A02
100
AcDbEntity
  8
ShapeString002
100
AcDbSpline
210
0
220
0
230
1
 70
8
 71
2
 72
6
 73
3
 74
0
 40
0.000000000
 40
0.000000000
 40
0.000000000
 40
1.000000000
 40
1.000000000
 40
1.000000000
 10
87.710602679
 20
56.751473214
 30
0.000000000
 10
87.710602679
 20
56.363683036
 30
0.000000000
 10
87.505691964
 20
56.181808036
 30
0.000000000
  0
SPLINE
  5
D40
330
A02
100
AcDbEntity
  8
ShapeString002
100
AcDbSpline
210
0
220
0
230
1
 70
8
 71
2
 72
6
 73
3
 74
0
 40
0.000000000
 40
0.000000000
 40
0.000000000
 40
1.000000000
 40
1.000000000
 40
1.000000000
 10
87.506696429
 20
57.318660714
 30
0.000000000
 10
87.710602679
 20
57.137321429
 30
0.000000000
 10
87.710602679
 20
56.751473214
 30
0.000000000
  0
SPLINE
  5
D41
330
A02
100
AcDbEntity
  8
ShapeString002
100
AcDbSpline
210
0
220
0
230
1
 70
8
 71
2
 72
6
 73
3
 74
0
 40
0.000000000
 40
0.000000000
 40
0.000000000
 40
1.000000000
 40
1.000000000
 40
1.000000000
 10
86.866852679
 20
57.500000000
 30
0.000000000
 10
87.302790179
 20
57.500000000
 30
0.000000000
 10
87.506696429
 20
57.318660714
 30
0.000000000
  0
LINE
  5
D42
330
A02
100
AcDbEntity
  8
ShapeString002
100
AcDbLine
 10
86.652901786
 20
57.332857143
 30
0.000000000
 11
86.652901786
 21
56.167142857
 31
0.000000000
  0
LINE
  5
D43
330
A02
100
AcDbEntity
  8
ShapeString002
100
AcDbLine
 10
86.897991071
 20
57.332857143
 30
0.000000000
 11
86.652901786
 21
57.332857143
 31
0.000000000
  0
SPLINE
  5
D44
330
A02
100
AcDbEntity
  8
ShapeString002
100
AcDbSpline
210
0
220
0
230
1
 70
8
 71
2
 72
6
 73
3
 74
0
 40
0.000000000
 40
0.000000000
 40
0.000000000
 40
1.000000000
 40
1.000000000
 40
1.000000000
 10
87.352477679
 20
57.192767857
 30
0.000000000
 10
87.208370536
 20
57.332857143
 30
0.000000000
 10
86.897991071
 20
57.332857143
 30
0.000000000
  0
SPLINE
  5
D45
330
A02
100
AcDbEntity
  8
ShapeString002
100
AcDbSpline
210
0
220
0
230
1
 70
8
 71
2
 72
6
 73
3
 74
0
 40
0.000000000
 40
0.000000000
 40
0.000000000
 40
1.000000000
 40
1.000000000
 40
1.000000000
 10
87.496651786
 20
56.751473214
 30
0.000000000
 10
87.496651786
 20
57.052745536
 30
0.000000000
 10
87.352477679
 20
57.192767857
 30
0.000000000
  0
SPLINE
  5
D46
330
A02
100
AcDbEntity
  8
ShapeString002
100
AcDbSpline
210
0
220
0
230
1
 70
8
 71
2
 72
6
 73
3
 74
0
 40
0.000000000
 40
0.000000000
 40
0.000000000
 40
1.000000000
 40
1.000000000
 40
1.000000000
 10
87.352477679
 20
56.307700893
 30
0.000000000
 10
87.496651786
 20
56.448258929
 30
0.000000000
 10
87.496651786
 20
56.751473214
 30
0.000000000
  0
SPLINE
  5
D47
330
A02
100
AcDbEntity
  8
ShapeString002
100
AcDbSpline
210
0
220
0
230
1
 70
8
 71
2
 72
6
 73
3
 74
0
 40
0.000000000
 40
0.000000000
 40
0.000000000
 40
1.000000000
 40
1.000000000
 40
1.000000000
 10
86.897991071
 20
56.167142857
 30
0.000000000
 10
87.208370536
 20
56.167142857
 30
0.000000000
 10
87.352477679
 20
56.307700893
 30
0.000000000
  0
LINE
  5
D48
330
A02
100
AcDbEntity
  8
ShapeString002
100
AcDbLine
 10
86.652901786
 20
56.167142857
 30
0.000000000
 11
86.897991071
 21
56.167142857
 31
0.000000000
  0
LINE
  5
D49
330
A02
100
AcDbEntity
  8
ShapeString002
100
AcDbLine
 10
88.691428571
 20
57.500000000
 30
0.000000000
 11
88.894330357
 21
57.500000000
 31
0.000000000
  0
LINE
  5
D4A
330
A02
100
AcDbEntity
  8
ShapeString002
100
AcDbLine
 10
88.691428571
 20
56.000000000
 30
0.000000000
 11
88.691428571
 21
57.500000000
 31
0.000000000
  0
LINE
  5
D4B
330
A02
100
AcDbEntity
  8
ShapeString002
100
AcDbLine
 10
89.624575893
 20
56.000000000
 30
0.000000000
 11
88.691428571
 21
56.000000000
 31
0.000000000
  0
LINE
  5
D4C
330
A02
100
AcDbEntity
  8
ShapeString002
100
AcDbLine
 10
89.624575893
 20
56.171428571
 30
0.000000000
 11
89.624575893
 21
56.000000000
 31
0.000000000
  0
LINE
  5
D4D
330
A02
100
AcDbEntity
  8
ShapeString002
100
AcDbLine
 10
88.894330357
 20
56.171428571
 30
0.000000000
 11
89.624575893
 21
56.171428571
 31
0.000000000
  0
LINE
  5
D4E
330
A02
100
AcDbEntity
  8
ShapeString002
100
AcDbLine
 10
88.894330357
 20
57.500000000
 30
0.000000000
 11
88.894330357
 21
56.171428571
 31
0.000000000
  0
LINE
  5
D4F
330
A02
100
AcDbEntity
  8
ShapeString002
100
AcDbLine
 10
90.269575893
 20
57.500000000
 30
0.000000000
 11
90.499598214
 21
57.500000000
 31
0.000000000
  0
LINE
  5
D50
330
A02
100
AcDbEntity
  8
ShapeString002
100
AcDbLine
 10
89.697031250
 20
56.000000000
 30
0.000000000
 11
90.269575893
 21
57.500000000
 31
0.000000000
  0
LINE
  5
D51
330
A02
100
AcDbEntity
  8
ShapeString002
100
AcDbLine
 10
89.910982143
 20
56.000000000
 30
0.000000000
 11
89.697031250
 21
56.000000000
 31
0.000000000
  0
LINE
  5
D52
330
A02
100
AcDbEntity
  8
ShapeString002
100
AcDbLine
 10
90.047589286
 20
56.385714286
 30
0.000000000
 11
89.910982143
 21
56.000000000
 31
0.000000000
  0
LINE
  5
D53
330
A02
100
AcDbEntity
  8
ShapeString002
100
AcDbLine
 10
90.723593750
 20
56.385714286
 30
0.000000000
 11
90.047589286
 21
56.385714286
 31
0.000000000
  0
LINE
  5
D54
330
A02
100
AcDbEntity
  8
ShapeString002
100
AcDbLine
 10
90.860200893
 20
56.000000000
 30
0.000000000
 11
90.723593750
 21
56.385714286
 31
0.000000000
  0
LINE
  5
D55
330
A02
100
AcDbEntity
  8
ShapeString002
100
AcDbLine
 10
91.071138393
 20
56.000000000
 30
0.000000000
 11
90.860200893
 21
56.000000000
 31
0.000000000
  0
LINE
  5
D56
330
A02
100
AcDbEntity
  8
ShapeString002
100
AcDbLine
 10
90.499598214
 20
57.500000000
 30
0.000000000
 11
91.071138393
 21
56.000000000
 31
0.000000000
  0
LINE
  5
D57
330
A02
100
AcDbEntity
  8
ShapeString002
100
AcDbLine
 10
90.384084821
 20
57.299910714
 30
0.000000000
 11
90.108861607
 21
56.552857143
 31
0.000000000
  0
LINE
  5
D58
330
A02
100
AcDbEntity
  8
ShapeString002
100
AcDbLine
 10
90.660312500
 20
56.552857143
 30
0.000000000
 11
90.384084821
 21
57.299910714
 31
0.000000000
  0
LINE
  5
D59
330
A02
100
AcDbEntity
  8
ShapeString002
100
AcDbLine
 10
90.108861607
 20
56.552857143
 30
0.000000000
 11
90.660312500
 21
56.552857143
 31
0.000000000
  0
LINE
  5
D5A
330
A02
100
AcDbEntity
  8
ShapeString002
100
AcDbLine
 10
91.288571429
 20
57.500000000
 30
0.000000000
 11
91.561785714
 21
57.500000000
 31
0.000000000
  0
LINE
  5
D5B
330
A02
100
AcDbEntity
  8
ShapeString002
100
AcDbLine
 10
91.288571429
 20
56.000000000
 30
0.000000000
 11
91.288571429
 21
57.500000000
 31
0.000000000
  0
LINE
  5
D5C
330
A02
100
AcDbEntity
  8
ShapeString002
100
AcDbLine
 10
91.485446429
 20
56.000000000
 30
0.000000000
 11
91.288571429
 21
56.000000000
 31
0.000000000
  0
LINE
  5
D5D
330
A02
100
AcDbEntity
  8
ShapeString002
100
AcDbLine
 10
91.485446429
 20
57.254843750
 30
0.000000000
 11
91.485446429
 21
56.000000000
 31
0.000000000
  0
LINE
  5
D5E
330
A02
100
AcDbEntity
  8
ShapeString002
100
AcDbLine
 10
92.150401786
 20
56.000000000
 30
0.000000000
 11
91.485446429
 21
57.254843750
 31
0.000000000
  0
LINE
  5
D5F
330
A02
100
AcDbEntity
  8
ShapeString002
100
AcDbLine
 10
92.423616071
 20
56.000000000
 30
0.000000000
 11
92.150401786
 21
56.000000000
 31
0.000000000
  0
LINE
  5
D60
330
A02
100
AcDbEntity
  8
ShapeString002
100
AcDbLine
 10
92.423616071
 20
57.500000000
 30
0.000000000
 11
92.423616071
 21
56.000000000
 31
0.000000000
  0
LINE
  5
D61
330
A02
100
AcDbEntity
  8
ShapeString002
100
AcDbLine
 10
92.226741071
 20
57.500000000
 30
0.000000000
 11
92.423616071
 21
57.500000000
 31
0.000000000
  0
LINE
  5
D62
330
A02
100
AcDbEntity
  8
ShapeString002
100
AcDbLine
 10
92.226741071
 20
56.245156250
 30
0.000000000
 11
92.226741071
 21
57.500000000
 31
0.000000000
  0
LINE
  5
D63
330
A02
100
AcDbEntity
  8
ShapeString002
100
AcDbLine
 10
91.561785714
 20
57.500000000
 30
0.000000000
 11
92.226741071
 21
56.245156250
 31
0.000000000
  0
LINE
  5
D64
330
A02
100
AcDbEntity
  8
ShapeString002
100
AcDbLine
 10
92.827142857
 20
57.500000000
 30
0.000000000
 11
93.243995536
 21
57.500000000
 31
0.000000000
  0
LINE
  5
D65
330
A02
100
AcDbEntity
  8
ShapeString002
100
AcDbLine
 10
92.827142857
 20
56.000000000
 30
0.000000000
 11
92.827142857
 21
57.500000000
 31
0.000000000
  0
LINE
  5
D66
330
A02
100
AcDbEntity
  8
ShapeString002
100
AcDbLine
 10
93.243995536
 20
56.000000000
 30
0.000000000
 11
92.827142857
 21
56.000000000
 31
0.000000000
  0
SPLINE
  5
D67
330
A02
100
AcDbEntity
  8
ShapeString002
100
AcDbSpline
210
0
220
0
230
1
 70
8
 71
2
 72
6
 73
3
 74
0
 40
0.000000000
 40
0.000000000
 40
0.000000000
 40
1.000000000
 40
1.000000000
 40
1.000000000
 10
93.882834821
 20
56.181808036
 30
0.000000000
 10
93.677924107
 20
56.000000000
 30
0.000000000
 10
93.243995536
 20
56.000000000
 30
0.000000000
  0
SPLINE
  5
D68
330
A02
100
AcDbEntity
  8
ShapeString002
100
AcDbSpline
210
0
220
0
230
1
 70
8
 71
2
 72
6
 73
3
 74
0
 40
0.000000000
 40
0.000000000
 40
0.000000000
 40
1.000000000
 40
1.000000000
 40
1.000000000
 10
94.087745536
 20
56.751473214
 30
0.000000000
 10
94.087745536
 20
56.363683036
 30
0.000000000
 10
93.882834821
 20
56.181808036
 30
0.000000000
  0
SPLINE
  5
D69
330
A02
100
AcDbEntity
  8
ShapeString002
100
AcDbSpline
210
0
220
0
230
1
 70
8
 71
2
 72
6
 73
3
 74
0
 40
0.000000000
 40
0.000000000
 40
0.000000000
 40
1.000000000
 40
1.000000000
 40
1.000000000
 10
93.883839286
 20
57.318660714
 30
0.000000000
 10
94.087745536
 20
57.137321429
 30
0.000000000
 10
94.087745536
 20
56.751473214
 30
0.000000000
  0
SPLINE
  5
D6A
330
A02
100
AcDbEntity
  8
ShapeString002
100
AcDbSpline
210
0
220
0
230
1
 70
8
 71
2
 72
6
 73
3
 74
0
 40
0.000000000
 40
0.000000000
 40
0.000000000
 40
1.000000000
 40
1.000000000
 40
1.000000000
 10
93.243995536
 20
57.500000000
 30
0.000000000
 10
93.679933036
 20
57.500000000
 30
0.000000000
 10
93.883839286
 20
57.318660714
 30
0.000000000
  0
LINE
  5
D6B
330
A02
100
AcDbEntity
  8
ShapeString002
100
AcDbLine
 10
93.030044643
 20
57.332857143
 30
0.000000000
 11
93.030044643
 21
56.167142857
 31
0.000000000
  0
LINE
  5
D6C
330
A02
100
AcDbEntity
  8
ShapeString002
100
AcDbLine
 10
93.275133929
 20
57.332857143
 30
0.000000000
 11
93.030044643
 21
57.332857143
 31
0.000000000
  0
SPLINE
  5
D6D
330
A02
100
AcDbEntity
  8
ShapeString002
100
AcDbSpline
210
0
220
0
230
1
 70
8
 71
2
 72
6
 73
3
 74
0
 40
0.000000000
 40
0.000000000
 40
0.000000000
 40
1.000000000
 40
1.000000000
 40
1.000000000
 10
93.729620536
 20
57.192767857
 30
0.000000000
 10
93.585513393
 20
57.332857143
 30
0.000000000
 10
93.275133929
 20
57.332857143
 30
0.000000000
  0
SPLINE
  5
D6E
330
A02
100
AcDbEntity
  8
ShapeString002
100
AcDbSpline
210
0
220
0
230
1
 70
8
 71
2
 72
6
 73
3
 74
0
 40
0.000000000
 40
0.000000000
 40
0.000000000
 40
1.000000000
 40
1.000000000
 40
1.000000000
 10
93.873794643
 20
56.751473214
 30
0.000000000
 10
93.873794643
 20
57.052745536
 30
0.000000000
 10
93.729620536
 20
57.192767857
 30
0.000000000
  0
SPLINE
  5
D6F
330
A02
100
AcDbEntity
  8
ShapeString002
100
AcDbSpline
210
0
220
0
230
1
 70
8
 71
2
 72
6
 73
3
 74
0
 40
0.000000000
 40
0.000000000
 40
0.000000000
 40
1.000000000
 40
1.000000000
 40
1.000000000
 10
93.729620536
 20
56.307700893
 30
0.000000000
 10
93.873794643
 20
56.448258929
 30
0.000000000
 10
93.873794643
 20
56.751473214
 30
0.000000000
  0
SPLINE
  5
D70
330
A02
100
AcDbEntity
  8
ShapeString002
100
AcDbSpline
210
0
220
0
230
1
 70
8
 71
2
 72
6
 73
3
 74
0
 40
0.000000000
 40
0.000000000
 40
0.000000000
 40
1.000000000
 40
1.000000000
 40
1.000000000
 10
93.275133929
 20
56.167142857
 30
0.000000000
 10
93.585513393
 20
56.167142857
 30
0.000000000
 10
93.729620536
 20
56.307700893
 30
0.000000000
  0
LINE
  5
D71
330
A02
100
AcDbEntity
  8
ShapeString002
100
AcDbLine
 10
93.030044643
 20
56.167142857
 30
0.000000000
 11
93.275133929
 21
56.167142857
 31
0.000000000
  0
LINE
  5
D72
330
A02
100
AcDbEntity
  8
ShapeString002
100
AcDbLine
 10
95.068571429
 20
57.500000000
 30
0.000000000
 11
95.526607143
 21
57.500000000
 31
0.000000000
  0
LINE
  5
D73
330
A02
100
AcDbEntity
  8
ShapeString002
100
AcDbLine
 10
95.068571429
 20
56.000000000
 30
0.000000000
 11
95.068571429
 21
57.500000000
 31
0.000000000
  0
LINE
  5
D74
330
A02
100
AcDbEntity
  8
ShapeString002
100
AcDbLine
 10
95.271473214
 20
56.000000000
 30
0.000000000
 11
95.068571429
 21
56.000000000
 31
0.000000000
  0
LINE
  5
D75
330
A02
100
AcDbEntity
  8
ShapeString002
100
AcDbLine
 10
95.271473214
 20
56.604285714
 30
0.000000000
 11
95.271473214
 21
56.000000000
 31
0.000000000
  0
LINE
  5
D76
330
A02
100
AcDbEntity
  8
ShapeString002
100
AcDbLine
 10
95.526607143
 20
56.604285714
 30
0.000000000
 11
95.271473214
 21
56.604285714
 31
0.000000000
  0
SPLINE
  5
D77
330
A02
100
AcDbEntity
  8
ShapeString002
100
AcDbSpline
210
0
220
0
230
1
 70
8
 71
2
 72
6
 73
3
 74
0
 40
0.000000000
 40
0.000000000
 40
0.000000000
 40
1.000000000
 40
1.000000000
 40
1.000000000
 10
95.907767857
 20
56.717589286
 30
0.000000000
 10
95.778727679
 20
56.604285714
 30
0.000000000
 10
95.526607143
 20
56.604285714
 30
0.000000000
  0
SPLINE
  5
D78
330
A02
100
AcDbEntity
  8
ShapeString002
100
AcDbSpline
210
0
220
0
230
1
 70
8
 71
2
 72
6
 73
3
 74
0
 40
0.000000000
 40
0.000000000
 40
0.000000000
 40
1.000000000
 40
1.000000000
 40
1.000000000
 10
96.036875000
 20
57.052611607
 30
0.000000000
 10
96.036875000
 20
56.830959821
 30
0.000000000
 10
95.907767857
 20
56.717589286
 30
0.000000000
  0
SPLINE
  5
D79
330
A02
100
AcDbEntity
  8
ShapeString002
100
AcDbSpline
210
0
220
0
230
1
 70
8
 71
2
 72
6
 73
3
 74
0
 40
0.000000000
 40
0.000000000
 40
0.000000000
 40
1.000000000
 40
1.000000000
 40
1.000000000
 10
95.907767857
 20
57.386160714
 30
0.000000000
 10
96.036875000
 20
57.272321429
 30
0.000000000
 10
96.036875000
 20
57.052611607
 30
0.000000000
  0
SPLINE
  5
D7A
330
A02
100
AcDbEntity
  8
ShapeString002
100
AcDbSpline
210
0
220
0
230
1
 70
8
 71
2
 72
6
 73
3
 74
0
 40
0.000000000
 40
0.000000000
 40
0.000000000
 40
1.000000000
 40
1.000000000
 40
1.000000000
 10
95.526607143
 20
57.500000000
 30
0.000000000
 10
95.778727679
 20
57.500000000
 30
0.000000000
 10
95.907767857
 20
57.386160714
 30
0.000000000
  0
LINE
  5
D7B
330
A02
100
AcDbEntity
  8
ShapeString002
100
AcDbLine
 10
95.271473214
 20
57.332857143
 30
0.000000000
 11
95.271473214
 21
56.771428571
 31
0.000000000
  0
LINE
  5
D7C
330
A02
100
AcDbEntity
  8
ShapeString002
100
AcDbLine
 10
95.526607143
 20
57.332857143
 30
0.000000000
 11
95.271473214
 21
57.332857143
 31
0.000000000
  0
SPLINE
  5
D7D
330
A02
100
AcDbEntity
  8
ShapeString002
100
AcDbSpline
210
0
220
0
230
1
 70
8
 71
2
 72
6
 73
3
 74
0
 40
0.000000000
 40
0.000000000
 40
0.000000000
 40
1.000000000
 40
1.000000000
 40
1.000000000
 10
95.745580357
 20
57.259799107
 30
0.000000000
 10
95.668236607
 20
57.332857143
 30
0.000000000
 10
95.526607143
 20
57.332857143
 30
0.000000000
  0
SPLINE
  5
D7E
330
A02
100
AcDbEntity
  8
ShapeString002
100
AcDbSpline
210
0
220
0
230
1
 70
8
 71
2
 72
6
 73
3
 74
0
 40
0.000000000
 40
0.000000000
 40
0.000000000
 40
1.000000000
 40
1.000000000
 40
1.000000000
 10
95.822924107
 20
57.052611607
 30
0.000000000
 10
95.822924107
 20
57.186741071
 30
0.000000000
 10
95.745580357
 20
57.259799107
 30
0.000000000
  0
SPLINE
  5
D7F
330
A02
100
AcDbEntity
  8
ShapeString002
100
AcDbSpline
210
0
220
0
230
1
 70
8
 71
2
 72
6
 73
3
 74
0
 40
0.000000000
 40
0.000000000
 40
0.000000000
 40
1.000000000
 40
1.000000000
 40
1.000000000
 10
95.745580357
 20
56.844486607
 30
0.000000000
 10
95.822924107
 20
56.917544643
 30
0.000000000
 10
95.822924107
 20
57.052611607
 30
0.000000000
  0
SPLINE
  5
D80
330
A02
100
AcDbEntity
  8
ShapeString002
100
AcDbSpline
210
0
220
0
230
1
 70
8
 71
2
 72
6
 73
3
 74
0
 40
0.000000000
 40
0.000000000
 40
0.000000000
 40
1.000000000
 40
1.000000000
 40
1.000000000
 10
95.526607143
 20
56.771428571
 30
0.000000000
 10
95.668236607
 20
56.771428571
 30
0.000000000
 10
95.745580357
 20
56.844486607
 30
0.000000000
  0
LINE
  5
D81
330
A02
100
AcDbEntity
  8
ShapeString002
100
AcDbLine
 10
95.271473214
 20
56.771428571
 30
0.000000000
 11
95.526607143
 21
56.771428571
 31
0.000000000
  0
LINE
  5
D82
330
A02
100
AcDbEntity
  8
ShapeString002
100
AcDbLine
 10
96.561004464
 20
57.500000000
 30
0.000000000
 11
96.791026786
 21
57.500000000
 31
0.000000000
  0
LINE
  5
D83
330
A02
100
AcDbEntity
  8
ShapeString002
100
AcDbLine
 10
95.988459821
 20
56.000000000
 30
0.000000000
 11
96.561004464
 21
57.500000000
 31
0.000000000
  0
LINE
  5
D84
330
A02
100
AcDbEntity
  8
ShapeString002
100
AcDbLine
 10
96.202410714
 20
56.000000000
 30
0.000000000
 11
95.988459821
 21
56.000000000
 31
0.000000000
  0
LINE
  5
D85
330
A02
100
AcDbEntity
  8
ShapeString002
100
AcDbLine
 10
96.339017857
 20
56.385714286
 30
0.000000000
 11
96.202410714
 21
56.000000000
 31
0.000000000
  0
LINE
  5
D86
330
A02
100
AcDbEntity
  8
ShapeString002
100
AcDbLine
 10
97.015022321
 20
56.385714286
 30
0.000000000
 11
96.339017857
 21
56.385714286
 31
0.000000000
  0
LINE
  5
D87
330
A02
100
AcDbEntity
  8
ShapeString002
100
AcDbLine
 10
97.151629464
 20
56.000000000
 30
0.000000000
 11
97.015022321
 21
56.385714286
 31
0.000000000
  0
LINE
  5
D88
330
A02
100
AcDbEntity
  8
ShapeString002
100
AcDbLine
 10
97.362566964
 20
56.000000000
 30
0.000000000
 11
97.151629464
 21
56.000000000
 31
0.000000000
  0
LINE
  5
D89
330
A02
100
AcDbEntity
  8
ShapeString002
100
AcDbLine
 10
96.791026786
 20
57.500000000
 30
0.000000000
 11
97.362566964
 21
56.000000000
 31
0.000000000
  0
LINE
  5
D8A
330
A02
100
AcDbEntity
  8
ShapeString002
100
AcDbLine
 10
96.675513393
 20
57.299910714
 30
0.000000000
 11
96.400290179
 21
56.552857143
 31
0.000000000
  0
LINE
  5
D8B
330
A02
100
AcDbEntity
  8
ShapeString002
100
AcDbLine
 10
96.951741071
 20
56.552857143
 30
0.000000000
 11
96.675513393
 21
57.299910714
 31
0.000000000
  0
LINE
  5
D8C
330
A02
100
AcDbEntity
  8
ShapeString002
100
AcDbLine
 10
96.400290179
 20
56.552857143
 30
0.000000000
 11
96.951741071
 21
56.552857143
 31
0.000000000
  0
LINE
  5
D8D
330
A02
100
AcDbEntity
  8
ShapeString002
100
AcDbLine
 10
97.213504464
 20
57.500000000
 30
0.000000000
 11
98.482142857
 21
57.500000000
 31
0.000000000
  0
LINE
  5
D8E
330
A02
100
AcDbEntity
  8
ShapeString002
100
AcDbLine
 10
97.213504464
 20
57.328571429
 30
0.000000000
 11
97.213504464
 21
57.500000000
 31
0.000000000
  0
LINE
  5
D8F
330
A02
100
AcDbEntity
  8
ShapeString002
100
AcDbLine
 10
97.745870536
 20
57.328571429
 30
0.000000000
 11
97.213504464
 21
57.328571429
 31
0.000000000
  0
LINE
  5
D90
330
A02
100
AcDbEntity
  8
ShapeString002
100
AcDbLine
 10
97.745870536
 20
56.000000000
 30
0.000000000
 11
97.745870536
 21
57.328571429
 31
0.000000000
  0
LINE
  5
D91
330
A02
100
AcDbEntity
  8
ShapeString002
100
AcDbLine
 10
97.949776786
 20
56.000000000
 30
0.000000000
 11
97.745870536
 21
56.000000000
 31
0.000000000
  0
LINE
  5
D92
330
A02
100
AcDbEntity
  8
ShapeString002
100
AcDbLine
 10
97.949776786
 20
57.328571429
 30
0.000000000
 11
97.949776786
 21
56.000000000
 31
0.000000000
  0
LINE
  5
D93
330
A02
100
AcDbEntity
  8
ShapeString002
100
AcDbLine
 10
98.482142857
 20
57.328571429
 30
0.000000000
 11
97.949776786
 21
57.328571429
 31
0.000000000
  0
LINE
  5
D94
330
A02
100
AcDbEntity
  8
ShapeString002
100
AcDbLine
 10
98.482142857
 20
57.500000000
 30
0.000000000
 11
98.482142857
 21
57.328571429
 31
0.000000000
  0
LINE
  5
D95
330
A02
100
AcDbEntity
  8
ShapeString002
100
AcDbLine
 10
98.434933036
 20
57.500000000
 30
0.000000000
 11
99.703571429
 21
57.500000000
 31
0.000000000
  0
LINE
  5
D96
330
A02
100
AcDbEntity
  8
ShapeString002
100
AcDbLine
 10
98.434933036
 20
57.328571429
 30
0.000000000
 11
98.434933036
 21
57.500000000
 31
0.000000000
  0
LINE
  5
D97
330
A02
100
AcDbEntity
  8
ShapeString002
100
AcDbLine
 10
98.967299107
 20
57.328571429
 30
0.000000000
 11
98.434933036
 21
57.328571429
 31
0.000000000
  0
LINE
  5
D98
330
A02
100
AcDbEntity
  8
ShapeString002
100
AcDbLine
 10
98.967299107
 20
56.000000000
 30
0.000000000
 11
98.967299107
 21
57.328571429
 31
0.000000000
  0
LINE
  5
D99
330
A02
100
AcDbEntity
  8
ShapeString002
100
AcDbLine
 10
99.171205357
 20
56.000000000
 30
0.000000000
 11
98.967299107
 21
56.000000000
 31
0.000000000
  0
LINE
  5
D9A
330
A02
100
AcDbEntity
  8
ShapeString002
100
AcDbLine
 10
99.171205357
 20
57.328571429
 30
0.000000000
 11
99.171205357
 21
56.000000000
 31
0.000000000
  0
LINE
  5
D9B
330
A02
100
AcDbEntity
  8
ShapeString002
100
AcDbLine
 10
99.703571429
 20
57.328571429
 30
0.000000000
 11
99.171205357
 21
57.328571429
 31
0.000000000
  0
LINE
  5
D9C
330
A02
100
AcDbEntity
  8
ShapeString002
100
AcDbLine
 10
99.703571429
 20
57.500000000
 30
0.000000000
 11
99.703571429
 21
57.328571429
 31
0.000000000
  0
LINE
  5
D9D
330
A02
100
AcDbEntity
  8
ShapeString002
100
AcDbLine
 10
99.898571429
 20
57.500000000
 30
0.000000000
 11
100.846785714
 21
57.500000000
 31
0.000000000
  0
LINE
  5
D9E
330
A02
100
AcDbEntity
  8
ShapeString002
100
AcDbLine
 10
99.898571429
 20
56.000000000
 30
0.000000000
 11
99.898571429
 21
57.500000000
 31
0.000000000
  0
LINE
  5
D9F
330
A02
100
AcDbEntity
  8
ShapeString002
100
AcDbLine
 10
100.864866071
 20
56.000000000
 30
0.000000000
 11
99.898571429
 21
56.000000000
 31
0.000000000
  0
LINE
  5
DA0
330
A02
100
AcDbEntity
  8
ShapeString002
100
AcDbLine
 10
100.864866071
 20
56.171428571
 30
0.000000000
 11
100.864866071
 21
56.000000000
 31
0.000000000
  0
LINE
  5
DA1
330
A02
100
AcDbEntity
  8
ShapeString002
100
AcDbLine
 10
100.101473214
 20
56.171428571
 30
0.000000000
 11
100.864866071
 21
56.171428571
 31
0.000000000
  0
LINE
  5
DA2
330
A02
100
AcDbEntity
  8
ShapeString002
100
AcDbLine
 10
100.101473214
 20
56.711428571
 30
0.000000000
 11
100.101473214
 21
56.171428571
 31
0.000000000
  0
LINE
  5
DA3
330
A02
100
AcDbEntity
  8
ShapeString002
100
AcDbLine
 10
100.815647321
 20
56.711428571
 30
0.000000000
 11
100.101473214
 21
56.711428571
 31
0.000000000
  0
LINE
  5
DA4
330
A02
100
AcDbEntity
  8
ShapeString002
100
AcDbLine
 10
100.815647321
 20
56.882857143
 30
0.000000000
 11
100.815647321
 21
56.711428571
 31
0.000000000
  0
LINE
  5
DA5
330
A02
100
AcDbEntity
  8
ShapeString002
100
AcDbLine
 10
100.101473214
 20
56.882857143
 30
0.000000000
 11
100.815647321
 21
56.882857143
 31
0.000000000
  0
LINE
  5
DA6
330
A02
100
AcDbEntity
  8
ShapeString002
100
AcDbLine
 10
100.101473214
 20
57.328571429
 30
0.000000000
 11
100.101473214
 21
56.882857143
 31
0.000000000
  0
LINE
  5
DA7
330
A02
100
AcDbEntity
  8
ShapeString002
100
AcDbLine
 10
100.846785714
 20
57.328571429
 30
0.000000000
 11
100.101473214
 21
57.328571429
 31
0.000000000
  0
LINE
  5
DA8
330
A02
100
AcDbEntity
  8
ShapeString002
100
AcDbLine
 10
100.846785714
 20
57.500000000
 30
0.000000000
 11
100.846785714
 21
57.328571429
 31
0.000000000
  0
SPLINE
  5
DA9
330
A02
100
AcDbEntity
  8
ShapeString002
100
AcDbSpline
210
0
220
0
230
1
 70
8
 71
2
 72
6
 73
3
 74
0
 40
0.000000000
 40
0.000000000
 40
0.000000000
 40
1.000000000
 40
1.000000000
 40
1.000000000
 10
101.908303571
 20
56.703727679
 30
0.000000000
 10
101.973593750
 20
56.681629464
 30
0.000000000
 10
102.035334821
 20
56.609241071
 30
0.000000000
  0
SPLINE
  5
DAA
330
A02
100
AcDbEntity
  8
ShapeString002
100
AcDbSpline
210
0
220
0
230
1
 70
8
 71
2
 72
6
 73
3
 74
0
 40
0.000000000
 40
0.000000000
 40
0.000000000
 40
1.000000000
 40
1.000000000
 40
1.000000000
 10
102.099620536
 20
56.833236607
 30
0.000000000
 10
102.033861607
 20
56.739888393
 30
0.000000000
 10
101.908303571
 20
56.703727679
 30
0.000000000
  0
SPLINE
  5
DAB
330
A02
100
AcDbEntity
  8
ShapeString002
100
AcDbSpline
210
0
220
0
230
1
 70
8
 71
2
 72
6
 73
3
 74
0
 40
0.000000000
 40
0.000000000
 40
0.000000000
 40
1.000000000
 40
1.000000000
 40
1.000000000
 10
102.165446429
 20
57.068214286
 30
0.000000000
 10
102.165446429
 20
56.926651786
 30
0.000000000
 10
102.099620536
 20
56.833236607
 30
0.000000000
  0
SPLINE
  5
DAC
330
A02
100
AcDbEntity
  8
ShapeString002
100
AcDbSpline
210
0
220
0
230
1
 70
8
 71
2
 72
6
 73
3
 74
0
 40
0.000000000
 40
0.000000000
 40
0.000000000
 40
1.000000000
 40
1.000000000
 40
1.000000000
 10
102.038883929
 20
57.392522321
 30
0.000000000
 10
102.165446429
 20
57.285111607
 30
0.000000000
 10
102.165446429
 20
57.068214286
 30
0.000000000
  0
SPLINE
  5
DAD
330
A02
100
AcDbEntity
  8
ShapeString002
100
AcDbSpline
210
0
220
0
230
1
 70
8
 71
2
 72
6
 73
3
 74
0
 40
0.000000000
 40
0.000000000
 40
0.000000000
 40
1.000000000
 40
1.000000000
 40
1.000000000
 10
101.655178571
 20
57.500000000
 30
0.000000000
 10
101.912321429
 20
57.500000000
 30
0.000000000
 10
102.038883929
 20
57.392522321
 30
0.000000000
  0
LINE
  5
DAE
330
A02
100
AcDbEntity
  8
ShapeString002
100
AcDbLine
 10
101.197142857
 20
57.500000000
 30
0.000000000
 11
101.655178571
 21
57.500000000
 31
0.000000000
  0
LINE
  5
DAF
330
A02
100
AcDbEntity
  8
ShapeString002
100
AcDbLine
 10
101.197142857
 20
56.000000000
 30
0.000000000
 11
101.197142857
 21
57.500000000
 31
0.000000000
  0
LINE
  5
DB0
330
A02
100
AcDbEntity
  8
ShapeString002
100
AcDbLine
 10
101.400044643
 20
56.000000000
 30
0.000000000
 11
101.197142857
 21
56.000000000
 31
0.000000000
  0
LINE
  5
DB1
330
A02
100
AcDbEntity
  8
ShapeString002
100
AcDbLine
 10
101.400044643
 20
56.634285714
 30
0.000000000
 11
101.400044643
 21
56.000000000
 31
0.000000000
  0
LINE
  5
DB2
330
A02
100
AcDbEntity
  8
ShapeString002
100
AcDbLine
 10
101.621026786
 20
56.634285714
 30
0.000000000
 11
101.400044643
 21
56.634285714
 31
0.000000000
  0
SPLINE
  5
DB3
330
A02
100
AcDbEntity
  8
ShapeString002
100
AcDbSpline
210
0
220
0
230
1
 70
8
 71
2
 72
6
 73
3
 74
0
 40
0.000000000
 40
0.000000000
 40
0.000000000
 40
1.000000000
 40
1.000000000
 40
1.000000000
 10
101.811339286
 20
56.585000000
 30
0.000000000
 10
101.741562500
 20
56.634285714
 30
0.000000000
 10
101.621026786
 20
56.634285714
 30
0.000000000
  0
SPLINE
  5
DB4
330
A02
100
AcDbEntity
  8
ShapeString002
100
AcDbSpline
210
0
220
0
230
1
 70
8
 71
2
 72
6
 73
3
 74
0
 40
0.000000000
 40
0.000000000
 40
0.000000000
 40
1.000000000
 40
1.000000000
 40
1.000000000
 10
101.955513393
 20
56.384977679
 30
0.000000000
 10
101.881183036
 20
56.535781250
 30
0.000000000
 10
101.811339286
 20
56.585000000
 30
0.000000000
  0
LINE
  5
DB5
330
A02
100
AcDbEntity
  8
ShapeString002
100
AcDbLine
 10
102.147366071
 20
56.000000000
 30
0.000000000
 11
101.955513393
 21
56.384977679
 31
0.000000000
  0
LINE
  5
DB6
330
A02
100
AcDbEntity
  8
ShapeString002
100
AcDbLine
 10
102.365334821
 20
56.000000000
 30
0.000000000
 11
102.147366071
 21
56.000000000
 31
0.000000000
  0
LINE
  5
DB7
330
A02
100
AcDbEntity
  8
ShapeString002
100
AcDbLine
 10
102.159419643
 20
56.410156250
 30
0.000000000
 11
102.365334821
 21
56.000000000
 31
0.000000000
  0
SPLINE
  5
DB8
330
A02
100
AcDbEntity
  8
ShapeString002
100
AcDbSpline
210
0
220
0
230
1
 70
8
 71
2
 72
6
 73
3
 74
0
 40
0.000000000
 40
0.000000000
 40
0.000000000
 40
1.000000000
 40
1.000000000
 40
1.000000000
 10
102.035334821
 20
56.609241071
 30
0.000000000
 10
102.097142857
 20
56.536852679
 30
0.000000000
 10
102.159419643
 20
56.410156250
 30
0.000000000
  0
LINE
  5
DB9
330
A02
100
AcDbEntity
  8
ShapeString002
100
AcDbLine
 10
101.400044643
 20
57.332857143
 30
0.000000000
 11
101.400044643
 21
56.801428571
 31
0.000000000
  0
LINE
  5
DBA
330
A02
100
AcDbEntity
  8
ShapeString002
100
AcDbLine
 10
101.655178571
 20
57.332857143
 30
0.000000000
 11
101.400044643
 21
57.332857143
 31
0.000000000
  0
SPLINE
  5
DBB
330
A02
100
AcDbEntity
  8
ShapeString002
100
AcDbSpline
210
0
220
0
230
1
 70
8
 71
2
 72
6
 73
3
 74
0
 40
0.000000000
 40
0.000000000
 40
0.000000000
 40
1.000000000
 40
1.000000000
 40
1.000000000
 10
101.876629464
 20
57.266160714
 30
0.000000000
 10
101.801830357
 20
57.332857143
 30
0.000000000
 10
101.655178571
 20
57.332857143
 30
0.000000000
  0
SPLINE
  5
DBC
330
A02
100
AcDbEntity
  8
ShapeString002
100
AcDbSpline
210
0
220
0
230
1
 70
8
 71
2
 72
6
 73
3
 74
0
 40
0.000000000
 40
0.000000000
 40
0.000000000
 40
1.000000000
 40
1.000000000
 40
1.000000000
 10
101.951495536
 20
57.068147321
 30
0.000000000
 10
101.951495536
 20
57.199531250
 30
0.000000000
 10
101.876629464
 20
57.266160714
 30
0.000000000
  0
SPLINE
  5
DBD
330
A02
100
AcDbEntity
  8
ShapeString002
100
AcDbSpline
210
0
220
0
230
1
 70
8
 71
2
 72
6
 73
3
 74
0
 40
0.000000000
 40
0.000000000
 40
0.000000000
 40
1.000000000
 40
1.000000000
 40
1.000000000
 10
101.876629464
 20
56.869062500
 30
0.000000000
 10
101.951495536
 20
56.936763393
 30
0.000000000
 10
101.951495536
 20
57.068147321
 30
0.000000000
  0
SPLINE
  5
DBE
330
A02
100
AcDbEntity
  8
ShapeString002
100
AcDbSpline
210
0
220
0
230
1
 70
8
 71
2
 72
6
 73
3
 74
0
 40
0.000000000
 40
0.000000000
 40
0.000000000
 40
1.000000000
 40
1.000000000
 40
1.000000000
 10
101.655178571
 20
56.801428571
 30
0.000000000
 10
101.801830357
 20
56.801428571
 30
0.000000000
 10
101.876629464
 20
56.869062500
 30
0.000000000
  0
LINE
  5
DBF
330
A02
100
AcDbEntity
  8
ShapeString002
100
AcDbLine
 10
101.400044643
 20
56.801428571
 30
0.000000000
 11
101.655178571
 21
56.801428571
 31
0.000000000
  0
LINE
  5
DC0
330
A02
100
AcDbEntity
  8
ShapeString002
100
AcDbLine
 10
102.628571429
 20
57.500000000
 30
0.000000000
 11
102.901785714
 21
57.500000000
 31
0.000000000
  0
LINE
  5
DC1
330
A02
100
AcDbEntity
  8
ShapeString002
100
AcDbLine
 10
102.628571429
 20
56.000000000
 30
0.000000000
 11
102.628571429
 21
57.500000000
 31
0.000000000
  0
LINE
  5
DC2
330
A02
100
AcDbEntity
  8
ShapeString002
100
AcDbLine
 10
102.825446429
 20
56.000000000
 30
0.000000000
 11
102.628571429
 21
56.000000000
 31
0.000000000
  0
LINE
  5
DC3
330
A02
100
AcDbEntity
  8
ShapeString002
100
AcDbLine
 10
102.825446429
 20
57.254843750
 30
0.000000000
 11
102.825446429
 21
56.000000000
 31
0.000000000
  0
LINE
  5
DC4
330
A02
100
AcDbEntity
  8
ShapeString002
100
AcDbLine
 10
103.490401786
 20
56.000000000
 30
0.000000000
 11
102.825446429
 21
57.254843750
 31
0.000000000
  0
LINE
  5
DC5
330
A02
100
AcDbEntity
  8
ShapeString002
100
AcDbLine
 10
103.763616071
 20
56.000000000
 30
0.000000000
 11
103.490401786
 21
56.000000000
 31
0.000000000
  0
LINE
  5
DC6
330
A02
100
AcDbEntity
  8
ShapeString002
100
AcDbLine
 10
103.763616071
 20
57.500000000
 30
0.000000000
 11
103.763616071
 21
56.000000000
 31
0.000000000
  0
LINE
  5
DC7
330
A02
100
AcDbEntity
  8
ShapeString002
100
AcDbLine
 10
103.566741071
 20
57.500000000
 30
0.000000000
 11
103.763616071
 21
57.500000000
 31
0.000000000
  0
LINE
  5
DC8
330
A02
100
AcDbEntity
  8
ShapeString002
100
AcDbLine
 10
103.566741071
 20
56.245156250
 30
0.000000000
 11
103.566741071
 21
57.500000000
 31
0.000000000
  0
LINE
  5
DC9
330
A02
100
AcDbEntity
  8
ShapeString002
100
AcDbLine
 10
102.901785714
 20
57.500000000
 30
0.000000000
 11
103.566741071
 21
56.245156250
 31
0.000000000
  0
LINE
  5
DCA
330
A02
100
AcDbEntity
  8
ShapeString002
100
AcDbLine
 10
105.066138393
 20
57.448571429
 30
0.000000000
 11
105.066138393
 21
57.251428571
 31
0.000000000
  0
SPLINE
  5
DCB
330
A02
100
AcDbEntity
  8
ShapeString002
100
AcDbSpline
210
0
220
0
230
1
 70
8
 71
2
 72
6
 73
3
 74
0
 40
0.000000000
 40
0.000000000
 40
0.000000000
 40
1.000000000
 40
1.000000000
 40
1.000000000
 10
104.842142857
 20
57.506428571
 30
0.000000000
 10
104.951629464
 20
57.487142857
 30
0.000000000
 10
105.066138393
 20
57.448571429
 30
0.000000000
  0
SPLINE
  5
DCC
330
A02
100
AcDbEntity
  8
ShapeString002
100
AcDbSpline
210
0
220
0
230
1
 70
8
 71
2
 72
6
 73
3
 74
0
 40
0.000000000
 40
0.000000000
 40
0.000000000
 40
1.000000000
 40
1.000000000
 40
1.000000000
 10
104.627187500
 20
57.525714286
 30
0.000000000
 10
104.732656250
 20
57.525714286
 30
0.000000000
 10
104.842142857
 20
57.506428571
 30
0.000000000
  0
SPLINE
  5
DCD
330
A02
100
AcDbEntity
  8
ShapeString002
100
AcDbSpline
210
0
220
0
230
1
 70
8
 71
2
 72
6
 73
3
 74
0
 40
0.000000000
 40
0.000000000
 40
0.000000000
 40
1.000000000
 40
1.000000000
 40
1.000000000
 10
104.240937500
 20
57.411205357
 30
0.000000000
 10
104.381093750
 20
57.525714286
 30
0.000000000
 10
104.627187500
 20
57.525714286
 30
0.000000000
  0
SPLINE
  5
DCE
330
A02
100
AcDbEntity
  8
ShapeString002
100
AcDbSpline
210
0
220
0
230
1
 70
8
 71
2
 72
6
 73
3
 74
0
 40
0.000000000
 40
0.000000000
 40
0.000000000
 40
1.000000000
 40
1.000000000
 40
1.000000000
 10
104.100848214
 20
57.097879464
 30
0.000000000
 10
104.100848214
 20
57.296696429
 30
0.000000000
 10
104.240937500
 20
57.411205357
 30
0.000000000
  0
SPLINE
  5
DCF
330
A02
100
AcDbEntity
  8
ShapeString002
100
AcDbSpline
210
0
220
0
230
1
 70
8
 71
2
 72
6
 73
3
 74
0
 40
0.000000000
 40
0.000000000
 40
0.000000000
 40
1.000000000
 40
1.000000000
 40
1.000000000
 10
104.202299107
 20
56.829687500
 30
0.000000000
 10
104.100848214
 20
56.926116071
 30
0.000000000
 10
104.100848214
 20
57.097879464
 30
0.000000000
  0
SPLINE
  5
DD0
330
A02
100
AcDbEntity
  8
ShapeString002
100
AcDbSpline
210
0
220
0
230
1
 70
8
 71
2
 72
6
 73
3
 74
0
 40
0.000000000
 40
0.000000000
 40
0.000000000
 40
1.000000000
 40
1.000000000
 40
1.000000000
 10
104.530758929
 20
56.688058036
 30
0.000000000
 10
104.303750000
 20
56.733258929
 30
0.000000000
 10
104.202299107
 20
56.829687500
 30
0.000000000
  0
LINE
  5
DD1
330
A02
100
AcDbEntity
  8
ShapeString002
100
AcDbLine
 10
104.654308036
 20
56.663950893
 30
0.000000000
 11
104.530758929
 21
56.688058036
 31
0.000000000
  0
SPLINE
  5
DD2
330
A02
100
AcDbEntity
  8
ShapeString002
100
AcDbSpline
210
0
220
0
230
1
 70
8
 71
2
 72
6
 73
3
 74
0
 40
0.000000000
 40
0.000000000
 40
0.000000000
 40
1.000000000
 40
1.000000000
 40
1.000000000
 10
104.876763393
 20
56.570200893
 30
0.000000000
 10
104.808995536
 20
56.632678571
 30
0.000000000
 10
104.654308036
 20
56.663950893
 30
0.000000000
  0
SPLINE
  5
DD3
330
A02
100
AcDbEntity
  8
ShapeString002
100
AcDbSpline
210
0
220
0
230
1
 70
8
 71
2
 72
6
 73
3
 74
0
 40
0.000000000
 40
0.000000000
 40
0.000000000
 40
1.000000000
 40
1.000000000
 40
1.000000000
 10
104.944598214
 20
56.396897321
 30
0.000000000
 10
104.944598214
 20
56.507723214
 30
0.000000000
 10
104.876763393
 20
56.570200893
 30
0.000000000
  0
SPLINE
  5
DD4
330
A02
100
AcDbEntity
  8
ShapeString002
100
AcDbSpline
210
0
220
0
230
1
 70
8
 71
2
 72
6
 73
3
 74
0
 40
0.000000000
 40
0.000000000
 40
0.000000000
 40
1.000000000
 40
1.000000000
 40
1.000000000
 10
104.850178571
 20
56.201361607
 30
0.000000000
 10
104.944598214
 20
56.269933036
 30
0.000000000
 10
104.944598214
 20
56.396897321
 30
0.000000000
  0
SPLINE
  5
DD5
330
A02
100
AcDbEntity
  8
ShapeString002
100
AcDbSpline
210
0
220
0
230
1
 70
8
 71
2
 72
6
 73
3
 74
0
 40
0.000000000
 40
0.000000000
 40
0.000000000
 40
1.000000000
 40
1.000000000
 40
1.000000000
 10
104.581986607
 20
56.132857143
 30
0.000000000
 10
104.755758929
 20
56.132857143
 30
0.000000000
 10
104.850178571
 20
56.201361607
 30
0.000000000
  0
SPLINE
  5
DD6
330
A02
100
AcDbEntity
  8
ShapeString002
100
AcDbSpline
210
0
220
0
230
1
 70
8
 71
2
 72
6
 73
3
 74
0
 40
0.000000000
 40
0.000000000
 40
0.000000000
 40
1.000000000
 40
1.000000000
 40
1.000000000
 10
104.348950893
 20
56.168482143
 30
0.000000000
 10
104.467477679
 20
56.132857143
 30
0.000000000
 10
104.581986607
 20
56.132857143
 30
0.000000000
  0
SPLINE
  5
DD7
330
A02
100
AcDbEntity
  8
ShapeString002
100
AcDbSpline
210
0
220
0
230
1
 70
8
 71
2
 72
6
 73
3
 74
0
 40
0.000000000
 40
0.000000000
 40
0.000000000
 40
1.000000000
 40
1.000000000
 40
1.000000000
 10
104.106875000
 20
56.274285714
 30
0.000000000
 10
104.230424107
 20
56.204107143
 30
0.000000000
 10
104.348950893
 20
56.168482143
 30
0.000000000
  0
LINE
  5
DD8
330
A02
100
AcDbEntity
  8
ShapeString002
100
AcDbLine
 10
104.106875000
 20
56.064285714
 30
0.000000000
 11
104.106875000
 21
56.274285714
 31
0.000000000
  0
SPLINE
  5
DD9
330
A02
100
AcDbEntity
  8
ShapeString002
100
AcDbSpline
210
0
220
0
230
1
 70
8
 71
2
 72
6
 73
3
 74
0
 40
0.000000000
 40
0.000000000
 40
0.000000000
 40
1.000000000
 40
1.000000000
 40
1.000000000
 10
104.355446429
 20
55.993839286
 30
0.000000000
 10
104.235446429
 20
56.017611607
 30
0.000000000
 10
104.106875000
 20
56.064285714
 30
0.000000000
  0
SPLINE
  5
DDA
330
A02
100
AcDbEntity
  8
ShapeString002
100
AcDbSpline
210
0
220
0
230
1
 70
8
 71
2
 72
6
 73
3
 74
0
 40
0.000000000
 40
0.000000000
 40
0.000000000
 40
1.000000000
 40
1.000000000
 40
1.000000000
 10
104.581986607
 20
55.970000000
 30
0.000000000
 10
104.475513393
 20
55.970000000
 30
0.000000000
 10
104.355446429
 20
55.993839286
 30
0.000000000
  0
SPLINE
  5
DDB
330
A02
100
AcDbEntity
  8
ShapeString002
100
AcDbSpline
210
0
220
0
230
1
 70
8
 71
2
 72
6
 73
3
 74
0
 40
0.000000000
 40
0.000000000
 40
0.000000000
 40
1.000000000
 40
1.000000000
 40
1.000000000
 10
105.010357143
 20
56.082433036
 30
0.000000000
 10
104.864241071
 20
55.970000000
 30
0.000000000
 10
104.581986607
 20
55.970000000
 30
0.000000000
  0
SPLINE
  5
DDC
330
A02
100
AcDbEntity
  8
ShapeString002
100
AcDbSpline
210
0
220
0
230
1
 70
8
 71
2
 72
6
 73
3
 74
0
 40
0.000000000
 40
0.000000000
 40
0.000000000
 40
1.000000000
 40
1.000000000
 40
1.000000000
 10
105.156540179
 20
56.412834821
 30
0.000000000
 10
105.156540179
 20
56.194933036
 30
0.000000000
 10
105.010357143
 20
56.082433036
 30
0.000000000
  0
SPLINE
  5
DDD
330
A02
100
AcDbEntity
  8
ShapeString002
100
AcDbSpline
210
0
220
0
230
1
 70
8
 71
2
 72
6
 73
3
 74
0
 40
0.000000000
 40
0.000000000
 40
0.000000000
 40
1.000000000
 40
1.000000000
 40
1.000000000
 10
105.048526786
 20
56.704598214
 30
0.000000000
 10
105.156540179
 20
56.595647321
 30
0.000000000
 10
105.156540179
 20
56.412834821
 30
0.000000000
  0
SPLINE
  5
DDE
330
A02
100
AcDbEntity
  8
ShapeString002
100
AcDbSpline
210
0
220
0
230
1
 70
8
 71
2
 72
6
 73
3
 74
0
 40
0.000000000
 40
0.000000000
 40
0.000000000
 40
1.000000000
 40
1.000000000
 40
1.000000000
 10
104.713571429
 20
56.856741071
 30
0.000000000
 10
104.940580357
 20
56.813549107
 30
0.000000000
 10
105.048526786
 20
56.704598214
 30
0.000000000
  0
LINE
  5
DDF
330
A02
100
AcDbEntity
  8
ShapeString002
100
AcDbLine
 10
104.591026786
 20
56.881852679
 30
0.000000000
 11
104.713571429
 21
56.856741071
 31
0.000000000
  0
SPLINE
  5
DE0
330
A02
100
AcDbEntity
  8
ShapeString002
100
AcDbSpline
210
0
220
0
230
1
 70
8
 71
2
 72
6
 73
3
 74
0
 40
0.000000000
 40
0.000000000
 40
0.000000000
 40
1.000000000
 40
1.000000000
 40
1.000000000
 10
104.364486607
 20
56.964017857
 30
0.000000000
 10
104.424285714
 20
56.913125000
 30
0.000000000
 10
104.591026786
 20
56.881852679
 30
0.000000000
  0
SPLINE
  5
DE1
330
A02
100
AcDbEntity
  8
ShapeString002
100
AcDbSpline
210
0
220
0
230
1
 70
8
 71
2
 72
6
 73
3
 74
0
 40
0.000000000
 40
0.000000000
 40
0.000000000
 40
1.000000000
 40
1.000000000
 40
1.000000000
 10
104.304754464
 20
57.114821429
 30
0.000000000
 10
104.304754464
 20
57.014977679
 30
0.000000000
 10
104.364486607
 20
56.964017857
 30
0.000000000
  0
SPLINE
  5
DE2
330
A02
100
AcDbEntity
  8
ShapeString002
100
AcDbSpline
210
0
220
0
230
1
 70
8
 71
2
 72
6
 73
3
 74
0
 40
0.000000000
 40
0.000000000
 40
0.000000000
 40
1.000000000
 40
1.000000000
 40
1.000000000
 10
104.394620536
 20
57.298303571
 30
0.000000000
 10
104.304754464
 20
57.233750000
 30
0.000000000
 10
104.304754464
 20
57.114821429
 30
0.000000000
  0
SPLINE
  5
DE3
330
A02
100
AcDbEntity
  8
ShapeString002
100
AcDbSpline
210
0
220
0
230
1
 70
8
 71
2
 72
6
 73
3
 74
0
 40
0.000000000
 40
0.000000000
 40
0.000000000
 40
1.000000000
 40
1.000000000
 40
1.000000000
 10
104.650290179
 20
57.362857143
 30
0.000000000
 10
104.484553571
 20
57.362857143
 30
0.000000000
 10
104.394620536
 20
57.298303571
 30
0.000000000
  0
SPLINE
  5
DE4
330
A02
100
AcDbEntity
  8
ShapeString002
100
AcDbSpline
210
0
220
0
230
1
 70
8
 71
2
 72
6
 73
3
 74
0
 40
0.000000000
 40
0.000000000
 40
0.000000000
 40
1.000000000
 40
1.000000000
 40
1.000000000
 10
104.848169643
 20
57.335267857
 30
0.000000000
 10
104.745714286
 20
57.362857143
 30
0.000000000
 10
104.650290179
 20
57.362857143
 30
0.000000000
  0
SPLINE
  5
DE5
330
A02
100
AcDbEntity
  8
ShapeString002
100
AcDbSpline
210
0
220
0
230
1
 70
8
 71
2
 72
6
 73
3
 74
0
 40
0.000000000
 40
0.000000000
 40
0.000000000
 40
1.000000000
 40
1.000000000
 40
1.000000000
 10
105.066138393
 20
57.251428571
 30
0.000000000
 10
104.950625000
 20
57.307678571
 30
0.000000000
 10
104.848169643
 20
57.335267857
 30
0.000000000
  0
ENDSEC
  0
SECTION
  2
OBJECTS
  0
DICTIONARY
  5
F000
330
0
100
AcDbDictionary
  3
ACAD_GROUP
350
F001
  0
DICTIONARY
  5
F001
330
F000
100
AcDbDictionary
  0
ENDSEC
  0
EOF