candidate_id,robot,sample_index,sampling_kind,parking_id,span2_mm,span3_mm,span4_mm,span5_mm,factor2,factor3,factor4,factor5,tier1_complete,tier2_complete,tier3_complete,storage_balanced_fraction,pickup_complete,pickup_min_slot_complete,module_complete,module_stress_complete,module_stress_total,module_stress_min_clearance_m,module_stress_min_joint_margin_rad,elapsed_s
orth6r_03694c5d7af4_q00_rear_left,orth6r_03694c5d7af4,0,baseline,rear_left,60.0,296.1418578992169,390.0,0.0,1.0,1.0,1.0,,0,0,0,0.0,0,0,False,0,9,,,209.91428836299747
orth6r_03694c5d7af4_q00_rear_center,orth6r_03694c5d7af4,0,baseline,rear_center,60.0,296.1418578992169,390.0,0.0,1.0,1.0,1.0,,0,0,0,0.0,0,0,False,0,9,,,173.1228202909988
orth6r_03694c5d7af4_q00_rear_right,orth6r_03694c5d7af4,0,baseline,rear_right,60.0,296.1418578992169,390.0,0.0,1.0,1.0,1.0,,0,0,0,0.0,0,0,False,0,9,,,142.85520951400395
orth6r_03694c5d7af4_q00_mid_left,orth6r_03694c5d7af4,0,baseline,mid_left,60.0,296.1418578992169,390.0,0.0,1.0,1.0,1.0,,0,0,0,0.0,0,0,False,0,9,,,201.91479484699812
orth6r_03a12a816c95_q00_rear_left,orth6r_03a12a816c95,0,baseline,rear_left,290.0,390.0,0.0,60.0,1.0,1.0,,1.0,0,5,0,0.06666666666666667,18,2,True,7,9,0.00666666666666671,0.0032726007357912756,56.963774993993866
orth6r_03a12a816c95_q00_rear_center,orth6r_03a12a816c95,0,baseline,rear_center,290.0,390.0,0.0,60.0,1.0,1.0,,1.0,1,12,4,0.23160493827160492,10,0,True,7,9,0.002145012312051116,0.30648724045766373,81.00155341000209
orth6r_03a12a816c95_q00_rear_right,orth6r_03a12a816c95,0,baseline,rear_right,290.0,390.0,0.0,60.0,1.0,1.0,,1.0,3,11,3,0.25037037037037035,1,0,False,0,9,-0.00013708226630788217,0.6705308158227199,129.29445322600077
orth6r_03a12a816c95_q00_mid_left,orth6r_03a12a816c95,0,baseline,mid_left,290.0,390.0,0.0,60.0,1.0,1.0,,1.0,4,12,3,0.2859259259259259,29,1,True,7,9,0.006026850528463891,0.2803802917471141,141.8598174620056
orth6r_03e704fdcfb4_q00_rear_left,orth6r_03e704fdcfb4,0,baseline,rear_left,60.0,296.1418578992169,390.0,0.0,1.0,1.0,1.0,,0,0,0,0.0,0,0,False,0,9,,,232.33751821199985
orth6r_03e704fdcfb4_q00_rear_center,orth6r_03e704fdcfb4,0,baseline,rear_center,60.0,296.1418578992169,390.0,0.0,1.0,1.0,1.0,,0,0,0,0.0,0,0,False,0,9,,,221.22446214999945
orth6r_03e704fdcfb4_q00_rear_right,orth6r_03e704fdcfb4,0,baseline,rear_right,60.0,296.1418578992169,390.0,0.0,1.0,1.0,1.0,,0,0,0,0.0,0,0,False,0,9,,,291.6363061449956
orth6r_03e704fdcfb4_q00_mid_left,orth6r_03e704fdcfb4,0,baseline,mid_left,60.0,296.1418578992169,390.0,0.0,1.0,1.0,1.0,,0,0,0,0.0,0,0,False,0,9,,,172.526769141994
orth6r_07fa5db950bd_q00_rear_left,orth6r_07fa5db950bd,0,baseline,rear_left,60.0,296.1418578992169,390.0,0.0,1.0,1.0,1.0,,0,13,1,0.185679012345679,27,4,False,2,9,0.00666666666666671,0.8418237969574853,131.89050777700322
orth6r_07fa5db950bd_q00_rear_center,orth6r_07fa5db950bd,0,baseline,rear_center,60.0,296.1418578992169,390.0,0.0,1.0,1.0,1.0,,0,14,2,0.21135802469135803,34,4,False,4,9,-5.087896915333123e-05,0.6446298818441569,148.58754787900398
orth6r_07fa5db950bd_q00_rear_right,orth6r_07fa5db950bd,0,baseline,rear_right,60.0,296.1418578992169,390.0,0.0,1.0,1.0,1.0,,0,12,3,0.19703703703703704,32,4,True,8,9,0.00666666666666671,0.34877720313590355,99.8999091989972
orth6r_07fa5db950bd_q00_mid_left,orth6r_07fa5db950bd,0,baseline,mid_left,60.0,296.1418578992169,390.0,0.0,1.0,1.0,1.0,,0,15,2,0.22469135802469134,20,3,False,0,9,0.0035464695628856235,1.1210988965068913,157.10587438999937
orth6r_0c91a636710b_q00_rear_left,orth6r_0c91a636710b,0,baseline,rear_left,60.0,296.1418578992169,390.0,0.0,1.0,1.0,1.0,,0,0,0,0.0,0,0,False,0,9,-0.05641149241985989,0.19452606745398882,90.9945614429962
orth6r_0c91a636710b_q00_rear_center,orth6r_0c91a636710b,0,baseline,rear_center,60.0,296.1418578992169,390.0,0.0,1.0,1.0,1.0,,0,0,0,0.0,0,0,False,0,9,-0.0261170918489039,0.05810109629310123,145.40811291000136
orth6r_0c91a636710b_q00_rear_right,orth6r_0c91a636710b,0,baseline,rear_right,60.0,296.1418578992169,390.0,0.0,1.0,1.0,1.0,,0,0,0,0.0,0,0,False,0,9,-0.042,0.34259800244097804,105.79520851599955
orth6r_0c91a636710b_q00_mid_left,orth6r_0c91a636710b,0,baseline,mid_left,60.0,296.1418578992169,390.0,0.0,1.0,1.0,1.0,,0,0,0,0.0,0,0,False,0,9,-0.08083546023945412,0.7588822405603364,133.41826739299722
orth6r_0d4619e319d2_q00_rear_left,orth6r_0d4619e319d2,0,baseline,rear_left,290.0,390.0,0.0,60.0,1.0,1.0,,1.0,0,0,0,0.0,32,4,False,0,9,0.00666666666666671,0.0001593315528345407,96.3754117540011
orth6r_0d4619e319d2_q00_rear_center,orth6r_0d4619e319d2,0,baseline,rear_center,290.0,390.0,0.0,60.0,1.0,1.0,,1.0,0,6,2,0.10469135802469136,41,6,False,0,9,-0.012415100436706385,0.2623582685586534,97.99828407300083
orth6r_0d4619e319d2_q00_rear_right,orth6r_0d4619e319d2,0,baseline,rear_right,290.0,390.0,0.0,60.0,1.0,1.0,,1.0,0,6,4,0.1293827160493827,40,6,False,2,9,-0.031138899092659697,0.6877931423210861,63.506689214998914
orth6r_0d4619e319d2_q00_mid_left,orth6r_0d4619e319d2,0,baseline,mid_left,290.0,390.0,0.0,60.0,1.0,1.0,,1.0,0,4,1,0.06567901234567901,43,4,False,0,9,0.0033882738650028027,0.10458082452559525,141.5929546280022
orth6r_0e5f117bdb63_q00_rear_left,orth6r_0e5f117bdb63,0,baseline,rear_left,290.0,390.0,0.0,60.0,1.0,1.0,,1.0,0,0,0,0.0,0,0,False,0,9,,,417.6892997890027
orth6r_0e5f117bdb63_q00_rear_center,orth6r_0e5f117bdb63,0,baseline,rear_center,290.0,390.0,0.0,60.0,1.0,1.0,,1.0,0,0,0,0.0,0,0,False,0,9,,,449.4803059120022
orth6r_0e5f117bdb63_q00_rear_right,orth6r_0e5f117bdb63,0,baseline,rear_right,290.0,390.0,0.0,60.0,1.0,1.0,,1.0,0,0,0,0.0,0,0,False,0,9,,,322.6413276359963
orth6r_0e5f117bdb63_q00_mid_left,orth6r_0e5f117bdb63,0,baseline,mid_left,290.0,390.0,0.0,60.0,1.0,1.0,,1.0,0,0,0,0.0,0,0,False,0,9,,,283.122269669002
orth6r_0ee68da88723_q00_rear_left,orth6r_0ee68da88723,0,baseline,rear_left,290.0,390.0,0.0,60.0,1.0,1.0,,1.0,0,0,0,0.0,0,0,False,0,9,,,234.49679106599797
orth6r_0ee68da88723_q00_rear_center,orth6r_0ee68da88723,0,baseline,rear_center,290.0,390.0,0.0,60.0,1.0,1.0,,1.0,0,0,0,0.0,0,0,False,0,9,,,228.42210160099785
orth6r_0ee68da88723_q00_rear_right,orth6r_0ee68da88723,0,baseline,rear_right,290.0,390.0,0.0,60.0,1.0,1.0,,1.0,0,0,0,0.0,0,0,False,0,9,,,236.4057067620015
orth6r_0ee68da88723_q00_mid_left,orth6r_0ee68da88723,0,baseline,mid_left,290.0,390.0,0.0,60.0,1.0,1.0,,1.0,0,0,0,0.0,0,0,False,0,9,,,319.7601061059977
orth6r_0f17787e2732_q00_rear_left,orth6r_0f17787e2732,0,baseline,rear_left,290.0,390.0,0.0,60.0,1.0,1.0,,1.0,1,10,1,0.16790123456790126,30,4,False,1,9,0.0011115518166682214,0.008435645171402495,105.55943315100012
orth6r_0f17787e2732_q00_rear_center,orth6r_0f17787e2732,0,baseline,rear_center,290.0,390.0,0.0,60.0,1.0,1.0,,1.0,3,13,6,0.3140740740740741,15,0,False,3,9,-0.00012756468461082998,0.10006540678582398,151.03029637799773
orth6r_0f17787e2732_q00_rear_right,orth6r_0f17787e2732,0,baseline,rear_right,290.0,390.0,0.0,60.0,1.0,1.0,,1.0,6,13,7,0.3930864197530864,0,0,False,4,9,0.00666666666666671,0.5443631625773417,158.57568646699656
orth6r_0f17787e2732_q00_mid_left,orth6r_0f17787e2732,0,baseline,mid_left,290.0,390.0,0.0,60.0,1.0,1.0,,1.0,4,11,2,0.26024691358024693,31,2,False,1,9,0.004714925329982529,0.12744472695814668,145.5171091700031
orth6r_0f66a629e196_q00_rear_left,orth6r_0f66a629e196,0,baseline,rear_left,290.0,390.0,0.0,0.0,1.0,1.0,,,1,5,0,0.08888888888888889,33,2,True,8,9,0.00666666666666671,0.014517961382638944,127.27289083300275
orth6r_0f66a629e196_q00_rear_center,orth6r_0f66a629e196,0,baseline,rear_center,290.0,390.0,0.0,0.0,1.0,1.0,,,8,11,4,0.3738271604938272,19,0,True,9,9,0.00666666666666671,0.5877266350206742,128.4587836770006
orth6r_0f66a629e196_q00_rear_right,orth6r_0f66a629e196,0,baseline,rear_right,290.0,390.0,0.0,0.0,1.0,1.0,,,10,13,6,0.4696296296296296,0,0,True,8,9,0.00666666666666671,0.8002060165309937,109.69743615700281
orth6r_0f66a629e196_q00_mid_left,orth6r_0f66a629e196,0,baseline,mid_left,290.0,390.0,0.0,0.0,1.0,1.0,,,8,13,2,0.37580246913580245,41,5,True,9,9,0.00666666666666671,0.6589142594494231,108.39594200200372
orth6r_11921658c4d0_q00_rear_left,orth6r_11921658c4d0,0,baseline,rear_left,290.0,390.0,0.0,60.0,1.0,1.0,,1.0,0,2,0,0.02666666666666667,2,0,False,0,9,,,91.49399367699516
orth6r_11921658c4d0_q00_rear_center,orth6r_11921658c4d0,0,baseline,rear_center,290.0,390.0,0.0,60.0,1.0,1.0,,1.0,0,0,0,0.0,0,0,False,0,9,,,131.99363860899757
orth6r_11921658c4d0_q00_rear_right,orth6r_11921658c4d0,0,baseline,rear_right,290.0,390.0,0.0,60.0,1.0,1.0,,1.0,0,1,0,0.013333333333333334,0,0,False,0,9,,,134.29326231199957
orth6r_11921658c4d0_q00_mid_left,orth6r_11921658c4d0,0,baseline,mid_left,290.0,390.0,0.0,60.0,1.0,1.0,,1.0,0,1,0,0.013333333333333334,0,0,False,0,9,-7.862405525653482e-05,4.440892098500626e-16,177.09027917700587
orth6r_11a1e91c1411_q00_rear_left,orth6r_11a1e91c1411,0,baseline,rear_left,290.0,390.0,0.0,60.0,1.0,1.0,,1.0,0,3,0,0.04,30,2,True,6,9,0.00666666666666671,0.1555800095309663,168.5225966500002
orth6r_11a1e91c1411_q00_rear_center,orth6r_11a1e91c1411,0,baseline,rear_center,290.0,390.0,0.0,60.0,1.0,1.0,,1.0,0,4,0,0.05333333333333334,42,6,True,9,9,0.00666666666666671,0.40848937694138554,106.468185067999
orth6r_11a1e91c1411_q00_rear_right,orth6r_11a1e91c1411,0,baseline,rear_right,290.0,390.0,0.0,60.0,1.0,1.0,,1.0,0,3,0,0.04,46,6,True,9,9,0.00666666666666671,0.6047280214953124,137.52173403900088
orth6r_11a1e91c1411_q00_mid_left,orth6r_11a1e91c1411,0,baseline,mid_left,290.0,390.0,0.0,60.0,1.0,1.0,,1.0,0,1,0,0.013333333333333334,46,5,True,6,9,0.00666666666666671,0.005983922415484955,80.05556663799507
orth6r_11c4507ab405_q00_rear_left,orth6r_11c4507ab405,0,baseline,rear_left,290.0,390.0,0.0,60.0,1.0,1.0,,1.0,0,6,1,0.09234567901234568,31,4,False,0,9,-0.0005361125496342739,0.39760306298680037,127.96281948000251
orth6r_11c4507ab405_q00_rear_center,orth6r_11c4507ab405,0,baseline,rear_center,290.0,390.0,0.0,60.0,1.0,1.0,,1.0,0,9,2,0.14469135802469135,33,4,False,0,9,-0.0005305196308557775,0.7872316362925731,102.88449893199868
orth6r_11c4507ab405_q00_rear_right,orth6r_11c4507ab405,0,baseline,rear_right,290.0,390.0,0.0,60.0,1.0,1.0,,1.0,4,11,5,0.29728395061728397,35,4,False,0,9,-0.00032442826806057534,0.8891650664570421,127.762078810003
orth6r_11c4507ab405_q00_mid_left,orth6r_11c4507ab405,0,baseline,mid_left,290.0,390.0,0.0,60.0,1.0,1.0,,1.0,2,8,1,0.1634567901234568,43,4,False,0,9,-0.0002203996158197316,0.09713674893601709,71.2221833529984
orth6r_148133fca859_q00_rear_left,orth6r_148133fca859,0,baseline,rear_left,60.0,296.1418578992169,390.0,0.0,1.0,1.0,1.0,,5,13,2,0.3091358024691358,31,4,True,9,9,0.00666666666666671,0.680320057056754,130.74713619900285
orth6r_148133fca859_q00_rear_center,orth6r_148133fca859,0,baseline,rear_center,60.0,296.1418578992169,390.0,0.0,1.0,1.0,1.0,,10,20,4,0.5382716049382715,38,5,True,9,9,0.00666666666666671,1.0095014576364,103.74431689499761
orth6r_148133fca859_q00_rear_right,orth6r_148133fca859,0,baseline,rear_right,60.0,296.1418578992169,390.0,0.0,1.0,1.0,1.0,,10,21,5,0.5639506172839506,37,4,True,9,9,0.00666666666666671,0.8228333471099674,90.273770202999
orth6r_148133fca859_q00_mid_left,orth6r_148133fca859,0,baseline,mid_left,60.0,296.1418578992169,390.0,0.0,1.0,1.0,1.0,,10,20,3,0.5259259259259259,39,6,True,9,9,0.00666666666666671,0.21716831412885584,92.72019953699782
orth6r_14c5bd167a86_q00_rear_left,orth6r_14c5bd167a86,0,baseline,rear_left,60.0,296.1418578992169,390.0,0.0,1.0,1.0,1.0,,0,1,0,0.013333333333333334,1,0,False,0,9,-0.04604698289236952,0.6093898213867608,160.31745674400008
orth6r_14c5bd167a86_q00_rear_center,orth6r_14c5bd167a86,0,baseline,rear_center,60.0,296.1418578992169,390.0,0.0,1.0,1.0,1.0,,0,0,0,0.0,0,0,False,0,9,-0.0028682177620115573,0.09797477680958533,116.82360259300185
orth6r_14c5bd167a86_q00_rear_right,orth6r_14c5bd167a86,0,baseline,rear_right,60.0,296.1418578992169,390.0,0.0,1.0,1.0,1.0,,0,0,0,0.0,0,0,False,0,9,-0.02315222797708262,0.29223130510553386,109.9495969540003
orth6r_14c5bd167a86_q00_mid_left,orth6r_14c5bd167a86,0,baseline,mid_left,60.0,296.1418578992169,390.0,0.0,1.0,1.0,1.0,,0,1,0,0.013333333333333334,2,0,False,0,9,-0.025291325389571198,0.18308017719629488,116.95746461199451
orth6r_1662155c14b4_q00_rear_left,orth6r_1662155c14b4,0,baseline,rear_left,60.0,296.1418578992169,390.0,0.0,1.0,1.0,1.0,,0,0,0,0.0,0,0,False,0,9,,,339.90693151100277
orth6r_1662155c14b4_q00_rear_center,orth6r_1662155c14b4,0,baseline,rear_center,60.0,296.1418578992169,390.0,0.0,1.0,1.0,1.0,,0,0,0,0.0,0,0,False,0,9,,,259.45567724000284
orth6r_1662155c14b4_q00_rear_right,orth6r_1662155c14b4,0,baseline,rear_right,60.0,296.1418578992169,390.0,0.0,1.0,1.0,1.0,,0,0,0,0.0,0,0,False,0,9,,,199.04143889099942
orth6r_1662155c14b4_q00_mid_left,orth6r_1662155c14b4,0,baseline,mid_left,60.0,296.1418578992169,390.0,0.0,1.0,1.0,1.0,,0,0,0,0.0,0,0,False,0,9,,,225.43102685899794
orth6r_1a8b1ee0531c_q00_rear_left,orth6r_1a8b1ee0531c,0,baseline,rear_left,0.0,290.0,390.0,0.0,,1.0,1.0,,2,8,1,0.1634567901234568,34,4,True,9,9,0.00666666666666671,0.4355242739178915,132.4322872729972
orth6r_1a8b1ee0531c_q00_rear_center,orth6r_1a8b1ee0531c,0,baseline,rear_center,0.0,290.0,390.0,0.0,,1.0,1.0,,6,17,5,0.4217283950617284,40,6,True,9,9,0.00666666666666671,0.9360590800168276,122.13621647499531
orth6r_1a8b1ee0531c_q00_rear_right,orth6r_1a8b1ee0531c,0,baseline,rear_right,0.0,290.0,390.0,0.0,,1.0,1.0,,9,17,6,0.5007407407407407,37,6,True,9,9,0.00666666666666671,0.7663567307805885,95.90863779099891
orth6r_1a8b1ee0531c_q00_mid_left,orth6r_1a8b1ee0531c,0,baseline,mid_left,0.0,290.0,390.0,0.0,,1.0,1.0,,6,17,2,0.38469135802469134,35,5,True,9,9,0.00666666666666671,0.6776901541660623,108.89273373600008
orth6r_1b685f312f5c_q00_rear_left,orth6r_1b685f312f5c,0,baseline,rear_left,290.0,390.0,0.0,60.0,1.0,1.0,,1.0,0,1,0,0.013333333333333334,20,0,True,6,9,-0.005429091706457209,0.016310618271638155,156.13906963699992
orth6r_1b685f312f5c_q00_rear_center,orth6r_1b685f312f5c,0,baseline,rear_center,290.0,390.0,0.0,60.0,1.0,1.0,,1.0,0,4,0,0.05333333333333334,32,4,True,9,9,0.0012967500966325624,0.30938319020926697,74.31703015999665
orth6r_1b685f312f5c_q00_rear_right,orth6r_1b685f312f5c,0,baseline,rear_right,290.0,390.0,0.0,60.0,1.0,1.0,,1.0,0,5,0,0.06666666666666667,35,5,True,5,9,0.003173910483444904,0.007338367706943405,91.617908704
orth6r_1b685f312f5c_q00_mid_left,orth6r_1b685f312f5c,0,baseline,mid_left,290.0,390.0,0.0,60.0,1.0,1.0,,1.0,0,5,0,0.06666666666666667,42,5,True,8,9,0.00666666666666671,0.01078666347784285,67.922543683002
orth6r_1cbc42f09afb_q00_rear_left,orth6r_1cbc42f09afb,0,baseline,rear_left,290.0,390.0,0.0,0.0,1.0,1.0,,,1,1,0,0.035555555555555556,42,2,False,0,9,0.00666666666666671,0.33718881361846353,111.66028237700084
orth6r_1cbc42f09afb_q00_rear_center,orth6r_1cbc42f09afb,0,baseline,rear_center,290.0,390.0,0.0,0.0,1.0,1.0,,,3,6,1,0.15901234567901235,58,5,True,9,9,0.00666666666666671,0.5877266350034089,92.62099789599597
orth6r_1cbc42f09afb_q00_rear_right,orth6r_1cbc42f09afb,0,baseline,rear_right,290.0,390.0,0.0,0.0,1.0,1.0,,,5,6,2,0.21580246913580248,57,5,True,9,9,0.00666666666666671,0.800206016531015,74.82874447700306
orth6r_1cbc42f09afb_q00_mid_left,orth6r_1cbc42f09afb,0,baseline,mid_left,290.0,390.0,0.0,0.0,1.0,1.0,,,3,6,1,0.15901234567901235,55,5,True,9,9,0.00666666666666671,0.6589142591737667,107.92416136399697
orth6r_1e06a293b7f2_q00_rear_left,orth6r_1e06a293b7f2,0,baseline,rear_left,0.0,290.0,390.0,0.0,,1.0,1.0,,2,8,1,0.1634567901234568,32,4,True,9,9,0.00666666666666671,0.43552427390379034,107.15153595800075
orth6r_1e06a293b7f2_q00_rear_center,orth6r_1e06a293b7f2,0,baseline,rear_center,0.0,290.0,390.0,0.0,,1.0,1.0,,6,16,5,0.40839506172839507,36,5,True,9,9,0.00666666666666671,0.9360590800168272,87.70768494899676
orth6r_1e06a293b7f2_q00_rear_right,orth6r_1e06a293b7f2,0,baseline,rear_right,0.0,290.0,390.0,0.0,,1.0,1.0,,9,17,7,0.5130864197530864,34,5,True,9,9,0.00666666666666671,0.7663567308153996,71.1565505489998
orth6r_1e06a293b7f2_q00_mid_left,orth6r_1e06a293b7f2,0,baseline,mid_left,0.0,290.0,390.0,0.0,,1.0,1.0,,6,15,4,0.38271604938271603,33,4,True,8,9,0.00666666666666671,0.174876746454391,58.94792193899775
orth6r_1fab2f0cdd9a_q00_rear_left,orth6r_1fab2f0cdd9a,0,baseline,rear_left,290.0,390.0,0.0,60.0,1.0,1.0,,1.0,0,0,0,0.0,0,0,False,0,9,,,394.2990317750009
orth6r_1fab2f0cdd9a_q00_rear_center,orth6r_1fab2f0cdd9a,0,baseline,rear_center,290.0,390.0,0.0,60.0,1.0,1.0,,1.0,0,0,0,0.0,0,0,False,0,9,,,320.0688134250013
orth6r_1fab2f0cdd9a_q00_rear_right,orth6r_1fab2f0cdd9a,0,baseline,rear_right,290.0,390.0,0.0,60.0,1.0,1.0,,1.0,0,0,0,0.0,0,0,False,0,9,,,432.0219294819981
orth6r_1fab2f0cdd9a_q00_mid_left,orth6r_1fab2f0cdd9a,0,baseline,mid_left,290.0,390.0,0.0,60.0,1.0,1.0,,1.0,0,0,0,0.0,0,0,False,0,9,,,368.01812052500463
orth6r_20484ebc927b_q00_rear_left,orth6r_20484ebc927b,0,baseline,rear_left,290.0,390.0,0.0,60.0,1.0,1.0,,1.0,0,1,0,0.013333333333333334,33,2,False,0,9,0.00666666666666671,0.16257220518203885,143.43739440300124
orth6r_20484ebc927b_q00_rear_center,orth6r_20484ebc927b,0,baseline,rear_center,290.0,390.0,0.0,60.0,1.0,1.0,,1.0,0,5,0,0.06666666666666667,41,6,True,9,9,0.00666666666666671,0.6211522251590118,94.01551123300305
orth6r_20484ebc927b_q00_rear_right,orth6r_20484ebc927b,0,baseline,rear_right,290.0,390.0,0.0,60.0,1.0,1.0,,1.0,0,5,2,0.09135802469135802,41,6,True,9,9,0.00666666666666671,0.683651226459949,87.99657892699906
orth6r_20484ebc927b_q00_mid_left,orth6r_20484ebc927b,0,baseline,mid_left,290.0,390.0,0.0,60.0,1.0,1.0,,1.0,0,5,0,0.06666666666666667,39,5,True,7,9,-0.00020590785687152335,0.2693590629542557,137.2232835820032
orth6r_218c75d824a1_q00_rear_left,orth6r_218c75d824a1,0,baseline,rear_left,290.0,390.0,0.0,60.0,1.0,1.0,,1.0,4,4,1,0.1545679012345679,34,3,False,2,9,0.00666666666666671,0.0021980769632246044,85.78910486699897
orth6r_218c75d824a1_q00_rear_center,orth6r_218c75d824a1,0,baseline,rear_center,290.0,390.0,0.0,60.0,1.0,1.0,,1.0,12,10,2,0.4246913580246914,22,0,True,9,9,0.00666666666666671,0.5642632740784066,110.04759594200004
orth6r_218c75d824a1_q00_rear_right,orth6r_218c75d824a1,0,baseline,rear_right,290.0,390.0,0.0,60.0,1.0,1.0,,1.0,10,13,6,0.4696296296296296,2,0,False,2,9,0.006399697038902329,0.31305832287682334,110.29289554800198
orth6r_218c75d824a1_q00_mid_left,orth6r_218c75d824a1,0,baseline,mid_left,290.0,390.0,0.0,60.0,1.0,1.0,,1.0,10,10,3,0.3925925925925926,31,2,True,9,9,0.00666666666666671,0.4763887548328709,125.48943525199866
orth6r_2294bde74b3b_q00_rear_left,orth6r_2294bde74b3b,0,baseline,rear_left,290.0,390.0,0.0,60.0,1.0,1.0,,1.0,0,2,0,0.02666666666666667,29,3,False,0,9,-0.0006540478685869711,0.007723022702634363,100.00423547499668
orth6r_2294bde74b3b_q00_rear_center,orth6r_2294bde74b3b,0,baseline,rear_center,290.0,390.0,0.0,60.0,1.0,1.0,,1.0,0,0,0,0.0,43,5,False,0,9,-0.011369937229103497,0.005097220467919161,92.70279868999933
orth6r_2294bde74b3b_q00_rear_right,orth6r_2294bde74b3b,0,baseline,rear_right,290.0,390.0,0.0,60.0,1.0,1.0,,1.0,0,0,0,0.0,46,5,False,0,9,-0.008997683459469247,0.10646618214057524,104.40060189400538
orth6r_2294bde74b3b_q00_mid_left,orth6r_2294bde74b3b,0,baseline,mid_left,290.0,390.0,0.0,60.0,1.0,1.0,,1.0,0,3,0,0.04,39,5,False,0,9,-0.001034496583209761,0.016333318760739957,58.73501450599724
orth6r_2304cc33139d_q00_rear_left,orth6r_2304cc33139d,0,baseline,rear_left,60.0,296.1418578992169,390.0,0.0,1.0,1.0,1.0,,0,0,0,0.0,0,0,False,0,9,,,292.3349840100054
orth6r_2304cc33139d_q00_rear_center,orth6r_2304cc33139d,0,baseline,rear_center,60.0,296.1418578992169,390.0,0.0,1.0,1.0,1.0,,0,0,0,0.0,0,0,False,0,9,,,197.26833506699768
orth6r_2304cc33139d_q00_rear_right,orth6r_2304cc33139d,0,baseline,rear_right,60.0,296.1418578992169,390.0,0.0,1.0,1.0,1.0,,0,0,0,0.0,0,0,False,0,9,,,201.47742147999816
orth6r_2304cc33139d_q00_mid_left,orth6r_2304cc33139d,0,baseline,mid_left,60.0,296.1418578992169,390.0,0.0,1.0,1.0,1.0,,0,0,0,0.0,0,0,False,0,9,,,145.8917681460007
orth6r_233206963769_q00_rear_left,orth6r_233206963769,0,baseline,rear_left,60.0,296.1418578992169,390.0,0.0,1.0,1.0,1.0,,0,0,0,0.0,0,0,False,0,9,-0.0034297982039503544,1.7763568394002505e-14,106.92756742300116
orth6r_233206963769_q00_rear_center,orth6r_233206963769,0,baseline,rear_center,60.0,296.1418578992169,390.0,0.0,1.0,1.0,1.0,,0,0,0,0.0,0,0,False,0,9,-0.0025881751276912307,1.021405182655144e-14,103.35575603399775
orth6r_233206963769_q00_rear_right,orth6r_233206963769,0,baseline,rear_right,60.0,296.1418578992169,390.0,0.0,1.0,1.0,1.0,,0,1,0,0.013333333333333334,0,0,False,0,9,-0.001826077984117519,5.155875726359227e-13,135.62337265699898
orth6r_233206963769_q00_mid_left,orth6r_233206963769,0,baseline,mid_left,60.0,296.1418578992169,390.0,0.0,1.0,1.0,1.0,,0,1,0,0.013333333333333334,0,0,False,0,9,-0.06994240450132803,3.278544680185291e-08,120.99542684799962
orth6r_2474f52a561a_q00_rear_left,orth6r_2474f52a561a,0,baseline,rear_left,60.0,296.1418578992169,390.0,0.0,1.0,1.0,1.0,,0,0,0,0.0,0,0,False,0,9,-0.031055706511130557,0.06355883686904384,146.21073067600082
orth6r_2474f52a561a_q00_rear_center,orth6r_2474f52a561a,0,baseline,rear_center,60.0,296.1418578992169,390.0,0.0,1.0,1.0,1.0,,0,0,0,0.0,0,0,False,0,9,-0.048717741780364386,0.1841083894444524,136.00981083200168
orth6r_2474f52a561a_q00_rear_right,orth6r_2474f52a561a,0,baseline,rear_right,60.0,296.1418578992169,390.0,0.0,1.0,1.0,1.0,,0,0,0,0.0,0,0,False,0,9,,,181.6890993199995
orth6r_2474f52a561a_q00_mid_left,orth6r_2474f52a561a,0,baseline,mid_left,60.0,296.1418578992169,390.0,0.0,1.0,1.0,1.0,,0,0,0,0.0,0,0,False,0,9,-0.03970370060008682,0.3827220477080817,182.01498547400115
orth6r_24bc120093b4_q00_rear_left,orth6r_24bc120093b4,0,baseline,rear_left,60.0,296.1418578992169,390.0,0.0,1.0,1.0,1.0,,0,1,0,0.013333333333333334,0,0,True,3,9,-0.08841882646597013,0.010346066273489996,131.25490223800443
orth6r_24bc120093b4_q00_rear_center,orth6r_24bc120093b4,0,baseline,rear_center,60.0,296.1418578992169,390.0,0.0,1.0,1.0,1.0,,0,0,0,0.0,0,0,False,0,9,-0.008447339543258381,0.2815672115319119,113.24761718000082
orth6r_24bc120093b4_q00_rear_right,orth6r_24bc120093b4,0,baseline,rear_right,60.0,296.1418578992169,390.0,0.0,1.0,1.0,1.0,,0,1,0,0.013333333333333334,0,0,False,0,9,-0.014257057786471988,0.22048690905420587,128.99977657099953
orth6r_24bc120093b4_q00_mid_left,orth6r_24bc120093b4,0,baseline,mid_left,60.0,296.1418578992169,390.0,0.0,1.0,1.0,1.0,,0,1,0,0.013333333333333334,2,0,False,0,9,-0.010883283482994485,0.39001773717364774,135.18691551200027
orth6r_265440142d12_q00_rear_left,orth6r_265440142d12,0,baseline,rear_left,60.0,296.1418578992169,390.0,0.0,1.0,1.0,1.0,,0,0,0,0.0,0,0,False,0,9,,,209.1262988410017
orth6r_265440142d12_q00_rear_center,orth6r_265440142d12,0,baseline,rear_center,60.0,296.1418578992169,390.0,0.0,1.0,1.0,1.0,,0,0,0,0.0,0,0,False,0,9,,,214.547066774001
orth6r_265440142d12_q00_rear_right,orth6r_265440142d12,0,baseline,rear_right,60.0,296.1418578992169,390.0,0.0,1.0,1.0,1.0,,0,0,0,0.0,0,0,False,0,9,,,180.92809495699476
orth6r_265440142d12_q00_mid_left,orth6r_265440142d12,0,baseline,mid_left,60.0,296.1418578992169,390.0,0.0,1.0,1.0,1.0,,0,0,0,0.0,0,0,False,0,9,,,224.02363361800235
orth6r_27d47e03a0b7_q00_rear_left,orth6r_27d47e03a0b7,0,baseline,rear_left,290.0,390.0,0.0,60.0,1.0,1.0,,1.0,1,7,1,0.12790123456790123,25,1,True,8,9,0.00666666666666671,0.038065013104138234,103.6349491660003
orth6r_27d47e03a0b7_q00_rear_center,orth6r_27d47e03a0b7,0,baseline,rear_center,290.0,390.0,0.0,60.0,1.0,1.0,,1.0,6,14,2,0.34469135802469136,40,6,True,9,9,0.00666666666666671,0.29448534937185755,97.46307317500032
orth6r_27d47e03a0b7_q00_rear_right,orth6r_27d47e03a0b7,0,baseline,rear_right,290.0,390.0,0.0,60.0,1.0,1.0,,1.0,9,15,5,0.46172839506172836,39,6,True,9,9,0.00666666666666671,0.2198214703722272,63.02145669399761
orth6r_27d47e03a0b7_q00_mid_left,orth6r_27d47e03a0b7,0,baseline,mid_left,290.0,390.0,0.0,60.0,1.0,1.0,,1.0,6,15,3,0.3703703703703704,37,6,False,3,9,0.00666666666666671,0.39587988360982096,110.94498664699495
orth6r_28db2e01d146_q00_rear_left,orth6r_28db2e01d146,0,baseline,rear_left,290.0,390.0,0.0,60.0,1.0,1.0,,1.0,4,8,0,0.19555555555555557,31,0,True,5,9,-9.3800549113357e-06,0.00888160094601087,95.68049782200251
orth6r_28db2e01d146_q00_rear_center,orth6r_28db2e01d146,0,baseline,rear_center,290.0,390.0,0.0,60.0,1.0,1.0,,1.0,7,16,2,0.3935802469135803,52,7,False,1,9,-0.00013956389604986158,0.28495577526075877,90.94693777000066
orth6r_28db2e01d146_q00_rear_right,orth6r_28db2e01d146,0,baseline,rear_right,290.0,390.0,0.0,60.0,1.0,1.0,,1.0,9,17,8,0.5254320987654321,56,7,False,0,9,-5.682361848400458e-05,0.44695218226956857,112.66792019899731
orth6r_28db2e01d146_q00_mid_left,orth6r_28db2e01d146,0,baseline,mid_left,290.0,390.0,0.0,60.0,1.0,1.0,,1.0,8,17,1,0.4167901234567901,45,6,True,8,9,-0.00012750111941282893,0.35865246080544333,80.32565318800334
orth6r_2ad6a15c831a_q00_rear_left,orth6r_2ad6a15c831a,0,baseline,rear_left,290.0,390.0,0.0,60.0,1.0,1.0,,1.0,0,1,0,0.013333333333333334,4,0,False,0,9,0.026524121694736745,4.2132031197184006e-10,113.54186746600317
orth6r_2ad6a15c831a_q00_rear_center,orth6r_2ad6a15c831a,0,baseline,rear_center,290.0,390.0,0.0,60.0,1.0,1.0,,1.0,0,0,0,0.0,3,0,False,0,9,-0.004354046580380057,0.3951205685420729,130.59452277699893
orth6r_2ad6a15c831a_q00_rear_right,orth6r_2ad6a15c831a,0,baseline,rear_right,290.0,390.0,0.0,60.0,1.0,1.0,,1.0,0,0,0,0.0,0,0,False,0,9,-0.04713581281167238,0.44549232370563807,145.62141245299426
orth6r_2ad6a15c831a_q00_mid_left,orth6r_2ad6a15c831a,0,baseline,mid_left,290.0,390.0,0.0,60.0,1.0,1.0,,1.0,0,1,0,0.013333333333333334,1,0,False,0,9,0.039956390973199696,0.03631552913569913,173.00052687300195
orth6r_2baf9f3a585c_q00_rear_left,orth6r_2baf9f3a585c,0,baseline,rear_left,290.0,390.0,0.0,60.0,1.0,1.0,,1.0,0,0,0,0.0,0,0,False,0,9,,,223.7976569800012
orth6r_2baf9f3a585c_q00_rear_center,orth6r_2baf9f3a585c,0,baseline,rear_center,290.0,390.0,0.0,60.0,1.0,1.0,,1.0,0,0,0,0.0,0,0,False,0,9,,,217.27437400299823
orth6r_2baf9f3a585c_q00_rear_right,orth6r_2baf9f3a585c,0,baseline,rear_right,290.0,390.0,0.0,60.0,1.0,1.0,,1.0,0,0,0,0.0,0,0,False,0,9,,,180.85247184799664
orth6r_2baf9f3a585c_q00_mid_left,orth6r_2baf9f3a585c,0,baseline,mid_left,290.0,390.0,0.0,60.0,1.0,1.0,,1.0,0,0,0,0.0,0,0,False,0,9,,,248.01174896200246
orth6r_2f026ee4cad6_q00_rear_left,orth6r_2f026ee4cad6,0,baseline,rear_left,290.0,390.0,0.0,0.0,1.0,1.0,,,0,1,0,0.013333333333333334,33,2,False,0,9,0.00666666666666671,0.3371888136958332,129.48286781500065
orth6r_2f026ee4cad6_q00_rear_center,orth6r_2f026ee4cad6,0,baseline,rear_center,290.0,390.0,0.0,0.0,1.0,1.0,,,0,5,0,0.06666666666666667,39,5,True,9,9,0.00666666666666671,0.5877266350034085,111.27850195100473
orth6r_2f026ee4cad6_q00_rear_right,orth6r_2f026ee4cad6,0,baseline,rear_right,290.0,390.0,0.0,0.0,1.0,1.0,,,0,5,2,0.09135802469135802,39,5,True,9,9,0.00666666666666671,0.6691347603973299,79.79293003099883
orth6r_2f026ee4cad6_q00_mid_left,orth6r_2f026ee4cad6,0,baseline,mid_left,290.0,390.0,0.0,0.0,1.0,1.0,,,0,5,0,0.06666666666666667,39,5,True,9,9,0.00666666666666671,0.6589142591737676,72.6025276060027
orth6r_2ffd1d63edaa_q00_rear_left,orth6r_2ffd1d63edaa,0,baseline,rear_left,290.0,390.0,0.0,0.0,1.0,1.0,,,1,5,0,0.08888888888888889,22,1,True,7,9,0.00666666666666671,0.012745242888058783,74.85871191399929
orth6r_2ffd1d63edaa_q00_rear_center,orth6r_2ffd1d63edaa,0,baseline,rear_center,290.0,390.0,0.0,0.0,1.0,1.0,,,5,14,2,0.32246913580246916,38,5,True,9,9,0.00666666666666671,0.27728902874914274,88.76784857700113
orth6r_2ffd1d63edaa_q00_rear_right,orth6r_2ffd1d63edaa,0,baseline,rear_right,290.0,390.0,0.0,0.0,1.0,1.0,,,9,15,4,0.4493827160493827,37,5,True,9,9,0.00666666666666671,0.22070472629011828,92.17798172900075
orth6r_2ffd1d63edaa_q00_mid_left,orth6r_2ffd1d63edaa,0,baseline,mid_left,290.0,390.0,0.0,0.0,1.0,1.0,,,6,15,3,0.3703703703703704,34,4,True,6,9,0.00666666666666671,0.1066396945499144,100.85161379700003
orth6r_306c81645fb0_q00_rear_left,orth6r_306c81645fb0,0,baseline,rear_left,290.0,390.0,0.0,60.0,1.0,1.0,,1.0,2,2,0,0.07111111111111111,35,4,False,0,9,0.0010780981255557737,0.004213187732273305,136.6744246820017
orth6r_306c81645fb0_q00_rear_center,orth6r_306c81645fb0,0,baseline,rear_center,290.0,390.0,0.0,60.0,1.0,1.0,,1.0,5,7,2,0.2291358024691358,38,5,False,3,9,-0.015966927876891836,0.6929567399880092,119.35562851299619
orth6r_306c81645fb0_q00_rear_right,orth6r_306c81645fb0,0,baseline,rear_right,290.0,390.0,0.0,60.0,1.0,1.0,,1.0,5,8,3,0.2548148148148148,44,5,True,9,9,0.0033393807376083107,0.9464041532513586,117.68470766300015
orth6r_306c81645fb0_q00_mid_left,orth6r_306c81645fb0,0,baseline,mid_left,290.0,390.0,0.0,60.0,1.0,1.0,,1.0,2,7,1,0.15012345679012348,45,5,False,0,9,0.00666666666666671,0.22433798562072038,109.04966065900226
orth6r_312a857bf0c8_q00_rear_left,orth6r_312a857bf0c8,0,baseline,rear_left,290.0,390.0,0.0,60.0,1.0,1.0,,1.0,0,0,0,0.0,0,0,False,0,9,,,238.27252973899886
orth6r_312a857bf0c8_q00_rear_center,orth6r_312a857bf0c8,0,baseline,rear_center,290.0,390.0,0.0,60.0,1.0,1.0,,1.0,0,0,0,0.0,0,0,False,0,9,,,205.0999194870019
orth6r_312a857bf0c8_q00_rear_right,orth6r_312a857bf0c8,0,baseline,rear_right,290.0,390.0,0.0,60.0,1.0,1.0,,1.0,0,0,0,0.0,0,0,False,0,9,,,124.04685366899503
orth6r_312a857bf0c8_q00_mid_left,orth6r_312a857bf0c8,0,baseline,mid_left,290.0,390.0,0.0,60.0,1.0,1.0,,1.0,0,0,0,0.0,0,0,False,0,9,,,212.5116161449987
orth6r_34a88450afa3_q00_rear_left,orth6r_34a88450afa3,0,baseline,rear_left,290.0,390.0,0.0,0.0,1.0,1.0,,,0,1,0,0.013333333333333334,23,2,False,0,9,0.00666666666666671,0.11723217293514354,138.08149563299958
orth6r_34a88450afa3_q00_rear_center,orth6r_34a88450afa3,0,baseline,rear_center,290.0,390.0,0.0,0.0,1.0,1.0,,,0,3,1,0.05234567901234568,29,2,True,9,9,0.00666666666666671,0.44516873897309983,85.764273777997
orth6r_34a88450afa3_q00_rear_right,orth6r_34a88450afa3,0,baseline,rear_right,290.0,390.0,0.0,0.0,1.0,1.0,,,0,4,1,0.06567901234567901,47,4,True,9,9,0.00666666666666671,0.8002060165790132,72.68236956599867
orth6r_34a88450afa3_q00_mid_left,orth6r_34a88450afa3,0,baseline,mid_left,290.0,390.0,0.0,0.0,1.0,1.0,,,0,1,0,0.013333333333333334,47,4,True,9,9,0.00666666666666671,0.42171809943971095,114.79840302299999
orth6r_34c59bd33051_q00_rear_left,orth6r_34c59bd33051,0,baseline,rear_left,60.0,296.1418578992169,390.0,0.0,1.0,1.0,1.0,,4,8,0,0.19555555555555557,23,2,False,1,9,-0.003429798203950285,3.820164908407975e-06,96.60294112400152
orth6r_34c59bd33051_q00_rear_center,orth6r_34c59bd33051,0,baseline,rear_center,60.0,296.1418578992169,390.0,0.0,1.0,1.0,1.0,,9,14,1,0.3990123456790124,26,4,False,0,9,-0.0025881751276912585,3.8199279295270117e-08,124.13794788100495
orth6r_34c59bd33051_q00_rear_right,orth6r_34c59bd33051,0,baseline,rear_right,60.0,296.1418578992169,390.0,0.0,1.0,1.0,1.0,,12,17,2,0.5180246913580248,24,3,False,0,9,-0.001826062514748955,3.286689067572013e-06,141.95401373499772
orth6r_34c59bd33051_q00_mid_left,orth6r_34c59bd33051,0,baseline,mid_left,60.0,296.1418578992169,390.0,0.0,1.0,1.0,1.0,,10,18,0,0.46222222222222226,37,6,True,7,9,-4.350321808629931e-05,0.09433465474868452,96.9993628930024
orth6r_35e3ec1a11e3_q00_rear_left,orth6r_35e3ec1a11e3,0,baseline,rear_left,290.0,390.0,0.0,60.0,1.0,1.0,,1.0,0,0,0,0.0,3,0,False,0,9,-0.0005382956196358923,0.007099608753764697,91.32826397199824
orth6r_35e3ec1a11e3_q00_rear_center,orth6r_35e3ec1a11e3,0,baseline,rear_center,290.0,390.0,0.0,60.0,1.0,1.0,,1.0,0,0,0,0.0,4,0,False,0,9,-0.00435404656927961,2.1280208173379833e-07,144.60774708799727
orth6r_35e3ec1a11e3_q00_rear_right,orth6r_35e3ec1a11e3,0,baseline,rear_right,290.0,390.0,0.0,60.0,1.0,1.0,,1.0,0,0,0,0.0,0,0,False,0,9,-0.04734466697056221,0.14564272427013014,115.71843217399874
orth6r_35e3ec1a11e3_q00_mid_left,orth6r_35e3ec1a11e3,0,baseline,mid_left,290.0,390.0,0.0,60.0,1.0,1.0,,1.0,0,1,0,0.013333333333333334,4,0,False,0,9,0.0050346348707547214,0.2996695479918925,164.35795844599488
orth6r_36fbc94cdbc4_q00_rear_left,orth6r_36fbc94cdbc4,0,baseline,rear_left,290.0,390.0,0.0,60.0,1.0,1.0,,1.0,3,3,0,0.10666666666666667,34,2,False,2,9,0.00666666666666671,1.0658141036401503e-14,86.34222912300174
orth6r_36fbc94cdbc4_q00_rear_center,orth6r_36fbc94cdbc4,0,baseline,rear_center,290.0,390.0,0.0,60.0,1.0,1.0,,1.0,5,13,5,0.3461728395061729,47,5,True,9,9,0.00666666666666671,0.2919778342649799,93.99042195999937
orth6r_36fbc94cdbc4_q00_rear_right,orth6r_36fbc94cdbc4,0,baseline,rear_right,290.0,390.0,0.0,60.0,1.0,1.0,,1.0,5,17,7,0.4241975308641976,52,5,True,9,9,0.00666666666666671,0.4481731987860271,103.19304826499865
orth6r_36fbc94cdbc4_q00_mid_left,orth6r_36fbc94cdbc4,0,baseline,mid_left,290.0,390.0,0.0,60.0,1.0,1.0,,1.0,6,14,4,0.3693827160493828,47,7,True,9,9,0.00666666666666671,0.37990113167525497,77.5202960240058
orth6r_38af49b5060e_q00_rear_left,orth6r_38af49b5060e,0,baseline,rear_left,290.0,390.0,0.0,60.0,1.0,1.0,,1.0,0,1,0,0.013333333333333334,27,3,False,0,9,0.00666666666666671,0.4177808598867494,81.12889076300053
orth6r_38af49b5060e_q00_rear_center,orth6r_38af49b5060e,0,baseline,rear_center,290.0,390.0,0.0,60.0,1.0,1.0,,1.0,0,3,0,0.04,34,4,False,2,9,0.00666666666666671,0.0007375943438354682,96.57162236400472
orth6r_38af49b5060e_q00_rear_right,orth6r_38af49b5060e,0,baseline,rear_right,290.0,390.0,0.0,60.0,1.0,1.0,,1.0,0,3,1,0.05234567901234568,40,5,True,7,9,0.00666666666666671,0.007476342507186651,93.79942483000195
orth6r_38af49b5060e_q00_mid_left,orth6r_38af49b5060e,0,baseline,mid_left,290.0,390.0,0.0,60.0,1.0,1.0,,1.0,0,2,0,0.02666666666666667,35,5,False,3,9,-0.00020590792648721157,0.0032631313601885203,104.26201104600477
orth6r_39bf1ac80cbc_q00_rear_left,orth6r_39bf1ac80cbc,0,baseline,rear_left,290.0,390.0,0.0,60.0,1.0,1.0,,1.0,3,11,0,0.21333333333333335,36,2,True,7,9,-3.846120500616834e-05,3.9968028886505635e-15,134.75967033999768
orth6r_39bf1ac80cbc_q00_rear_center,orth6r_39bf1ac80cbc,0,baseline,rear_center,290.0,390.0,0.0,60.0,1.0,1.0,,1.0,10,14,4,0.4582716049382716,48,5,True,9,9,0.00666666666666671,0.2488266517464255,96.97947752999607
orth6r_39bf1ac80cbc_q00_rear_right,orth6r_39bf1ac80cbc,0,baseline,rear_right,290.0,390.0,0.0,60.0,1.0,1.0,,1.0,8,10,3,0.34814814814814815,51,6,True,9,9,0.00666666666666671,0.22069628494919713,107.1526112979991
orth6r_39bf1ac80cbc_q00_mid_left,orth6r_39bf1ac80cbc,0,baseline,mid_left,290.0,390.0,0.0,60.0,1.0,1.0,,1.0,9,11,2,0.371358024691358,45,7,True,9,9,0.00666666666666671,0.3690635523025909,103.01356034700439
orth6r_3a3b8f07822a_q00_rear_left,orth6r_3a3b8f07822a,0,baseline,rear_left,60.0,296.1418578992169,390.0,0.0,1.0,1.0,1.0,,0,0,0,0.0,0,0,False,0,9,,,202.90684673500073
orth6r_3a3b8f07822a_q00_rear_center,orth6r_3a3b8f07822a,0,baseline,rear_center,60.0,296.1418578992169,390.0,0.0,1.0,1.0,1.0,,0,0,0,0.0,0,0,False,0,9,,,211.70001789899834
orth6r_3a3b8f07822a_q00_rear_right,orth6r_3a3b8f07822a,0,baseline,rear_right,60.0,296.1418578992169,390.0,0.0,1.0,1.0,1.0,,0,0,0,0.0,0,0,False,0,9,,,238.3324940579987
orth6r_3a3b8f07822a_q00_mid_left,orth6r_3a3b8f07822a,0,baseline,mid_left,60.0,296.1418578992169,390.0,0.0,1.0,1.0,1.0,,0,0,0,0.0,0,0,False,0,9,,,155.45128684299561
orth6r_3b4dc471ccbe_q00_rear_left,orth6r_3b4dc471ccbe,0,baseline,rear_left,60.0,296.1418578992169,390.0,0.0,1.0,1.0,1.0,,0,0,0,0.0,0,0,False,0,9,,,127.0923733640011
orth6r_3b4dc471ccbe_q00_rear_center,orth6r_3b4dc471ccbe,0,baseline,rear_center,60.0,296.1418578992169,390.0,0.0,1.0,1.0,1.0,,0,0,0,0.0,0,0,False,0,9,,,147.02905979299976
orth6r_3b4dc471ccbe_q00_rear_right,orth6r_3b4dc471ccbe,0,baseline,rear_right,60.0,296.1418578992169,390.0,0.0,1.0,1.0,1.0,,0,0,0,0.0,0,0,False,0,9,,,119.60495507100131
orth6r_3b4dc471ccbe_q00_mid_left,orth6r_3b4dc471ccbe,0,baseline,mid_left,60.0,296.1418578992169,390.0,0.0,1.0,1.0,1.0,,0,0,0,0.0,0,0,False,0,9,-0.01482877009844788,0.12434305038952864,141.71071755300363
orth6r_3b59ebc9ba70_q00_rear_left,orth6r_3b59ebc9ba70,0,baseline,rear_left,60.0,296.1418578992169,390.0,0.0,1.0,1.0,1.0,,0,0,0,0.0,1,0,False,0,9,-0.07329810000817219,0.03615400784002265,117.16264694099664
orth6r_3b59ebc9ba70_q00_rear_center,orth6r_3b59ebc9ba70,0,baseline,rear_center,60.0,296.1418578992169,390.0,0.0,1.0,1.0,1.0,,0,0,0,0.0,2,0,False,0,9,-0.088176893543338,0.5086402617411534,100.60120778699638
orth6r_3b59ebc9ba70_q00_rear_right,orth6r_3b59ebc9ba70,0,baseline,rear_right,60.0,296.1418578992169,390.0,0.0,1.0,1.0,1.0,,0,0,0,0.0,0,0,False,0,9,-0.0918897172315329,0.21724492645279447,139.6728171750001
orth6r_3b59ebc9ba70_q00_mid_left,orth6r_3b59ebc9ba70,0,baseline,mid_left,60.0,296.1418578992169,390.0,0.0,1.0,1.0,1.0,,0,0,0,0.0,1,0,False,0,9,-0.06523387584216225,0.03975766036257555,139.82537521199993
orth6r_3fe969442104_q00_rear_left,orth6r_3fe969442104,0,baseline,rear_left,290.0,390.0,0.0,60.0,1.0,1.0,,1.0,0,0,0,0.0,0,0,False,0,9,,,137.2860886060007
orth6r_3fe969442104_q00_rear_center,orth6r_3fe969442104,0,baseline,rear_center,290.0,390.0,0.0,60.0,1.0,1.0,,1.0,0,0,0,0.0,0,0,False,0,9,,,164.6489716290016
orth6r_3fe969442104_q00_rear_right,orth6r_3fe969442104,0,baseline,rear_right,290.0,390.0,0.0,60.0,1.0,1.0,,1.0,0,0,0,0.0,0,0,False,0,9,,,135.3587798619992
orth6r_3fe969442104_q00_mid_left,orth6r_3fe969442104,0,baseline,mid_left,290.0,390.0,0.0,60.0,1.0,1.0,,1.0,0,1,0,0.013333333333333334,0,0,False,0,9,0.02807492050143493,0.749676198606418,130.72570518200519
orth6r_441a8c500291_q00_rear_left,orth6r_441a8c500291,0,baseline,rear_left,290.0,390.0,0.0,60.0,1.0,1.0,,1.0,1,6,1,0.11456790123456789,23,3,True,9,9,0.001401347867189623,0.0712798983645353,67.76982961400063
orth6r_441a8c500291_q00_rear_center,orth6r_441a8c500291,0,baseline,rear_center,290.0,390.0,0.0,60.0,1.0,1.0,,1.0,3,13,2,0.2646913580246914,11,0,False,5,9,0.00666666666666671,0.0090268693042872,109.6002179269999
orth6r_441a8c500291_q00_rear_right,orth6r_441a8c500291,0,baseline,rear_right,290.0,390.0,0.0,60.0,1.0,1.0,,1.0,5,11,3,0.2948148148148148,1,0,True,7,9,-5.705424152408628e-05,0.011641603430475822,113.69542332499987
orth6r_441a8c500291_q00_mid_left,orth6r_441a8c500291,0,baseline,mid_left,290.0,390.0,0.0,60.0,1.0,1.0,,1.0,4,14,2,0.30024691358024697,35,1,False,0,9,-2.5825602574323925e-05,0.007905662975151717,144.3907421019976
orth6r_45aa0032ccc7_q00_rear_left,orth6r_45aa0032ccc7,0,baseline,rear_left,290.0,390.0,0.0,60.0,1.0,1.0,,1.0,0,0,0,0.0,0,0,False,0,9,,,212.48741367399634
orth6r_45aa0032ccc7_q00_rear_center,orth6r_45aa0032ccc7,0,baseline,rear_center,290.0,390.0,0.0,60.0,1.0,1.0,,1.0,0,0,0,0.0,0,0,False,0,9,,,355.5889283389988
orth6r_45aa0032ccc7_q00_rear_right,orth6r_45aa0032ccc7,0,baseline,rear_right,290.0,390.0,0.0,60.0,1.0,1.0,,1.0,0,0,0,0.0,0,0,False,0,9,,,250.24446731599892
orth6r_45aa0032ccc7_q00_mid_left,orth6r_45aa0032ccc7,0,baseline,mid_left,290.0,390.0,0.0,60.0,1.0,1.0,,1.0,0,0,0,0.0,0,0,False,0,9,,,230.93668141099624
orth6r_4710700edaa4_q00_rear_left,orth6r_4710700edaa4,0,baseline,rear_left,60.0,296.1418578992169,390.0,0.0,1.0,1.0,1.0,,0,0,0,0.0,0,0,False,0,9,,,213.89961517500342
orth6r_4710700edaa4_q00_rear_center,orth6r_4710700edaa4,0,baseline,rear_center,60.0,296.1418578992169,390.0,0.0,1.0,1.0,1.0,,0,0,0,0.0,0,0,False,0,9,,,193.60379537900008
orth6r_4710700edaa4_q00_rear_right,orth6r_4710700edaa4,0,baseline,rear_right,60.0,296.1418578992169,390.0,0.0,1.0,1.0,1.0,,0,0,0,0.0,0,0,False,0,9,,,165.31614396400255
orth6r_4710700edaa4_q00_mid_left,orth6r_4710700edaa4,0,baseline,mid_left,60.0,296.1418578992169,390.0,0.0,1.0,1.0,1.0,,0,0,0,0.0,0,0,False,0,9,-0.04251936638311538,4.440892098500626e-16,236.86460436100606
orth6r_4ab675a33402_q00_rear_left,orth6r_4ab675a33402,0,baseline,rear_left,290.0,390.0,0.0,60.0,1.0,1.0,,1.0,4,11,0,0.23555555555555555,40,3,True,6,9,0.0005217123291598597,0.021483947826871574,109.09434937300102
orth6r_4ab675a33402_q00_rear_center,orth6r_4ab675a33402,0,baseline,rear_center,290.0,390.0,0.0,60.0,1.0,1.0,,1.0,11,20,1,0.5234567901234568,51,6,True,9,9,0.000521712591799943,0.24221731794287482,124.40131976300472
orth6r_4ab675a33402_q00_rear_right,orth6r_4ab675a33402,0,baseline,rear_right,290.0,390.0,0.0,60.0,1.0,1.0,,1.0,12,21,6,0.6207407407407407,56,6,True,9,9,0.0005217125922697269,0.22069628494919713,116.6861394660009
orth6r_4ab675a33402_q00_mid_left,orth6r_4ab675a33402,0,baseline,mid_left,290.0,390.0,0.0,60.0,1.0,1.0,,1.0,11,19,0,0.4977777777777777,44,6,True,9,9,0.0005217125934218192,0.33868032647900836,99.46775517700007
orth6r_4c171ab19c7e_q00_rear_left,orth6r_4c171ab19c7e,0,baseline,rear_left,290.0,390.0,0.0,60.0,1.0,1.0,,1.0,0,1,0,0.013333333333333334,36,3,False,0,9,0.00666666666666671,0.2485330782649351,78.46607919200324
orth6r_4c171ab19c7e_q00_rear_center,orth6r_4c171ab19c7e,0,baseline,rear_center,290.0,390.0,0.0,60.0,1.0,1.0,,1.0,0,5,0,0.06666666666666667,41,6,True,9,9,0.00666666666666671,0.47622559191691627,121.06378691000282
orth6r_4c171ab19c7e_q00_rear_right,orth6r_4c171ab19c7e,0,baseline,rear_right,290.0,390.0,0.0,60.0,1.0,1.0,,1.0,0,5,1,0.07901234567901234,41,6,True,9,9,0.00666666666666671,0.683651226459949,53.649102882998704
orth6r_4c171ab19c7e_q00_mid_left,orth6r_4c171ab19c7e,0,baseline,mid_left,290.0,390.0,0.0,60.0,1.0,1.0,,1.0,0,5,0,0.06666666666666667,36,5,True,7,9,-0.00020590792646354994,0.5657090419058384,83.93892046999827
orth6r_4dfef6f66399_q00_rear_left,orth6r_4dfef6f66399,0,baseline,rear_left,0.0,290.0,390.0,0.0,,1.0,1.0,,0,6,0,0.08,28,2,True,8,9,0.00666666666666671,0.02157941047486034,107.51826515100402
orth6r_4dfef6f66399_q00_rear_center,orth6r_4dfef6f66399,0,baseline,rear_center,0.0,290.0,390.0,0.0,,1.0,1.0,,0,10,1,0.145679012345679,34,5,True,8,9,0.00666666666666671,0.2781446361319939,142.8257767239993
orth6r_4dfef6f66399_q00_rear_right,orth6r_4dfef6f66399,0,baseline,rear_right,0.0,290.0,390.0,0.0,,1.0,1.0,,0,6,2,0.10469135802469136,31,4,True,9,9,0.00666666666666671,0.21172506775802913,140.66292043800058
orth6r_4dfef6f66399_q00_mid_left,orth6r_4dfef6f66399,0,baseline,mid_left,0.0,290.0,390.0,0.0,,1.0,1.0,,0,10,1,0.145679012345679,21,3,False,0,9,0.06623451371203741,0.39015325144036894,112.82058675400185
orth6r_567a38dbb60d_q00_rear_left,orth6r_567a38dbb60d,0,baseline,rear_left,290.0,390.0,0.0,60.0,1.0,1.0,,1.0,0,0,0,0.0,1,0,False,0,9,0.004655421423810847,0.21543274976641058,92.70560249200207
orth6r_567a38dbb60d_q00_rear_center,orth6r_567a38dbb60d,0,baseline,rear_center,290.0,390.0,0.0,60.0,1.0,1.0,,1.0,1,2,0,0.04888888888888889,5,0,False,0,9,0.04599999999999993,0.3292462750556766,129.3719711140002
orth6r_567a38dbb60d_q00_rear_right,orth6r_567a38dbb60d,0,baseline,rear_right,290.0,390.0,0.0,60.0,1.0,1.0,,1.0,5,8,0,0.21777777777777776,0,0,False,0,9,,,121.78153621999809
orth6r_567a38dbb60d_q00_mid_left,orth6r_567a38dbb60d,0,baseline,mid_left,290.0,390.0,0.0,60.0,1.0,1.0,,1.0,0,1,0,0.013333333333333334,8,0,False,0,9,0.008594237566367437,0.3292173880226197,114.2612843609968
orth6r_5742a76a3ff8_q00_rear_left,orth6r_5742a76a3ff8,0,baseline,rear_left,60.0,296.1418578992169,390.0,0.0,1.0,1.0,1.0,,0,0,0,0.0,0,0,False,0,9,,,259.2610952190007
orth6r_5742a76a3ff8_q00_rear_center,orth6r_5742a76a3ff8,0,baseline,rear_center,60.0,296.1418578992169,390.0,0.0,1.0,1.0,1.0,,0,0,0,0.0,0,0,False,0,9,,,145.07390110899723
orth6r_5742a76a3ff8_q00_rear_right,orth6r_5742a76a3ff8,0,baseline,rear_right,60.0,296.1418578992169,390.0,0.0,1.0,1.0,1.0,,0,0,0,0.0,0,0,False,0,9,,,170.03855656999804
orth6r_5742a76a3ff8_q00_mid_left,orth6r_5742a76a3ff8,0,baseline,mid_left,60.0,296.1418578992169,390.0,0.0,1.0,1.0,1.0,,0,0,0,0.0,0,0,False,0,9,,,190.34369089300162
orth6r_581bd3158d2f_q00_rear_left,orth6r_581bd3158d2f,0,baseline,rear_left,290.0,390.0,0.0,0.0,1.0,1.0,,,0,0,0,0.0,20,2,False,0,9,0.00666666666666671,0.007008285336842945,137.59148152700072
orth6r_581bd3158d2f_q00_rear_center,orth6r_581bd3158d2f,0,baseline,rear_center,290.0,390.0,0.0,0.0,1.0,1.0,,,0,4,0,0.05333333333333334,30,1,False,1,9,0.00666666666666671,0.005678952038422391,96.49288959700061
orth6r_581bd3158d2f_q00_rear_right,orth6r_581bd3158d2f,0,baseline,rear_right,290.0,390.0,0.0,0.0,1.0,1.0,,,0,3,1,0.05234567901234568,35,4,False,2,9,0.00666666666666671,0.00448194374672406,91.46739200300362
orth6r_581bd3158d2f_q00_mid_left,orth6r_581bd3158d2f,0,baseline,mid_left,290.0,390.0,0.0,0.0,1.0,1.0,,,0,1,0,0.013333333333333334,34,3,True,8,9,0.00666666666666671,0.0662848840552126,79.56987446900166
orth6r_5c81c931a652_q00_rear_left,orth6r_5c81c931a652,0,baseline,rear_left,290.0,390.0,0.0,60.0,1.0,1.0,,1.0,3,8,1,0.185679012345679,27,2,True,8,9,-0.00013933267745865063,0.09019702042259903,104.17518125700008
orth6r_5c81c931a652_q00_rear_center,orth6r_5c81c931a652,0,baseline,rear_center,290.0,390.0,0.0,60.0,1.0,1.0,,1.0,5,12,3,0.3081481481481481,33,4,True,9,9,0.00666666666666671,0.4722510548965817,103.56352281800355
orth6r_5c81c931a652_q00_rear_right,orth6r_5c81c931a652,0,baseline,rear_right,290.0,390.0,0.0,60.0,1.0,1.0,,1.0,5,11,4,0.3071604938271605,35,5,True,9,9,0.00666666666666671,0.20520091513475514,126.9456467570053
orth6r_5c81c931a652_q00_mid_left,orth6r_5c81c931a652,0,baseline,mid_left,290.0,390.0,0.0,60.0,1.0,1.0,,1.0,6,12,3,0.33037037037037037,34,5,True,9,9,0.0004548275611449548,0.25001696010467445,140.68582700700063
orth6r_5ea7273ce997_q00_rear_left,orth6r_5ea7273ce997,0,baseline,rear_left,60.0,296.1418578992169,390.0,0.0,1.0,1.0,1.0,,0,0,0,0.0,0,0,False,0,9,,,201.98126949300058
orth6r_5ea7273ce997_q00_rear_center,orth6r_5ea7273ce997,0,baseline,rear_center,60.0,296.1418578992169,390.0,0.0,1.0,1.0,1.0,,0,0,0,0.0,0,0,False,0,9,,,295.2510139340011
orth6r_5ea7273ce997_q00_rear_right,orth6r_5ea7273ce997,0,baseline,rear_right,60.0,296.1418578992169,390.0,0.0,1.0,1.0,1.0,,0,0,0,0.0,0,0,False,0,9,,,137.15845759699732
orth6r_5ea7273ce997_q00_mid_left,orth6r_5ea7273ce997,0,baseline,mid_left,60.0,296.1418578992169,390.0,0.0,1.0,1.0,1.0,,0,0,0,0.0,0,0,False,0,9,,,188.4662455150028
orth6r_5fc90d0d3a67_q00_rear_left,orth6r_5fc90d0d3a67,0,baseline,rear_left,290.0,390.0,0.0,0.0,1.0,1.0,,,1,5,0,0.08888888888888889,32,2,False,3,9,0.00666666666666671,0.04178782553468352,131.01363042999583
orth6r_5fc90d0d3a67_q00_rear_center,orth6r_5fc90d0d3a67,0,baseline,rear_center,290.0,390.0,0.0,0.0,1.0,1.0,,,2,12,2,0.22913580246913579,19,0,True,6,9,0.00666666666666671,0.22832559146886444,75.25975239300169
orth6r_5fc90d0d3a67_q00_rear_right,orth6r_5fc90d0d3a67,0,baseline,rear_right,290.0,390.0,0.0,0.0,1.0,1.0,,,3,12,1,0.23901234567901233,0,0,True,8,9,0.00666666666666671,6.443734434924409e-13,148.6385053039994
orth6r_5fc90d0d3a67_q00_mid_left,orth6r_5fc90d0d3a67,0,baseline,mid_left,290.0,390.0,0.0,0.0,1.0,1.0,,,2,12,2,0.22913580246913579,31,2,False,1,9,0.00666666666666671,0.0826465984194118,137.90572420700482
orth6r_610a840d3eaa_q00_rear_left,orth6r_610a840d3eaa,0,baseline,rear_left,60.0,296.1418578992169,390.0,0.0,1.0,1.0,1.0,,0,0,0,0.0,0,0,False,0,9,,,231.8707362589994
orth6r_610a840d3eaa_q00_rear_center,orth6r_610a840d3eaa,0,baseline,rear_center,60.0,296.1418578992169,390.0,0.0,1.0,1.0,1.0,,0,0,0,0.0,0,0,False,0,9,,,214.30612735999603
orth6r_610a840d3eaa_q00_rear_right,orth6r_610a840d3eaa,0,baseline,rear_right,60.0,296.1418578992169,390.0,0.0,1.0,1.0,1.0,,0,0,0,0.0,0,0,False,0,9,,,101.9129003679991
orth6r_610a840d3eaa_q00_mid_left,orth6r_610a840d3eaa,0,baseline,mid_left,60.0,296.1418578992169,390.0,0.0,1.0,1.0,1.0,,0,0,0,0.0,0,0,False,0,9,,,215.1530634390001
orth6r_61790d51272c_q00_rear_left,orth6r_61790d51272c,0,baseline,rear_left,60.0,296.1418578992169,390.0,0.0,1.0,1.0,1.0,,0,10,0,0.13333333333333333,7,1,False,1,9,0.006495700428117063,0.09879859643882893,163.33480700400105
orth6r_61790d51272c_q00_rear_center,orth6r_61790d51272c,0,baseline,rear_center,60.0,296.1418578992169,390.0,0.0,1.0,1.0,1.0,,0,16,1,0.22567901234567903,10,1,False,1,9,0.0028165479090305756,0.398935191809592,114.3224846699959
orth6r_61790d51272c_q00_rear_right,orth6r_61790d51272c,0,baseline,rear_right,60.0,296.1418578992169,390.0,0.0,1.0,1.0,1.0,,0,7,0,0.09333333333333334,12,2,True,8,9,0.004622095963116468,0.19593691429935434,104.15187660000083
orth6r_61790d51272c_q00_mid_left,orth6r_61790d51272c,0,baseline,mid_left,60.0,296.1418578992169,390.0,0.0,1.0,1.0,1.0,,0,15,0,0.19999999999999998,6,1,False,0,9,-0.04973301367762401,0.250627444355231,132.95630749599513
orth6r_62017e3aa9d0_q00_rear_left,orth6r_62017e3aa9d0,0,baseline,rear_left,60.0,296.1418578992169,390.0,0.0,1.0,1.0,1.0,,0,0,0,0.0,0,0,False,0,9,,,289.82710201999726
orth6r_62017e3aa9d0_q00_rear_center,orth6r_62017e3aa9d0,0,baseline,rear_center,60.0,296.1418578992169,390.0,0.0,1.0,1.0,1.0,,0,0,0,0.0,0,0,False,0,9,,,221.23813000699738
orth6r_62017e3aa9d0_q00_rear_right,orth6r_62017e3aa9d0,0,baseline,rear_right,60.0,296.1418578992169,390.0,0.0,1.0,1.0,1.0,,0,0,0,0.0,0,0,False,0,9,,,195.08304127600422
orth6r_62017e3aa9d0_q00_mid_left,orth6r_62017e3aa9d0,0,baseline,mid_left,60.0,296.1418578992169,390.0,0.0,1.0,1.0,1.0,,0,0,0,0.0,0,0,False,0,9,,,218.40051507200405
orth6r_65850abf2c4f_q00_rear_left,orth6r_65850abf2c4f,0,baseline,rear_left,290.0,390.0,0.0,60.0,1.0,1.0,,1.0,4,1,0,0.10222222222222221,9,1,False,0,9,,,167.36242792700068
orth6r_65850abf2c4f_q00_rear_center,orth6r_65850abf2c4f,0,baseline,rear_center,290.0,390.0,0.0,60.0,1.0,1.0,,1.0,11,2,0,0.2711111111111111,12,2,False,0,9,,,133.03145929099992
orth6r_65850abf2c4f_q00_rear_right,orth6r_65850abf2c4f,0,baseline,rear_right,290.0,390.0,0.0,60.0,1.0,1.0,,1.0,12,2,0,0.29333333333333333,12,2,False,0,9,,,110.68087052000192
orth6r_65850abf2c4f_q00_mid_left,orth6r_65850abf2c4f,0,baseline,mid_left,290.0,390.0,0.0,60.0,1.0,1.0,,1.0,11,0,0,0.24444444444444444,11,1,False,0,9,,,96.1648925940026
orth6r_6fa0b1acd860_q00_rear_left,orth6r_6fa0b1acd860,0,baseline,rear_left,290.0,390.0,0.0,0.0,1.0,1.0,,,0,1,0,0.013333333333333334,33,2,False,0,9,0.00666666666666671,0.1801001918584073,144.52251602899923
orth6r_6fa0b1acd860_q00_rear_center,orth6r_6fa0b1acd860,0,baseline,rear_center,290.0,390.0,0.0,0.0,1.0,1.0,,,0,5,0,0.06666666666666667,39,5,True,9,9,0.00666666666666671,0.5877266350038384,129.6971362470067
orth6r_6fa0b1acd860_q00_rear_right,orth6r_6fa0b1acd860,0,baseline,rear_right,290.0,390.0,0.0,0.0,1.0,1.0,,,0,5,2,0.09135802469135802,39,5,True,9,9,0.00666666666666671,0.6691347603861195,105.77367575200333
orth6r_6fa0b1acd860_q00_mid_left,orth6r_6fa0b1acd860,0,baseline,mid_left,290.0,390.0,0.0,0.0,1.0,1.0,,,0,5,0,0.06666666666666667,39,5,True,9,9,0.00666666666666671,0.15537307508349008,79.50454982600058
orth6r_7138fdde137f_q00_rear_left,orth6r_7138fdde137f,0,baseline,rear_left,0.0,290.0,390.0,0.0,,1.0,1.0,,2,8,1,0.1634567901234568,28,3,True,8,9,0.00666666666666671,0.06374792902976045,74.3523080629966
orth6r_7138fdde137f_q00_rear_center,orth6r_7138fdde137f,0,baseline,rear_center,0.0,290.0,390.0,0.0,,1.0,1.0,,6,14,5,0.38172839506172845,33,5,True,9,9,0.00666666666666671,0.5512800238800404,123.48980943400238
orth6r_7138fdde137f_q00_rear_right,orth6r_7138fdde137f,0,baseline,rear_right,0.0,290.0,390.0,0.0,,1.0,1.0,,9,17,7,0.5130864197530864,30,5,True,9,9,0.00666666666666671,0.7663567307977888,94.42010451800161
orth6r_7138fdde137f_q00_mid_left,orth6r_7138fdde137f,0,baseline,mid_left,0.0,290.0,390.0,0.0,,1.0,1.0,,6,15,4,0.38271604938271603,33,4,False,4,9,0.00666666666666671,0.004630271848621081,130.95013918699988
orth6r_76db048bddd8_q00_rear_left,orth6r_76db048bddd8,0,baseline,rear_left,0.0,290.0,390.0,0.0,,1.0,1.0,,0,7,0,0.09333333333333334,21,2,False,2,9,0.00666666666666671,0.02215934166234801,106.58803331200033
orth6r_76db048bddd8_q00_rear_center,orth6r_76db048bddd8,0,baseline,rear_center,0.0,290.0,390.0,0.0,,1.0,1.0,,0,15,0,0.19999999999999998,30,3,True,7,9,4.1993414794064265e-05,0.005767878883744082,120.50199685100233
orth6r_76db048bddd8_q00_rear_right,orth6r_76db048bddd8,0,baseline,rear_right,0.0,290.0,390.0,0.0,,1.0,1.0,,0,7,0,0.09333333333333334,31,4,True,9,9,0.00666666666666671,0.21172506775594213,74.37288056100078
orth6r_76db048bddd8_q00_mid_left,orth6r_76db048bddd8,0,baseline,mid_left,0.0,290.0,390.0,0.0,,1.0,1.0,,0,14,0,0.18666666666666668,20,3,False,0,9,0.04803217993834055,0.08533547404083919,152.974465235995
orth6r_7779af5de0a3_q00_rear_left,orth6r_7779af5de0a3,0,baseline,rear_left,60.0,296.1418578992169,390.0,0.0,1.0,1.0,1.0,,0,0,0,0.0,0,0,False,0,9,-0.0003408677826676476,1.0658141036401503e-14,138.98041163600283
orth6r_7779af5de0a3_q00_rear_center,orth6r_7779af5de0a3,0,baseline,rear_center,60.0,296.1418578992169,390.0,0.0,1.0,1.0,1.0,,0,0,0,0.0,0,0,False,0,9,-0.011230642536076696,4.884981308350689e-14,183.13214626000263
orth6r_7779af5de0a3_q00_rear_right,orth6r_7779af5de0a3,0,baseline,rear_right,60.0,296.1418578992169,390.0,0.0,1.0,1.0,1.0,,0,0,0,0.0,0,0,False,0,9,-0.024490066988847148,1.4583889651476056e-12,200.2550410909971
orth6r_7779af5de0a3_q00_mid_left,orth6r_7779af5de0a3,0,baseline,mid_left,60.0,296.1418578992169,390.0,0.0,1.0,1.0,1.0,,0,0,0,0.0,0,0,False,0,9,-0.01713822574618759,3.6842238531065163e-06,199.31163766600366
orth6r_784c6e264edc_q00_rear_left,orth6r_784c6e264edc,0,baseline,rear_left,60.0,296.1418578992169,390.0,0.0,1.0,1.0,1.0,,0,0,0,0.0,0,0,False,0,9,,,158.46498529699602
orth6r_784c6e264edc_q00_rear_center,orth6r_784c6e264edc,0,baseline,rear_center,60.0,296.1418578992169,390.0,0.0,1.0,1.0,1.0,,0,0,0,0.0,0,0,False,0,9,,,112.30575199600571
orth6r_784c6e264edc_q00_rear_right,orth6r_784c6e264edc,0,baseline,rear_right,60.0,296.1418578992169,390.0,0.0,1.0,1.0,1.0,,0,0,0,0.0,0,0,False,0,9,,,186.6351425380053
orth6r_784c6e264edc_q00_mid_left,orth6r_784c6e264edc,0,baseline,mid_left,60.0,296.1418578992169,390.0,0.0,1.0,1.0,1.0,,0,0,0,0.0,0,0,False,0,9,-0.04251706140754453,4.440892098500626e-16,178.2754533529951
orth6r_7d784d55c5f7_q00_rear_left,orth6r_7d784d55c5f7,0,baseline,rear_left,60.0,296.1418578992169,390.0,0.0,1.0,1.0,1.0,,0,0,0,0.0,0,0,False,0,9,-0.02086166110797613,4.5106849078102584e-06,254.66599416600366
orth6r_7d784d55c5f7_q00_rear_center,orth6r_7d784d55c5f7,0,baseline,rear_center,60.0,296.1418578992169,390.0,0.0,1.0,1.0,1.0,,0,0,0,0.0,0,0,False,0,9,-0.011231500417081403,0.06311784736604675,173.1985876519975
orth6r_7d784d55c5f7_q00_rear_right,orth6r_7d784d55c5f7,0,baseline,rear_right,60.0,296.1418578992169,390.0,0.0,1.0,1.0,1.0,,0,0,0,0.0,0,0,False,0,9,-0.024490067004887442,0.22069628494919757,208.7641632590021
orth6r_7d784d55c5f7_q00_mid_left,orth6r_7d784d55c5f7,0,baseline,mid_left,60.0,296.1418578992169,390.0,0.0,1.0,1.0,1.0,,0,0,0,0.0,0,0,False,0,9,-0.017138977438880293,0.3385192952943168,274.84415112499846
orth6r_7e33ebdaf972_q00_rear_left,orth6r_7e33ebdaf972,0,baseline,rear_left,60.0,296.1418578992169,390.0,0.0,1.0,1.0,1.0,,0,0,0,0.0,2,0,False,0,9,-0.04229735021420414,0.23548509801028672,153.85404675600148
orth6r_7e33ebdaf972_q00_rear_center,orth6r_7e33ebdaf972,0,baseline,rear_center,60.0,296.1418578992169,390.0,0.0,1.0,1.0,1.0,,0,0,0,0.0,3,0,False,0,9,-0.0054124414684262045,0.6201468016440577,156.6021491099964
orth6r_7e33ebdaf972_q00_rear_right,orth6r_7e33ebdaf972,0,baseline,rear_right,60.0,296.1418578992169,390.0,0.0,1.0,1.0,1.0,,0,0,0,0.0,1,0,False,0,9,-0.042,0.34429660849558497,126.95152552500076
orth6r_7e33ebdaf972_q00_mid_left,orth6r_7e33ebdaf972,0,baseline,mid_left,60.0,296.1418578992169,390.0,0.0,1.0,1.0,1.0,,0,0,0,0.0,2,0,False,0,9,-0.017886773914084997,0.8073526673335778,152.73364227500133
orth6r_7f8078889a17_q00_rear_left,orth6r_7f8078889a17,0,baseline,rear_left,0.0,290.0,390.0,0.0,,1.0,1.0,,0,7,0,0.09333333333333334,28,4,True,8,9,0.00666666666666671,0.2366571676425524,148.45820234799612
orth6r_7f8078889a17_q00_rear_center,orth6r_7f8078889a17,0,baseline,rear_center,0.0,290.0,390.0,0.0,,1.0,1.0,,0,15,4,0.2493827160493827,34,4,True,8,9,0.00666666666666671,0.5062873927188019,131.3507117860063
orth6r_7f8078889a17_q00_rear_right,orth6r_7f8078889a17,0,baseline,rear_right,0.0,290.0,390.0,0.0,,1.0,1.0,,0,7,3,0.1303703703703704,32,5,True,9,9,0.00666666666666671,0.21172506775654543,140.07734889400308
orth6r_7f8078889a17_q00_mid_left,orth6r_7f8078889a17,0,baseline,mid_left,0.0,290.0,390.0,0.0,,1.0,1.0,,0,15,2,0.22469135802469134,21,3,False,0,9,0.06623451371293868,0.7368980566721985,71.72507423799834
orth6r_818237a7d207_q00_rear_left,orth6r_818237a7d207,0,baseline,rear_left,60.0,296.1418578992169,390.0,0.0,1.0,1.0,1.0,,0,0,0,0.0,0,0,False,0,9,,,344.5298118139981
orth6r_818237a7d207_q00_rear_center,orth6r_818237a7d207,0,baseline,rear_center,60.0,296.1418578992169,390.0,0.0,1.0,1.0,1.0,,0,0,0,0.0,0,0,False,0,9,,,189.9790435670002
orth6r_818237a7d207_q00_rear_right,orth6r_818237a7d207,0,baseline,rear_right,60.0,296.1418578992169,390.0,0.0,1.0,1.0,1.0,,0,0,0,0.0,0,0,False,0,9,,,217.60929864500213
orth6r_818237a7d207_q00_mid_left,orth6r_818237a7d207,0,baseline,mid_left,60.0,296.1418578992169,390.0,0.0,1.0,1.0,1.0,,0,0,0,0.0,0,0,False,0,9,,,274.7439106460006
orth6r_824eeda95d6c_q00_rear_left,orth6r_824eeda95d6c,0,baseline,rear_left,290.0,390.0,0.0,60.0,1.0,1.0,,1.0,0,0,0,0.0,24,2,False,0,9,0.00666666666666671,0.00044822608977534983,128.488546554996
orth6r_824eeda95d6c_q00_rear_center,orth6r_824eeda95d6c,0,baseline,rear_center,290.0,390.0,0.0,60.0,1.0,1.0,,1.0,0,4,0,0.05333333333333334,35,4,False,1,9,0.00666666666666671,0.00017263032955483482,114.10752967000008
orth6r_824eeda95d6c_q00_rear_right,orth6r_824eeda95d6c,0,baseline,rear_right,290.0,390.0,0.0,60.0,1.0,1.0,,1.0,0,4,1,0.06567901234567901,40,5,False,1,9,0.00666666666666671,0.006454238445233074,98.16292537499976
orth6r_824eeda95d6c_q00_mid_left,orth6r_824eeda95d6c,0,baseline,mid_left,290.0,390.0,0.0,60.0,1.0,1.0,,1.0,0,2,0,0.02666666666666667,36,4,True,7,9,0.00666666666666671,0.0032631313793447525,121.15189699800248
orth6r_8597d20bb432_q00_rear_left,orth6r_8597d20bb432,0,baseline,rear_left,60.0,296.1418578992169,390.0,0.0,1.0,1.0,1.0,,0,0,0,0.0,0,0,False,0,9,,,216.60837417500443
orth6r_8597d20bb432_q00_rear_center,orth6r_8597d20bb432,0,baseline,rear_center,60.0,296.1418578992169,390.0,0.0,1.0,1.0,1.0,,0,0,0,0.0,0,0,False,0,9,,,119.45948438699997
orth6r_8597d20bb432_q00_rear_right,orth6r_8597d20bb432,0,baseline,rear_right,60.0,296.1418578992169,390.0,0.0,1.0,1.0,1.0,,0,0,0,0.0,0,0,False,0,9,,,153.1098362460034
orth6r_8597d20bb432_q00_mid_left,orth6r_8597d20bb432,0,baseline,mid_left,60.0,296.1418578992169,390.0,0.0,1.0,1.0,1.0,,0,0,0,0.0,0,0,False,0,9,,,194.124301525997
orth6r_86176d23e85b_q00_rear_left,orth6r_86176d23e85b,0,baseline,rear_left,290.0,390.0,0.0,60.0,1.0,1.0,,1.0,1,13,1,0.20790123456790124,30,3,True,9,9,6.849045504946777e-05,0.2750832373130603,132.1573841050049
orth6r_86176d23e85b_q00_rear_center,orth6r_86176d23e85b,0,baseline,rear_center,290.0,390.0,0.0,60.0,1.0,1.0,,1.0,3,13,1,0.25234567901234567,23,1,False,3,9,-0.00012756468741881993,0.1918741804117321,79.84124784900632
orth6r_86176d23e85b_q00_rear_right,orth6r_86176d23e85b,0,baseline,rear_right,290.0,390.0,0.0,60.0,1.0,1.0,,1.0,6,14,1,0.33234567901234574,4,0,True,9,9,0.00666666666666671,0.4479171262943096,108.1861635729947
orth6r_86176d23e85b_q00_mid_left,orth6r_86176d23e85b,0,baseline,mid_left,290.0,390.0,0.0,60.0,1.0,1.0,,1.0,4,12,1,0.26123456790123456,29,3,False,3,9,0.004714925325009854,0.13422966435893224,104.02103782400081
orth6r_888f3529c431_q00_rear_left,orth6r_888f3529c431,0,baseline,rear_left,290.0,390.0,0.0,0.0,1.0,1.0,,,1,4,0,0.07555555555555556,22,1,True,7,9,0.00666666666666671,0.012745242893592135,117.34153700000024
orth6r_888f3529c431_q00_rear_center,orth6r_888f3529c431,0,baseline,rear_center,290.0,390.0,0.0,0.0,1.0,1.0,,,5,14,2,0.32246913580246916,38,5,True,9,9,0.00666666666666671,0.27728902875815065,132.7360706440013
orth6r_888f3529c431_q00_rear_right,orth6r_888f3529c431,0,baseline,rear_right,290.0,390.0,0.0,0.0,1.0,1.0,,,9,15,5,0.46172839506172836,37,5,True,9,9,0.00666666666666671,0.2207047263001065,111.38932742000179
orth6r_888f3529c431_q00_mid_left,orth6r_888f3529c431,0,baseline,mid_left,290.0,390.0,0.0,0.0,1.0,1.0,,,6,15,3,0.3703703703703704,34,4,True,6,9,0.00666666666666671,0.008528154947731625,103.59385072800069
orth6r_8a5bb5fe0f2b_q00_rear_left,orth6r_8a5bb5fe0f2b,0,baseline,rear_left,290.0,390.0,0.0,60.0,1.0,1.0,,1.0,0,0,0,0.0,0,0,False,0,9,0.04018427388591171,0.0012893547244579029,194.81829347100575
orth6r_8a5bb5fe0f2b_q00_rear_center,orth6r_8a5bb5fe0f2b,0,baseline,rear_center,290.0,390.0,0.0,60.0,1.0,1.0,,1.0,0,0,0,0.0,0,0,False,0,9,0.045999999999999916,4.440892098500626e-15,195.1062130940045
orth6r_8a5bb5fe0f2b_q00_rear_right,orth6r_8a5bb5fe0f2b,0,baseline,rear_right,290.0,390.0,0.0,60.0,1.0,1.0,,1.0,0,0,0,0.0,0,0,False,0,9,0.0459999999999999,2.864375403532904e-14,145.85527122700296
orth6r_8a5bb5fe0f2b_q00_mid_left,orth6r_8a5bb5fe0f2b,0,baseline,mid_left,290.0,390.0,0.0,60.0,1.0,1.0,,1.0,0,0,0,0.0,0,0,False,0,9,0.0459999999999999,0.0034868607886051617,162.67490130900114
orth6r_8ac29bba7197_q00_rear_left,orth6r_8ac29bba7197,0,baseline,rear_left,290.0,390.0,0.0,60.0,1.0,1.0,,1.0,0,6,0,0.08,33,3,True,9,9,0.004907162955904099,0.07535104115864932,95.78028701199946
orth6r_8ac29bba7197_q00_rear_center,orth6r_8ac29bba7197,0,baseline,rear_center,290.0,390.0,0.0,60.0,1.0,1.0,,1.0,5,10,3,0.2814814814814815,18,0,True,9,9,0.00666666666666671,0.5916652303621039,77.91574393900373
orth6r_8ac29bba7197_q00_rear_right,orth6r_8ac29bba7197,0,baseline,rear_right,290.0,390.0,0.0,60.0,1.0,1.0,,1.0,5,13,6,0.3585185185185185,1,0,True,9,9,0.00666666666666671,0.8034565612331546,88.40335817499727
orth6r_8ac29bba7197_q00_mid_left,orth6r_8ac29bba7197,0,baseline,mid_left,290.0,390.0,0.0,60.0,1.0,1.0,,1.0,2,12,1,0.21679012345679013,31,3,True,9,9,0.00666666666666671,0.7599324441877,100.60305435900227
orth6r_8c82d148d2c6_q00_rear_left,orth6r_8c82d148d2c6,0,baseline,rear_left,0.0,290.0,390.0,0.0,,1.0,1.0,,0,7,0,0.09333333333333334,31,4,True,8,9,0.00666666666666671,0.4355242739036971,125.88877258799766
orth6r_8c82d148d2c6_q00_rear_center,orth6r_8c82d148d2c6,0,baseline,rear_center,0.0,290.0,390.0,0.0,,1.0,1.0,,0,15,2,0.22469135802469134,35,5,True,8,9,4.1993399223255734e-05,0.5062873927187888,133.62654743000166
orth6r_8c82d148d2c6_q00_rear_right,orth6r_8c82d148d2c6,0,baseline,rear_right,0.0,290.0,390.0,0.0,,1.0,1.0,,0,7,1,0.10567901234567902,35,5,True,9,9,0.00666666666666671,0.2117250677575453,127.66601939400425
orth6r_8c82d148d2c6_q00_mid_left,orth6r_8c82d148d2c6,0,baseline,mid_left,0.0,290.0,390.0,0.0,,1.0,1.0,,0,15,0,0.19999999999999998,20,3,False,0,9,0.04803217995752079,0.927275053942824,115.70961077399988
orth6r_8ca07f8e4a47_q00_rear_left,orth6r_8ca07f8e4a47,0,baseline,rear_left,290.0,390.0,0.0,60.0,1.0,1.0,,1.0,0,1,0,0.013333333333333334,4,0,False,0,9,-0.0005382956196360311,0.06463956459613218,160.80158274900168
orth6r_8ca07f8e4a47_q00_rear_center,orth6r_8ca07f8e4a47,0,baseline,rear_center,290.0,390.0,0.0,60.0,1.0,1.0,,1.0,0,0,0,0.0,4,0,False,0,9,-0.004354046579499532,2.3699636964025217e-07,144.5390052100047
orth6r_8ca07f8e4a47_q00_rear_right,orth6r_8ca07f8e4a47,0,baseline,rear_right,290.0,390.0,0.0,60.0,1.0,1.0,,1.0,0,0,0,0.0,0,0,False,0,9,-0.04734466694111571,0.14564288856595153,169.4523133449984
orth6r_8ca07f8e4a47_q00_mid_left,orth6r_8ca07f8e4a47,0,baseline,mid_left,290.0,390.0,0.0,60.0,1.0,1.0,,1.0,0,1,0,0.013333333333333334,2,0,False,0,9,0.005034634870752244,3.5209883897380223e-09,147.41519052399963
orth6r_920c8b224409_q00_rear_left,orth6r_920c8b224409,0,baseline,rear_left,290.0,390.0,0.0,60.0,1.0,1.0,,1.0,0,5,0,0.06666666666666667,30,3,False,1,9,-0.0007999706612199856,0.4043750372535029,108.02864179899916
orth6r_920c8b224409_q00_rear_center,orth6r_920c8b224409,0,baseline,rear_center,290.0,390.0,0.0,60.0,1.0,1.0,,1.0,0,7,2,0.1180246913580247,33,4,False,3,9,-0.0010998986823454598,0.8424936787187716,94.80530698900111
orth6r_920c8b224409_q00_rear_right,orth6r_920c8b224409,0,baseline,rear_right,290.0,390.0,0.0,60.0,1.0,1.0,,1.0,0,7,3,0.1303703703703704,35,4,False,1,9,-0.0008241356301416924,0.8124130198714861,81.62445661600213
orth6r_920c8b224409_q00_mid_left,orth6r_920c8b224409,0,baseline,mid_left,290.0,390.0,0.0,60.0,1.0,1.0,,1.0,0,8,1,0.11901234567901235,33,4,True,9,9,0.0026681589854363266,0.8023075302813516,136.38923157099634
orth6r_98704a8aec02_q00_rear_left,orth6r_98704a8aec02,0,baseline,rear_left,60.0,296.1418578992169,390.0,0.0,1.0,1.0,1.0,,0,7,1,0.10567901234567902,22,3,True,8,9,0.00666666666666671,0.08143371865662052,115.96861640700081
orth6r_98704a8aec02_q00_rear_center,orth6r_98704a8aec02,0,baseline,rear_center,60.0,296.1418578992169,390.0,0.0,1.0,1.0,1.0,,2,13,4,0.2671604938271605,22,3,True,9,9,0.002591994563182709,0.30348735454785203,66.8913632210024
orth6r_98704a8aec02_q00_rear_right,orth6r_98704a8aec02,0,baseline,rear_right,60.0,296.1418578992169,390.0,0.0,1.0,1.0,1.0,,2,13,6,0.29185185185185186,22,3,True,9,9,0.0039399741963598855,0.7247129984015099,143.82496726100362
orth6r_98704a8aec02_q00_mid_left,orth6r_98704a8aec02,0,baseline,mid_left,60.0,296.1418578992169,390.0,0.0,1.0,1.0,1.0,,1,9,2,0.16691358024691358,11,1,False,2,9,-8.395630395614806e-05,0.007097546933604537,94.4136448720019
orth6r_997951e83379_q00_rear_left,orth6r_997951e83379,0,baseline,rear_left,60.0,296.1418578992169,390.0,0.0,1.0,1.0,1.0,,0,0,0,0.0,0,0,False,0,9,0.009653545534537872,0.6570254033562248,179.2735182539982
orth6r_997951e83379_q00_rear_center,orth6r_997951e83379,0,baseline,rear_center,60.0,296.1418578992169,390.0,0.0,1.0,1.0,1.0,,0,1,0,0.013333333333333334,0,0,False,0,9,-0.0462249891204487,0.37282152530234547,120.71626393099723
orth6r_997951e83379_q00_rear_right,orth6r_997951e83379,0,baseline,rear_right,60.0,296.1418578992169,390.0,0.0,1.0,1.0,1.0,,0,1,0,0.013333333333333334,0,0,False,0,9,,,121.76980716300022
orth6r_997951e83379_q00_mid_left,orth6r_997951e83379,0,baseline,mid_left,60.0,296.1418578992169,390.0,0.0,1.0,1.0,1.0,,0,0,0,0.0,1,0,False,0,9,-0.021233018418370053,0.372648424175829,167.44141490100446
orth6r_9b7d0e4b3c6a_q00_rear_left,orth6r_9b7d0e4b3c6a,0,baseline,rear_left,290.0,390.0,0.0,60.0,1.0,1.0,,1.0,0,2,0,0.02666666666666667,36,4,False,2,9,0.00666666666666671,1.5286438781458855e-11,140.8765466390032
orth6r_9b7d0e4b3c6a_q00_rear_center,orth6r_9b7d0e4b3c6a,0,baseline,rear_center,290.0,390.0,0.0,60.0,1.0,1.0,,1.0,1,6,3,0.13925925925925925,21,2,True,9,9,0.00666666666666671,0.5395565680026033,110.78206016900367
orth6r_9b7d0e4b3c6a_q00_rear_right,orth6r_9b7d0e4b3c6a,0,baseline,rear_right,290.0,390.0,0.0,60.0,1.0,1.0,,1.0,5,10,6,0.3185185185185185,3,0,False,2,9,0.00666666666666671,0.34419853788314736,115.43655275199853
orth6r_9b7d0e4b3c6a_q00_mid_left,orth6r_9b7d0e4b3c6a,0,baseline,mid_left,290.0,390.0,0.0,60.0,1.0,1.0,,1.0,0,8,1,0.11901234567901235,41,5,True,9,9,0.00666666666666671,0.4821394430979957,105.11528711899882
orth6r_9c26d67ce669_q00_rear_left,orth6r_9c26d67ce669,0,baseline,rear_left,290.0,390.0,0.0,60.0,1.0,1.0,,1.0,4,14,1,0.28790123456790123,30,4,True,8,9,-0.00013933267745858818,0.09019702042204347,105.98425320700335
orth6r_9c26d67ce669_q00_rear_center,orth6r_9c26d67ce669,0,baseline,rear_center,290.0,390.0,0.0,60.0,1.0,1.0,,1.0,7,19,5,0.4706172839506173,31,5,True,9,9,0.00666666666666671,0.47225105489777164,80.19776310199813
orth6r_9c26d67ce669_q00_rear_right,orth6r_9c26d67ce669,0,baseline,rear_right,290.0,390.0,0.0,60.0,1.0,1.0,,1.0,9,19,6,0.5274074074074074,33,5,True,9,9,0.00666666666666671,0.20520091513476335,101.58604916699551
orth6r_9c26d67ce669_q00_mid_left,orth6r_9c26d67ce669,0,baseline,mid_left,290.0,390.0,0.0,60.0,1.0,1.0,,1.0,8,20,5,0.5061728395061729,35,5,True,8,9,0.00045482756114485767,0.12418329915325632,108.57866280600138
orth6r_9c53e815720d_q00_rear_left,orth6r_9c53e815720d,0,baseline,rear_left,290.0,390.0,0.0,60.0,1.0,1.0,,1.0,0,3,0,0.04,27,3,False,0,9,-0.0004304003343173421,0.3409650920141445,70.54071219500474
orth6r_9c53e815720d_q00_rear_center,orth6r_9c53e815720d,0,baseline,rear_center,290.0,390.0,0.0,60.0,1.0,1.0,,1.0,0,4,0,0.05333333333333334,33,4,False,0,9,-0.0006666536591804079,0.6828666904418492,136.84417650700198
orth6r_9c53e815720d_q00_rear_right,orth6r_9c53e815720d,0,baseline,rear_right,290.0,390.0,0.0,60.0,1.0,1.0,,1.0,0,3,2,0.06469135802469135,38,4,False,0,9,-0.0003771080196966342,0.8395628780529849,140.74801353899966
orth6r_9c53e815720d_q00_mid_left,orth6r_9c53e815720d,0,baseline,mid_left,290.0,390.0,0.0,60.0,1.0,1.0,,1.0,0,4,0,0.05333333333333334,46,6,False,0,9,-0.0002948777307738154,0.8897856130845458,118.4800863979981
orth6r_9cb821f00d15_q00_rear_left,orth6r_9cb821f00d15,0,baseline,rear_left,0.0,290.0,390.0,0.0,,1.0,1.0,,2,8,1,0.1634567901234568,32,3,True,9,9,0.00666666666666671,0.3845270316360878,141.84884446400247
orth6r_9cb821f00d15_q00_rear_center,orth6r_9cb821f00d15,0,baseline,rear_center,0.0,290.0,390.0,0.0,,1.0,1.0,,6,17,5,0.4217283950617284,41,6,True,9,9,0.00666666666666671,0.9073216736330558,111.076744349004
orth6r_9cb821f00d15_q00_rear_right,orth6r_9cb821f00d15,0,baseline,rear_right,0.0,290.0,390.0,0.0,,1.0,1.0,,9,17,7,0.5130864197530864,43,5,True,9,9,0.00666666666666671,0.7663567307802166,134.8837835939994
orth6r_9cb821f00d15_q00_mid_left,orth6r_9cb821f00d15,0,baseline,mid_left,0.0,290.0,390.0,0.0,,1.0,1.0,,6,17,3,0.3970370370370371,37,6,True,9,9,0.00666666666666671,0.7807074264033482,91.5681263180013
orth6r_9e2634b0f8c0_q00_rear_left,orth6r_9e2634b0f8c0,0,baseline,rear_left,290.0,390.0,0.0,0.0,1.0,1.0,,,1,5,0,0.08888888888888889,31,2,True,8,9,0.00666666666666671,0.014517961526085532,123.2516192969997
orth6r_9e2634b0f8c0_q00_rear_center,orth6r_9e2634b0f8c0,0,baseline,rear_center,290.0,390.0,0.0,0.0,1.0,1.0,,,2,12,3,0.2414814814814815,19,0,True,9,9,0.00666666666666671,0.2944126815901922,61.73846232300275
orth6r_9e2634b0f8c0_q00_rear_right,orth6r_9e2634b0f8c0,0,baseline,rear_right,290.0,390.0,0.0,0.0,1.0,1.0,,,3,12,3,0.2637037037037037,0,0,True,8,9,0.00666666666666671,0.6666406178964808,84.83600737100642
orth6r_9e2634b0f8c0_q00_mid_left,orth6r_9e2634b0f8c0,0,baseline,mid_left,290.0,390.0,0.0,0.0,1.0,1.0,,,2,13,2,0.24246913580246912,31,2,True,7,9,0.00666666666666671,0.09141291489827807,102.57206605900137
orth6r_9e50a40ab789_q00_rear_left,orth6r_9e50a40ab789,0,baseline,rear_left,290.0,390.0,0.0,60.0,1.0,1.0,,1.0,0,0,0,0.0,0,0,False,0,9,,,174.22682353099663
orth6r_9e50a40ab789_q00_rear_center,orth6r_9e50a40ab789,0,baseline,rear_center,290.0,390.0,0.0,60.0,1.0,1.0,,1.0,0,0,0,0.0,0,0,False,0,9,,,188.1053240350011
orth6r_9e50a40ab789_q00_rear_right,orth6r_9e50a40ab789,0,baseline,rear_right,290.0,390.0,0.0,60.0,1.0,1.0,,1.0,0,0,0,0.0,0,0,False,0,9,,,177.23709497500386
orth6r_9e50a40ab789_q00_mid_left,orth6r_9e50a40ab789,0,baseline,mid_left,290.0,390.0,0.0,60.0,1.0,1.0,,1.0,0,0,0,0.0,0,0,False,0,9,-7.818970313627771e-05,4.440892098500626e-16,188.705625331997
orth6r_9e74ddd5a9b4_q00_rear_left,orth6r_9e74ddd5a9b4,0,baseline,rear_left,290.0,390.0,0.0,0.0,1.0,1.0,,,1,1,0,0.035555555555555556,33,2,False,0,9,0.00666666666666671,0.33718881362851905,90.96472454600007
orth6r_9e74ddd5a9b4_q00_rear_center,orth6r_9e74ddd5a9b4,0,baseline,rear_center,290.0,390.0,0.0,0.0,1.0,1.0,,,1,4,1,0.08790123456790123,34,4,True,9,9,0.00666666666666671,0.5877266350034094,83.46051850599906
orth6r_9e74ddd5a9b4_q00_rear_right,orth6r_9e74ddd5a9b4,0,baseline,rear_right,290.0,390.0,0.0,0.0,1.0,1.0,,,2,6,3,0.16148148148148148,46,5,True,9,9,0.00666666666666671,0.8002060165311635,117.25063386500551
orth6r_9e74ddd5a9b4_q00_mid_left,orth6r_9e74ddd5a9b4,0,baseline,mid_left,290.0,390.0,0.0,0.0,1.0,1.0,,,0,4,0,0.05333333333333334,50,5,True,9,9,0.00666666666666671,0.6589142591737667,113.57664194300014
orth6r_9f4b51c050f5_q00_rear_left,orth6r_9f4b51c050f5,0,baseline,rear_left,60.0,296.1418578992169,390.0,0.0,1.0,1.0,1.0,,1,0,0,0.022222222222222223,0,0,False,0,9,-0.07052112635419867,0.47239451717886194,120.56170108199876
orth6r_9f4b51c050f5_q00_rear_center,orth6r_9f4b51c050f5,0,baseline,rear_center,60.0,296.1418578992169,390.0,0.0,1.0,1.0,1.0,,1,2,0,0.04888888888888889,2,0,False,0,9,-0.0714039780856998,0.9368617946791273,134.54912737200357
orth6r_9f4b51c050f5_q00_rear_right,orth6r_9f4b51c050f5,0,baseline,rear_right,60.0,296.1418578992169,390.0,0.0,1.0,1.0,1.0,,1,0,0,0.022222222222222223,0,0,False,0,9,-0.0718597405351338,0.01663952018199355,100.04686744600622
orth6r_9f4b51c050f5_q00_mid_left,orth6r_9f4b51c050f5,0,baseline,mid_left,60.0,296.1418578992169,390.0,0.0,1.0,1.0,1.0,,2,2,0,0.07111111111111111,0,0,False,0,9,-0.06413021715283512,0.09396354335238621,125.31337868500123
orth6r_a23fea711074_q00_rear_left,orth6r_a23fea711074,0,baseline,rear_left,290.0,390.0,0.0,60.0,1.0,1.0,,1.0,0,0,0,0.0,0,0,False,0,9,0.0009559393855450224,0.012080458890723289,219.65823141099827
orth6r_a23fea711074_q00_rear_center,orth6r_a23fea711074,0,baseline,rear_center,290.0,390.0,0.0,60.0,1.0,1.0,,1.0,0,0,0,0.0,0,0,False,0,9,0.00666666666666671,0.004467383866620933,124.70776951599692
orth6r_a23fea711074_q00_rear_right,orth6r_a23fea711074,0,baseline,rear_right,290.0,390.0,0.0,60.0,1.0,1.0,,1.0,0,0,0,0.0,0,0,False,0,9,0.04394012053720869,0.4368710199093282,186.42735166799685
orth6r_a23fea711074_q00_mid_left,orth6r_a23fea711074,0,baseline,mid_left,290.0,390.0,0.0,60.0,1.0,1.0,,1.0,0,0,0,0.0,0,0,False,0,9,0.00666666666666671,0.06062602597360933,152.48220499200397
orth6r_ab404c5b0195_q00_rear_left,orth6r_ab404c5b0195,0,baseline,rear_left,290.0,390.0,0.0,0.0,1.0,1.0,,,1,5,0,0.08888888888888889,45,2,True,8,9,0.00666666666666671,0.014517961382824573,101.93777530200168
orth6r_ab404c5b0195_q00_rear_center,orth6r_ab404c5b0195,0,baseline,rear_center,290.0,390.0,0.0,0.0,1.0,1.0,,,8,12,3,0.37481481481481477,35,2,True,9,9,0.00666666666666671,0.5877266350036932,91.61694716800412
orth6r_ab404c5b0195_q00_rear_right,orth6r_ab404c5b0195,0,baseline,rear_right,290.0,390.0,0.0,0.0,1.0,1.0,,,10,11,2,0.39358024691358023,0,0,True,8,9,0.00666666666666671,0.8002060165845213,149.38752670800022
orth6r_ab404c5b0195_q00_mid_left,orth6r_ab404c5b0195,0,baseline,mid_left,290.0,390.0,0.0,0.0,1.0,1.0,,,8,13,2,0.37580246913580245,50,5,True,9,9,0.00666666666666671,0.6589142595906883,116.563041014997
orth6r_abf73db2617a_q00_rear_left,orth6r_abf73db2617a,0,baseline,rear_left,60.0,296.1418578992169,390.0,0.0,1.0,1.0,1.0,,0,8,1,0.11901234567901235,31,4,True,7,9,0.00666666666666671,0.5376494444802264,129.41143546999956
orth6r_abf73db2617a_q00_rear_center,orth6r_abf73db2617a,0,baseline,rear_center,60.0,296.1418578992169,390.0,0.0,1.0,1.0,1.0,,0,12,2,0.18469135802469136,33,5,False,1,9,-0.0002850880445873574,0.3936328336329722,112.29668410799786
orth6r_abf73db2617a_q00_rear_right,orth6r_abf73db2617a,0,baseline,rear_right,60.0,296.1418578992169,390.0,0.0,1.0,1.0,1.0,,0,6,3,0.11703703703703704,22,3,False,0,9,-0.007851574990619004,0.28404679166669644,112.33587115199771
orth6r_abf73db2617a_q00_mid_left,orth6r_abf73db2617a,0,baseline,mid_left,60.0,296.1418578992169,390.0,0.0,1.0,1.0,1.0,,0,15,2,0.22469135802469134,21,3,False,0,9,0.003120688625503368,0.8701507604977459,125.84628713700658
orth6r_aeff8172dd7b_q00_rear_left,orth6r_aeff8172dd7b,0,baseline,rear_left,290.0,390.0,0.0,60.0,1.0,1.0,,1.0,0,2,0,0.02666666666666667,29,1,False,2,9,0.00666666666666671,0.2708394473688047,171.824371693001
orth6r_aeff8172dd7b_q00_rear_center,orth6r_aeff8172dd7b,0,baseline,rear_center,290.0,390.0,0.0,60.0,1.0,1.0,,1.0,0,5,1,0.07901234567901234,38,5,True,9,9,0.00666666666666671,0.23991734980893797,150.1863894309936
orth6r_aeff8172dd7b_q00_rear_right,orth6r_aeff8172dd7b,0,baseline,rear_right,290.0,390.0,0.0,60.0,1.0,1.0,,1.0,2,9,3,0.20148148148148148,41,6,False,2,9,-0.012767246788878327,0.42960533522909694,142.7375000059983
orth6r_aeff8172dd7b_q00_mid_left,orth6r_aeff8172dd7b,0,baseline,mid_left,290.0,390.0,0.0,60.0,1.0,1.0,,1.0,2,6,1,0.13679012345679012,38,5,True,9,9,0.00666666666666671,0.45448863177232557,84.55843452900444
orth6r_b140415ce6b6_q00_rear_left,orth6r_b140415ce6b6,0,baseline,rear_left,290.0,390.0,0.0,60.0,1.0,1.0,,1.0,0,3,0,0.04,28,3,False,0,9,-0.0006540478685871653,0.012300311244246132,127.0434652719996
orth6r_b140415ce6b6_q00_rear_center,orth6r_b140415ce6b6,0,baseline,rear_center,290.0,390.0,0.0,60.0,1.0,1.0,,1.0,0,1,1,0.025679012345679014,39,5,False,0,9,-0.011369937227236435,0.008342490351478826,96.14124387400079
orth6r_b140415ce6b6_q00_rear_right,orth6r_b140415ce6b6,0,baseline,rear_right,290.0,390.0,0.0,60.0,1.0,1.0,,1.0,0,1,1,0.025679012345679014,45,5,False,0,9,-0.008997683517224415,0.10646618212988379,133.4874830339977
orth6r_b140415ce6b6_q00_mid_left,orth6r_b140415ce6b6,0,baseline,mid_left,290.0,390.0,0.0,60.0,1.0,1.0,,1.0,0,2,0,0.02666666666666667,34,5,False,0,9,-0.0010344965829820543,0.04555910647846151,100.68745855700399
orth6r_b5dd2c8d5e61_q00_rear_left,orth6r_b5dd2c8d5e61,0,baseline,rear_left,60.0,296.1418578992169,390.0,0.0,1.0,1.0,1.0,,0,0,0,0.0,0,0,False,0,9,,,158.8525807259939
orth6r_b5dd2c8d5e61_q00_rear_center,orth6r_b5dd2c8d5e61,0,baseline,rear_center,60.0,296.1418578992169,390.0,0.0,1.0,1.0,1.0,,0,0,0,0.0,0,0,False,0,9,-0.0035090848329205337,0.261799387799051,149.64120487699984
orth6r_b5dd2c8d5e61_q00_rear_right,orth6r_b5dd2c8d5e61,0,baseline,rear_right,60.0,296.1418578992169,390.0,0.0,1.0,1.0,1.0,,0,0,0,0.0,0,0,False,0,9,,,199.30117826200149
orth6r_b5dd2c8d5e61_q00_mid_left,orth6r_b5dd2c8d5e61,0,baseline,mid_left,60.0,296.1418578992169,390.0,0.0,1.0,1.0,1.0,,0,0,0,0.0,0,0,False,0,9,-0.029844975186088085,4.440892098500626e-16,145.4484366609977
orth6r_b77b731314af_q00_rear_left,orth6r_b77b731314af,0,baseline,rear_left,290.0,390.0,0.0,60.0,1.0,1.0,,1.0,0,1,0,0.013333333333333334,36,2,False,0,9,0.030746247407548877,0.0016990017454867612,127.31976888600184
orth6r_b77b731314af_q00_rear_center,orth6r_b77b731314af,0,baseline,rear_center,290.0,390.0,0.0,60.0,1.0,1.0,,1.0,0,1,0,0.013333333333333334,39,5,False,0,9,-0.011685184660735357,0.5314092805185453,84.82613701000082
orth6r_b77b731314af_q00_rear_right,orth6r_b77b731314af,0,baseline,rear_right,290.0,390.0,0.0,60.0,1.0,1.0,,1.0,0,0,0,0.0,42,5,False,0,9,-0.04796541987772977,0.5308007783700548,121.74569516200427
orth6r_b77b731314af_q00_mid_left,orth6r_b77b731314af,0,baseline,mid_left,290.0,390.0,0.0,60.0,1.0,1.0,,1.0,0,2,0,0.02666666666666667,42,5,True,6,9,-0.00031894846306208813,0.09047295155588397,100.90120082400244
orth6r_b845e0082c8a_q00_rear_left,orth6r_b845e0082c8a,0,baseline,rear_left,60.0,296.1418578992169,390.0,0.0,1.0,1.0,1.0,,0,0,0,0.0,0,0,False,0,9,,,186.05403311400005
orth6r_b845e0082c8a_q00_rear_center,orth6r_b845e0082c8a,0,baseline,rear_center,60.0,296.1418578992169,390.0,0.0,1.0,1.0,1.0,,0,0,0,0.0,0,0,False,0,9,,,204.19278013200528
orth6r_b845e0082c8a_q00_rear_right,orth6r_b845e0082c8a,0,baseline,rear_right,60.0,296.1418578992169,390.0,0.0,1.0,1.0,1.0,,0,0,0,0.0,0,0,False,0,9,,,198.14848370500113
orth6r_b845e0082c8a_q00_mid_left,orth6r_b845e0082c8a,0,baseline,mid_left,60.0,296.1418578992169,390.0,0.0,1.0,1.0,1.0,,0,0,0,0.0,0,0,False,0,9,,,157.0473010850037
orth6r_b9c46b48f3f2_q00_rear_left,orth6r_b9c46b48f3f2,0,baseline,rear_left,290.0,390.0,0.0,60.0,1.0,1.0,,1.0,0,0,0,0.0,0,0,False,0,9,,,132.1574839870009
orth6r_b9c46b48f3f2_q00_rear_center,orth6r_b9c46b48f3f2,0,baseline,rear_center,290.0,390.0,0.0,60.0,1.0,1.0,,1.0,0,2,0,0.02666666666666667,0,0,False,0,9,,,172.47788576499443
orth6r_b9c46b48f3f2_q00_rear_right,orth6r_b9c46b48f3f2,0,baseline,rear_right,290.0,390.0,0.0,60.0,1.0,1.0,,1.0,0,3,0,0.04,0,0,False,1,9,-8.343044191708171e-05,1.907363156306019e-13,96.5093433660004
orth6r_b9c46b48f3f2_q00_mid_left,orth6r_b9c46b48f3f2,0,baseline,mid_left,290.0,390.0,0.0,60.0,1.0,1.0,,1.0,0,0,0,0.0,2,0,False,0,9,0.04599999999999989,0.8762419450658738,154.98365627900057
orth6r_baeb579700a3_q00_rear_left,orth6r_baeb579700a3,0,baseline,rear_left,290.0,390.0,0.0,0.0,1.0,1.0,,,1,1,0,0.035555555555555556,35,2,False,0,9,0.00666666666666671,0.33718881361846487,109.44364769099775
orth6r_baeb579700a3_q00_rear_center,orth6r_baeb579700a3,0,baseline,rear_center,290.0,390.0,0.0,0.0,1.0,1.0,,,3,6,1,0.15901234567901235,47,4,True,9,9,0.00666666666666671,0.5877266350034094,131.01469592600188
orth6r_baeb579700a3_q00_rear_right,orth6r_baeb579700a3,0,baseline,rear_right,290.0,390.0,0.0,0.0,1.0,1.0,,,4,5,2,0.18024691358024691,49,4,True,9,9,0.00666666666666671,0.8002060165309894,114.44437792300596
orth6r_baeb579700a3_q00_mid_left,orth6r_baeb579700a3,0,baseline,mid_left,290.0,390.0,0.0,0.0,1.0,1.0,,,2,4,0,0.09777777777777778,51,4,True,9,9,0.00666666666666671,0.658914259173772,78.19778378799674
orth6r_bdf1e99a01d0_q00_rear_left,orth6r_bdf1e99a01d0,0,baseline,rear_left,0.0,290.0,390.0,0.0,,1.0,1.0,,0,5,0,0.06666666666666667,27,3,True,6,9,0.00666666666666671,0.021579410563394408,121.8885293869971
orth6r_bdf1e99a01d0_q00_rear_center,orth6r_bdf1e99a01d0,0,baseline,rear_center,0.0,290.0,390.0,0.0,,1.0,1.0,,0,14,4,0.2360493827160494,34,4,True,8,9,0.00666666666666671,0.2781446361319935,98.85590434799815
orth6r_bdf1e99a01d0_q00_rear_right,orth6r_bdf1e99a01d0,0,baseline,rear_right,0.0,290.0,390.0,0.0,,1.0,1.0,,0,7,3,0.1303703703703704,35,5,True,9,9,0.00666666666666671,0.21172506775766853,111.90092162800283
orth6r_bdf1e99a01d0_q00_mid_left,orth6r_bdf1e99a01d0,0,baseline,mid_left,0.0,290.0,390.0,0.0,,1.0,1.0,,0,15,2,0.22469135802469134,21,3,False,0,9,0.06623451371270676,0.39015325144036783,83.91549712500273
orth6r_c031e59df660_q00_rear_left,orth6r_c031e59df660,0,baseline,rear_left,60.0,296.1418578992169,390.0,0.0,1.0,1.0,1.0,,0,0,0,0.0,0,0,False,0,9,,,293.7360042279979
orth6r_c031e59df660_q00_rear_center,orth6r_c031e59df660,0,baseline,rear_center,60.0,296.1418578992169,390.0,0.0,1.0,1.0,1.0,,0,0,0,0.0,0,0,False,0,9,,,173.75242988300306
orth6r_c031e59df660_q00_rear_right,orth6r_c031e59df660,0,baseline,rear_right,60.0,296.1418578992169,390.0,0.0,1.0,1.0,1.0,,0,0,0,0.0,0,0,False,0,9,,,265.9382047149993
orth6r_c031e59df660_q00_mid_left,orth6r_c031e59df660,0,baseline,mid_left,60.0,296.1418578992169,390.0,0.0,1.0,1.0,1.0,,0,0,0,0.0,0,0,False,0,9,,,235.8441909969988
orth6r_c12198fc2631_q00_rear_left,orth6r_c12198fc2631,0,baseline,rear_left,290.0,390.0,0.0,60.0,1.0,1.0,,1.0,3,1,0,0.08,8,0,False,0,9,,,170.93114090000017
orth6r_c12198fc2631_q00_rear_center,orth6r_c12198fc2631,0,baseline,rear_center,290.0,390.0,0.0,60.0,1.0,1.0,,1.0,10,1,0,0.23555555555555555,12,2,False,0,9,,,122.09477561100357
orth6r_c12198fc2631_q00_rear_right,orth6r_c12198fc2631,0,baseline,rear_right,290.0,390.0,0.0,60.0,1.0,1.0,,1.0,12,2,0,0.29333333333333333,12,2,False,0,9,,,120.2450478469982
orth6r_c12198fc2631_q00_mid_left,orth6r_c12198fc2631,0,baseline,mid_left,290.0,390.0,0.0,60.0,1.0,1.0,,1.0,10,0,0,0.2222222222222222,11,1,False,0,9,,,125.82133079200139
orth6r_c3d099507842_q00_rear_left,orth6r_c3d099507842,0,baseline,rear_left,60.0,296.1418578992169,390.0,0.0,1.0,1.0,1.0,,0,5,0,0.06666666666666667,25,4,True,7,9,0.0035337122212161926,0.0668362450715505,85.14475075600058
orth6r_c3d099507842_q00_rear_center,orth6r_c3d099507842,0,baseline,rear_center,60.0,296.1418578992169,390.0,0.0,1.0,1.0,1.0,,0,11,0,0.14666666666666667,29,4,True,7,9,-0.004917980673163055,0.028108361248191827,145.74770036800328
orth6r_c3d099507842_q00_rear_right,orth6r_c3d099507842,0,baseline,rear_right,60.0,296.1418578992169,390.0,0.0,1.0,1.0,1.0,,0,10,1,0.145679012345679,28,3,False,0,9,-0.019325774363257428,0.005103952028487235,102.60502218200418
orth6r_c3d099507842_q00_mid_left,orth6r_c3d099507842,0,baseline,mid_left,60.0,296.1418578992169,390.0,0.0,1.0,1.0,1.0,,0,11,1,0.15901234567901235,17,2,False,0,9,0.0023727208271731304,0.27609154354861554,105.2672082930003
orth6r_c95a97caf657_q00_rear_left,orth6r_c95a97caf657,0,baseline,rear_left,290.0,390.0,0.0,60.0,1.0,1.0,,1.0,0,0,0,0.0,0,0,False,0,9,,,178.62379778300237
orth6r_c95a97caf657_q00_rear_center,orth6r_c95a97caf657,0,baseline,rear_center,290.0,390.0,0.0,60.0,1.0,1.0,,1.0,0,0,0,0.0,0,0,False,0,9,,,243.95383187999687
orth6r_c95a97caf657_q00_rear_right,orth6r_c95a97caf657,0,baseline,rear_right,290.0,390.0,0.0,60.0,1.0,1.0,,1.0,0,0,0,0.0,0,0,False,0,9,,,150.60384939600044
orth6r_c95a97caf657_q00_mid_left,orth6r_c95a97caf657,0,baseline,mid_left,290.0,390.0,0.0,60.0,1.0,1.0,,1.0,0,0,0,0.0,0,0,False,0,9,,,240.74761409700295
orth6r_c962e3ae85ad_q00_rear_left,orth6r_c962e3ae85ad,0,baseline,rear_left,290.0,390.0,0.0,60.0,1.0,1.0,,1.0,0,0,0,0.0,0,0,False,0,9,0.045999999999999805,0.2154327497628432,170.7162174030018
orth6r_c962e3ae85ad_q00_rear_center,orth6r_c962e3ae85ad,0,baseline,rear_center,290.0,390.0,0.0,60.0,1.0,1.0,,1.0,1,1,0,0.035555555555555556,2,0,False,0,9,0.0459999999999999,0.3291620586825439,90.44987084099557
orth6r_c962e3ae85ad_q00_rear_right,orth6r_c962e3ae85ad,0,baseline,rear_right,290.0,390.0,0.0,60.0,1.0,1.0,,1.0,5,6,0,0.1911111111111111,0,0,False,0,9,,,115.5151183199996
orth6r_c962e3ae85ad_q00_mid_left,orth6r_c962e3ae85ad,0,baseline,mid_left,290.0,390.0,0.0,60.0,1.0,1.0,,1.0,0,0,0,0.0,7,0,False,0,9,0.04599999999999989,0.32918988464498034,108.23197806099779
orth6r_ca186130cd66_q00_rear_left,orth6r_ca186130cd66,0,baseline,rear_left,0.0,290.0,390.0,0.0,,1.0,1.0,,0,4,0,0.05333333333333334,17,2,True,8,9,0.00666666666666671,0.009180420085101115,105.97509166400414
orth6r_ca186130cd66_q00_rear_center,orth6r_ca186130cd66,0,baseline,rear_center,0.0,290.0,390.0,0.0,,1.0,1.0,,0,12,0,0.16,30,3,True,8,9,0.00666666666666671,0.24904395340354846,90.2086386009978
orth6r_ca186130cd66_q00_rear_right,orth6r_ca186130cd66,0,baseline,rear_right,0.0,290.0,390.0,0.0,,1.0,1.0,,0,6,0,0.08,29,4,True,7,9,0.00666666666666671,0.04622128744691345,115.80419424000138
orth6r_ca186130cd66_q00_mid_left,orth6r_ca186130cd66,0,baseline,mid_left,0.0,290.0,390.0,0.0,,1.0,1.0,,0,13,0,0.17333333333333334,20,3,False,0,9,0.0662345137120376,0.11158778190397678,115.71041528199567
orth6r_cad1e405c96d_q00_rear_left,orth6r_cad1e405c96d,0,baseline,rear_left,60.0,296.1418578992169,390.0,0.0,1.0,1.0,1.0,,2,7,1,0.15012345679012348,23,2,True,9,9,0.00345550159086426,0.3276027926724252,103.62236996499996
orth6r_cad1e405c96d_q00_rear_center,orth6r_cad1e405c96d,0,baseline,rear_center,60.0,296.1418578992169,390.0,0.0,1.0,1.0,1.0,,3,11,5,0.27506172839506177,16,2,True,8,9,-0.00041507746212561536,0.9372462580249724,91.73902419899969
orth6r_cad1e405c96d_q00_rear_right,orth6r_cad1e405c96d,0,baseline,rear_right,60.0,296.1418578992169,390.0,0.0,1.0,1.0,1.0,,3,11,6,0.2874074074074074,18,3,True,9,9,0.0005400382527694786,0.7694389934924137,112.80779588100268
orth6r_cad1e405c96d_q00_mid_left,orth6r_cad1e405c96d,0,baseline,mid_left,60.0,296.1418578992169,390.0,0.0,1.0,1.0,1.0,,4,7,4,0.23160493827160492,14,0,False,0,9,-0.00112376825132246,0.9391938163618736,98.98584193799616
orth6r_cb14cc63734e_q00_rear_left,orth6r_cb14cc63734e,0,baseline,rear_left,60.0,296.1418578992169,390.0,0.0,1.0,1.0,1.0,,0,0,0,0.0,0,0,False,0,9,,,220.29107641700102
orth6r_cb14cc63734e_q00_rear_center,orth6r_cb14cc63734e,0,baseline,rear_center,60.0,296.1418578992169,390.0,0.0,1.0,1.0,1.0,,0,0,0,0.0,0,0,False,0,9,,,203.21782010199968
orth6r_cb14cc63734e_q00_rear_right,orth6r_cb14cc63734e,0,baseline,rear_right,60.0,296.1418578992169,390.0,0.0,1.0,1.0,1.0,,0,0,0,0.0,0,0,False,0,9,,,227.78497218400298
orth6r_cb14cc63734e_q00_mid_left,orth6r_cb14cc63734e,0,baseline,mid_left,60.0,296.1418578992169,390.0,0.0,1.0,1.0,1.0,,0,0,0,0.0,0,0,False,0,9,,,257.03637905399955
orth6r_cda4366c119e_q00_rear_left,orth6r_cda4366c119e,0,baseline,rear_left,290.0,390.0,0.0,60.0,1.0,1.0,,1.0,0,0,0,0.0,0,0,False,0,9,,,175.85367954899993
orth6r_cda4366c119e_q00_rear_center,orth6r_cda4366c119e,0,baseline,rear_center,290.0,390.0,0.0,60.0,1.0,1.0,,1.0,0,0,0,0.0,0,0,False,0,9,,,184.47058220899635
orth6r_cda4366c119e_q00_rear_right,orth6r_cda4366c119e,0,baseline,rear_right,290.0,390.0,0.0,60.0,1.0,1.0,,1.0,0,0,0,0.0,0,0,False,0,9,,,171.01157997200062
orth6r_cda4366c119e_q00_mid_left,orth6r_cda4366c119e,0,baseline,mid_left,290.0,390.0,0.0,60.0,1.0,1.0,,1.0,0,0,0,0.0,0,0,False,0,9,0.045619265028064654,2.454028091847249e-10,135.4540276980042
orth6r_d0c0cbb0d163_q00_rear_left,orth6r_d0c0cbb0d163,0,baseline,rear_left,0.0,290.0,390.0,0.0,,1.0,1.0,,0,7,0,0.09333333333333334,31,4,True,8,9,0.00666666666666671,0.4355242739076175,106.13993394600402
orth6r_d0c0cbb0d163_q00_rear_center,orth6r_d0c0cbb0d163,0,baseline,rear_center,0.0,290.0,390.0,0.0,,1.0,1.0,,0,15,0,0.19999999999999998,35,5,True,8,9,4.199339922322104e-05,0.5062873927187763,143.38180773500062
orth6r_d0c0cbb0d163_q00_rear_right,orth6r_d0c0cbb0d163,0,baseline,rear_right,0.0,290.0,390.0,0.0,,1.0,1.0,,0,7,0,0.09333333333333334,34,5,True,9,9,0.00666666666666671,0.21172506775681765,139.68691253699944
orth6r_d0c0cbb0d163_q00_mid_left,orth6r_d0c0cbb0d163,0,baseline,mid_left,0.0,290.0,390.0,0.0,,1.0,1.0,,0,15,0,0.19999999999999998,21,3,False,0,9,0.048032179921108684,0.9272750539333644,153.36789529599628
orth6r_d1751e1929c8_q00_rear_left,orth6r_d1751e1929c8,0,baseline,rear_left,0.0,290.0,390.0,0.0,,1.0,1.0,,0,7,0,0.09333333333333334,31,4,True,8,9,0.00666666666666671,0.4355242739037055,109.64283773699572
orth6r_d1751e1929c8_q00_rear_center,orth6r_d1751e1929c8,0,baseline,rear_center,0.0,290.0,390.0,0.0,,1.0,1.0,,0,15,3,0.23703703703703702,35,5,True,8,9,4.1993399223241856e-05,0.5062873927201432,84.74072431799868
orth6r_d1751e1929c8_q00_rear_right,orth6r_d1751e1929c8,0,baseline,rear_right,0.0,290.0,390.0,0.0,,1.0,1.0,,0,7,3,0.1303703703703704,30,3,True,7,9,0.00666666666666671,0.1502932351145314,108.74596780899446
orth6r_d1751e1929c8_q00_mid_left,orth6r_d1751e1929c8,0,baseline,mid_left,0.0,290.0,390.0,0.0,,1.0,1.0,,0,14,0,0.18666666666666668,21,3,False,0,9,0.04803217992110853,0.9272750539328012,143.231172642998
orth6r_d1c80ccc67e9_q00_rear_left,orth6r_d1c80ccc67e9,0,baseline,rear_left,0.0,290.0,390.0,0.0,,1.0,1.0,,2,8,1,0.1634567901234568,33,4,True,9,9,0.00666666666666671,0.12040172373269487,104.73023284699593
orth6r_d1c80ccc67e9_q00_rear_center,orth6r_d1c80ccc67e9,0,baseline,rear_center,0.0,290.0,390.0,0.0,,1.0,1.0,,6,17,5,0.4217283950617284,44,6,True,9,9,0.00666666666666671,0.5691464395096932,118.40388889699534
orth6r_d1c80ccc67e9_q00_rear_right,orth6r_d1c80ccc67e9,0,baseline,rear_right,0.0,290.0,390.0,0.0,,1.0,1.0,,9,17,6,0.5007407407407407,45,6,True,9,9,0.00666666666666671,0.7663567307802168,108.88428678699711
orth6r_d1c80ccc67e9_q00_mid_left,orth6r_d1c80ccc67e9,0,baseline,mid_left,0.0,290.0,390.0,0.0,,1.0,1.0,,6,16,3,0.3837037037037037,38,6,True,9,9,0.00666666666666671,0.43248455884115233,104.24612011800491
orth6r_d61e36b35c81_q00_rear_left,orth6r_d61e36b35c81,0,baseline,rear_left,290.0,390.0,0.0,0.0,1.0,1.0,,,0,1,0,0.013333333333333334,24,2,False,0,9,0.00666666666666671,0.1801001918584002,138.34885457700148
orth6r_d61e36b35c81_q00_rear_center,orth6r_d61e36b35c81,0,baseline,rear_center,290.0,390.0,0.0,0.0,1.0,1.0,,,0,4,0,0.05333333333333334,31,3,True,9,9,0.00666666666666671,0.5877266350034089,58.76480528799584
orth6r_d61e36b35c81_q00_rear_right,orth6r_d61e36b35c81,0,baseline,rear_right,290.0,390.0,0.0,0.0,1.0,1.0,,,0,4,2,0.07802469135802469,33,4,True,9,9,0.00666666666666671,0.6691347603861295,96.95903814899793
orth6r_d61e36b35c81_q00_mid_left,orth6r_d61e36b35c81,0,baseline,mid_left,290.0,390.0,0.0,0.0,1.0,1.0,,,0,4,0,0.05333333333333334,36,4,True,9,9,0.00666666666666671,0.1553730750834914,101.12875298500148
orth6r_d94907e07b06_q00_rear_left,orth6r_d94907e07b06,0,baseline,rear_left,290.0,390.0,0.0,0.0,1.0,1.0,,,1,5,0,0.08888888888888889,30,1,True,8,9,0.00666666666666671,8.881784197001252e-16,137.7376202489977
orth6r_d94907e07b06_q00_rear_center,orth6r_d94907e07b06,0,baseline,rear_center,290.0,390.0,0.0,0.0,1.0,1.0,,,8,14,3,0.4014814814814815,59,5,True,9,9,0.00666666666666671,0.27728902868884653,90.4914888419953
orth6r_d94907e07b06_q00_rear_right,orth6r_d94907e07b06,0,baseline,rear_right,290.0,390.0,0.0,0.0,1.0,1.0,,,12,18,6,0.5807407407407408,59,5,True,9,9,0.00666666666666671,0.220696284949212,58.289552301001095
orth6r_d94907e07b06_q00_mid_left,orth6r_d94907e07b06,0,baseline,mid_left,290.0,390.0,0.0,0.0,1.0,1.0,,,8,15,2,0.40246913580246907,54,4,True,9,9,0.00666666666666671,0.37947363218167096,74.68057545500051
orth6r_da324b99da2b_q00_rear_left,orth6r_da324b99da2b,0,baseline,rear_left,60.0,296.1418578992169,390.0,0.0,1.0,1.0,1.0,,0,0,0,0.0,0,0,False,0,9,-0.05707014621677196,0.14332093715101202,142.33527909599798
orth6r_da324b99da2b_q00_rear_center,orth6r_da324b99da2b,0,baseline,rear_center,60.0,296.1418578992169,390.0,0.0,1.0,1.0,1.0,,0,0,0,0.0,0,0,False,0,9,-0.041196643755007985,0.9909174478957965,127.64541603399994
orth6r_da324b99da2b_q00_rear_right,orth6r_da324b99da2b,0,baseline,rear_right,60.0,296.1418578992169,390.0,0.0,1.0,1.0,1.0,,0,0,0,0.0,0,0,False,0,9,,,117.1718458999967
orth6r_da324b99da2b_q00_mid_left,orth6r_da324b99da2b,0,baseline,mid_left,60.0,296.1418578992169,390.0,0.0,1.0,1.0,1.0,,0,0,0,0.0,0,0,False,0,9,-0.06333763911931688,0.37264842364289796,167.05250344500382
orth6r_da80d6e5ca9f_q00_rear_left,orth6r_da80d6e5ca9f,0,baseline,rear_left,60.0,296.1418578992169,390.0,0.0,1.0,1.0,1.0,,0,0,0,0.0,0,0,False,0,9,,,199.20535290800035
orth6r_da80d6e5ca9f_q00_rear_center,orth6r_da80d6e5ca9f,0,baseline,rear_center,60.0,296.1418578992169,390.0,0.0,1.0,1.0,1.0,,0,3,0,0.04,0,0,False,0,9,,,103.19775467
orth6r_da80d6e5ca9f_q00_rear_right,orth6r_da80d6e5ca9f,0,baseline,rear_right,60.0,296.1418578992169,390.0,0.0,1.0,1.0,1.0,,0,0,0,0.0,0,0,False,0,9,,,132.79734096700122
orth6r_da80d6e5ca9f_q00_mid_left,orth6r_da80d6e5ca9f,0,baseline,mid_left,60.0,296.1418578992169,390.0,0.0,1.0,1.0,1.0,,0,1,0,0.013333333333333334,0,0,False,0,9,-0.004580599540670777,1.22025061320574,216.1059004609997
orth6r_dca602fad736_q00_rear_left,orth6r_dca602fad736,0,baseline,rear_left,290.0,390.0,0.0,60.0,1.0,1.0,,1.0,0,0,0,0.0,0,0,False,0,9,,,188.24980095199862
orth6r_dca602fad736_q00_rear_center,orth6r_dca602fad736,0,baseline,rear_center,290.0,390.0,0.0,60.0,1.0,1.0,,1.0,0,0,0,0.0,0,0,False,0,9,,,245.25213080600224
orth6r_dca602fad736_q00_rear_right,orth6r_dca602fad736,0,baseline,rear_right,290.0,390.0,0.0,60.0,1.0,1.0,,1.0,0,0,0,0.0,0,0,False,0,9,,,168.9981957120035
orth6r_dca602fad736_q00_mid_left,orth6r_dca602fad736,0,baseline,mid_left,290.0,390.0,0.0,60.0,1.0,1.0,,1.0,0,0,0,0.0,0,0,False,0,9,,,232.4783952170037
orth6r_e3b74af25fef_q00_rear_left,orth6r_e3b74af25fef,0,baseline,rear_left,290.0,390.0,0.0,60.0,1.0,1.0,,1.0,0,0,0,0.0,4,0,False,0,9,0.00666666666666671,0.03350073996836711,97.74851888999547
orth6r_e3b74af25fef_q00_rear_center,orth6r_e3b74af25fef,0,baseline,rear_center,290.0,390.0,0.0,60.0,1.0,1.0,,1.0,0,0,0,0.0,6,0,False,0,9,-0.01164755069247089,0.10050196147735724,153.47070235499996
orth6r_e3b74af25fef_q00_rear_right,orth6r_e3b74af25fef,0,baseline,rear_right,290.0,390.0,0.0,60.0,1.0,1.0,,1.0,1,0,0,0.022222222222222223,0,0,False,0,9,-0.047135812811654396,0.2983630555045227,129.25187410999933
orth6r_e3b74af25fef_q00_mid_left,orth6r_e3b74af25fef,0,baseline,mid_left,290.0,390.0,0.0,60.0,1.0,1.0,,1.0,1,0,0,0.022222222222222223,5,0,False,0,9,0.006617350977972863,0.0046011186561685236,116.33373276299972
orth6r_e6c8160e0f54_q00_rear_left,orth6r_e6c8160e0f54,0,baseline,rear_left,60.0,296.1418578992169,390.0,0.0,1.0,1.0,1.0,,0,0,0,0.0,0,0,False,0,9,,,158.08614742400096
orth6r_e6c8160e0f54_q00_rear_center,orth6r_e6c8160e0f54,0,baseline,rear_center,60.0,296.1418578992169,390.0,0.0,1.0,1.0,1.0,,0,0,0,0.0,0,0,False,0,9,-0.008117041934490199,0.2617993877991833,191.07164889900014
orth6r_e6c8160e0f54_q00_rear_right,orth6r_e6c8160e0f54,0,baseline,rear_right,60.0,296.1418578992169,390.0,0.0,1.0,1.0,1.0,,0,0,0,0.0,0,0,False,0,9,,,114.32695037899975
orth6r_e6c8160e0f54_q00_mid_left,orth6r_e6c8160e0f54,0,baseline,mid_left,60.0,296.1418578992169,390.0,0.0,1.0,1.0,1.0,,0,0,0,0.0,0,0,False,0,9,-0.08518012501426028,4.217056738475833e-06,181.69676113799505
orth6r_e7e246e3057d_q00_rear_left,orth6r_e7e246e3057d,0,baseline,rear_left,290.0,390.0,0.0,60.0,1.0,1.0,,1.0,4,13,0,0.2622222222222222,36,3,True,9,9,0.005249432120410333,0.1147378659632472,103.34867689199746
orth6r_e7e246e3057d_q00_rear_center,orth6r_e7e246e3057d,0,baseline,rear_center,290.0,390.0,0.0,60.0,1.0,1.0,,1.0,12,18,2,0.531358024691358,32,1,True,9,9,0.00666666666666671,0.5275089663684476,95.93542925699876
orth6r_e7e246e3057d_q00_rear_right,orth6r_e7e246e3057d,0,baseline,rear_right,290.0,390.0,0.0,60.0,1.0,1.0,,1.0,11,13,6,0.4918518518518518,5,0,True,9,9,0.00666666666666671,0.624726906773537,108.54276850900351
orth6r_e7e246e3057d_q00_mid_left,orth6r_e7e246e3057d,0,baseline,mid_left,290.0,390.0,0.0,60.0,1.0,1.0,,1.0,10,18,1,0.4745679012345679,38,5,True,9,9,0.00666666666666671,0.751390345563095,132.25818071299727
orth6r_e802188c8216_q00_rear_left,orth6r_e802188c8216,0,baseline,rear_left,60.0,296.1418578992169,390.0,0.0,1.0,1.0,1.0,,0,0,0,0.0,0,0,False,0,9,-0.07319175631665602,0.6328078715337833,134.84281575399655
orth6r_e802188c8216_q00_rear_center,orth6r_e802188c8216,0,baseline,rear_center,60.0,296.1418578992169,390.0,0.0,1.0,1.0,1.0,,0,0,0,0.0,0,0,False,0,9,-0.013583122205455479,0.119947069709752,146.134190484001
orth6r_e802188c8216_q00_rear_right,orth6r_e802188c8216,0,baseline,rear_right,60.0,296.1418578992169,390.0,0.0,1.0,1.0,1.0,,0,0,0,0.0,0,0,False,0,9,-0.035,0.09367405714640142,158.98021477899601
orth6r_e802188c8216_q00_mid_left,orth6r_e802188c8216,0,baseline,mid_left,60.0,296.1418578992169,390.0,0.0,1.0,1.0,1.0,,0,0,0,0.0,0,0,False,0,9,-0.08405843645518368,0.6374836973938496,154.38715733300342
orth6r_e851f85c6cbc_q00_rear_left,orth6r_e851f85c6cbc,0,baseline,rear_left,60.0,296.1418578992169,390.0,0.0,1.0,1.0,1.0,,0,0,0,0.0,0,0,False,0,9,,,245.76931958599744
orth6r_e851f85c6cbc_q00_rear_center,orth6r_e851f85c6cbc,0,baseline,rear_center,60.0,296.1418578992169,390.0,0.0,1.0,1.0,1.0,,0,0,0,0.0,0,0,False,0,9,,,254.2477110990003
orth6r_e851f85c6cbc_q00_rear_right,orth6r_e851f85c6cbc,0,baseline,rear_right,60.0,296.1418578992169,390.0,0.0,1.0,1.0,1.0,,0,0,0,0.0,0,0,False,0,9,,,195.06152649199794
orth6r_e851f85c6cbc_q00_mid_left,orth6r_e851f85c6cbc,0,baseline,mid_left,60.0,296.1418578992169,390.0,0.0,1.0,1.0,1.0,,0,0,0,0.0,0,0,False,0,9,,,233.76297574600176
orth6r_e8946a1f6c4b_q00_rear_left,orth6r_e8946a1f6c4b,0,baseline,rear_left,0.0,290.0,390.0,0.0,,1.0,1.0,,2,8,1,0.1634567901234568,28,3,True,9,9,0.00666666666666671,0.1204017237331616,113.60905605599692
orth6r_e8946a1f6c4b_q00_rear_center,orth6r_e8946a1f6c4b,0,baseline,rear_center,0.0,290.0,390.0,0.0,,1.0,1.0,,6,17,5,0.4217283950617284,40,6,True,9,9,0.00666666666666671,0.5691464395094896,128.28835318599886
orth6r_e8946a1f6c4b_q00_rear_right,orth6r_e8946a1f6c4b,0,baseline,rear_right,0.0,290.0,390.0,0.0,,1.0,1.0,,9,17,6,0.5007407407407407,36,5,True,9,9,0.00666666666666671,0.766356730780597,87.20000809900375
orth6r_e8946a1f6c4b_q00_mid_left,orth6r_e8946a1f6c4b,0,baseline,mid_left,0.0,290.0,390.0,0.0,,1.0,1.0,,6,16,2,0.371358024691358,39,6,True,9,9,0.00666666666666671,0.4324845588411508,100.79344714300532
orth6r_ebb9ebb875ae_q00_rear_left,orth6r_ebb9ebb875ae,0,baseline,rear_left,290.0,390.0,0.0,0.0,1.0,1.0,,,1,4,0,0.07555555555555556,34,0,True,8,9,0.00666666666666671,0.012745242889443453,83.97151208500145
orth6r_ebb9ebb875ae_q00_rear_center,orth6r_ebb9ebb875ae,0,baseline,rear_center,290.0,390.0,0.0,0.0,1.0,1.0,,,5,13,4,0.33382716049382716,59,5,True,9,9,0.00666666666666671,0.2772890286015479,85.82421307900222
orth6r_ebb9ebb875ae_q00_rear_right,orth6r_ebb9ebb875ae,0,baseline,rear_right,290.0,390.0,0.0,0.0,1.0,1.0,,,9,17,8,0.5254320987654321,59,5,True,9,9,0.00666666666666671,0.43208572483156193,98.93254889500531
orth6r_ebb9ebb875ae_q00_mid_left,orth6r_ebb9ebb875ae,0,baseline,mid_left,290.0,390.0,0.0,0.0,1.0,1.0,,,6,15,3,0.3703703703703704,58,4,True,9,9,0.00666666666666671,0.3794736320753602,85.71540491899941
orth6r_ee1d2b37ce0c_q00_rear_left,orth6r_ee1d2b37ce0c,0,baseline,rear_left,60.0,296.1418578992169,390.0,0.0,1.0,1.0,1.0,,1,0,0,0.022222222222222223,0,0,False,0,9,-0.07622180673880583,0.38822978199258085,147.21793319599965
orth6r_ee1d2b37ce0c_q00_rear_center,orth6r_ee1d2b37ce0c,0,baseline,rear_center,60.0,296.1418578992169,390.0,0.0,1.0,1.0,1.0,,1,0,0,0.022222222222222223,0,0,False,0,9,-0.07881118024088163,0.1070358991621756,141.08052116700128
orth6r_ee1d2b37ce0c_q00_rear_right,orth6r_ee1d2b37ce0c,0,baseline,rear_right,60.0,296.1418578992169,390.0,0.0,1.0,1.0,1.0,,0,0,0,0.0,0,0,False,0,9,-0.08178638369674554,0.012091081922934732,82.66116554600012
orth6r_ee1d2b37ce0c_q00_mid_left,orth6r_ee1d2b37ce0c,0,baseline,mid_left,60.0,296.1418578992169,390.0,0.0,1.0,1.0,1.0,,0,0,0,0.0,0,0,False,0,9,-0.06685528944681794,0.004880692668596698,142.32977814499463
orth6r_f0e1e6afd943_q00_rear_left,orth6r_f0e1e6afd943,0,baseline,rear_left,0.0,290.0,390.0,0.0,,1.0,1.0,,2,8,1,0.1634567901234568,36,4,True,9,9,0.00666666666666671,0.38452703163622015,76.66627241600509
orth6r_f0e1e6afd943_q00_rear_center,orth6r_f0e1e6afd943,0,baseline,rear_center,0.0,290.0,390.0,0.0,,1.0,1.0,,6,16,5,0.40839506172839507,42,6,True,9,9,0.00666666666666671,0.9073216736330119,50.080766649996804
orth6r_f0e1e6afd943_q00_rear_right,orth6r_f0e1e6afd943,0,baseline,rear_right,0.0,290.0,390.0,0.0,,1.0,1.0,,9,17,5,0.48839506172839503,44,6,True,9,9,0.00666666666666671,0.7663567307802173,102.97282357200311
orth6r_f0e1e6afd943_q00_mid_left,orth6r_f0e1e6afd943,0,baseline,mid_left,0.0,290.0,390.0,0.0,,1.0,1.0,,6,17,3,0.3970370370370371,34,5,True,7,9,0.00666666666666671,2.875206739361147e-10,103.30887446899578
orth6r_f1e768c809b3_q00_rear_left,orth6r_f1e768c809b3,0,baseline,rear_left,290.0,390.0,0.0,60.0,1.0,1.0,,1.0,0,4,0,0.05333333333333334,29,3,False,1,9,-0.0007999706612200272,0.387708108752467,121.92999122999754
orth6r_f1e768c809b3_q00_rear_center,orth6r_f1e768c809b3,0,baseline,rear_center,290.0,390.0,0.0,60.0,1.0,1.0,,1.0,0,7,2,0.1180246913580247,31,4,False,3,9,-0.0010998986823456125,0.8388139127792593,77.77084824300255
orth6r_f1e768c809b3_q00_rear_right,orth6r_f1e768c809b3,0,baseline,rear_right,290.0,390.0,0.0,60.0,1.0,1.0,,1.0,0,7,3,0.1303703703703704,37,4,False,1,9,-0.0008241356301450509,0.8124130198714357,89.36193968699808
orth6r_f1e768c809b3_q00_mid_left,orth6r_f1e768c809b3,0,baseline,mid_left,290.0,390.0,0.0,60.0,1.0,1.0,,1.0,0,8,1,0.11901234567901235,33,4,True,9,9,0.002668158985436285,0.3872686322427832,141.56827032600268
orth6r_f495543fb610_q00_rear_left,orth6r_f495543fb610,0,baseline,rear_left,290.0,390.0,0.0,60.0,1.0,1.0,,1.0,1,2,0,0.04888888888888889,3,0,False,0,9,,,104.3565268720049
orth6r_f495543fb610_q00_rear_center,orth6r_f495543fb610,0,baseline,rear_center,290.0,390.0,0.0,60.0,1.0,1.0,,1.0,0,0,0,0.0,0,0,False,0,9,,,167.06092061499658
orth6r_f495543fb610_q00_rear_right,orth6r_f495543fb610,0,baseline,rear_right,290.0,390.0,0.0,60.0,1.0,1.0,,1.0,0,1,0,0.013333333333333334,0,0,False,0,9,,,164.03129268699558
orth6r_f495543fb610_q00_mid_left,orth6r_f495543fb610,0,baseline,mid_left,290.0,390.0,0.0,60.0,1.0,1.0,,1.0,0,1,0,0.013333333333333334,0,0,False,0,9,0.008798794272924938,2.841482467097478e-07,148.44599333699443
orth6r_f50c523ae15f_q00_rear_left,orth6r_f50c523ae15f,0,baseline,rear_left,60.0,296.1418578992169,390.0,0.0,1.0,1.0,1.0,,0,0,0,0.0,2,0,False,0,9,-0.005089806062304289,0.3143898242874599,136.3592328770028
orth6r_f50c523ae15f_q00_rear_center,orth6r_f50c523ae15f,0,baseline,rear_center,60.0,296.1418578992169,390.0,0.0,1.0,1.0,1.0,,0,0,0,0.0,4,0,False,0,9,-0.048717740931647366,0.12121150503872258,151.42512058500142
orth6r_f50c523ae15f_q00_rear_right,orth6r_f50c523ae15f,0,baseline,rear_right,60.0,296.1418578992169,390.0,0.0,1.0,1.0,1.0,,0,0,0,0.0,0,0,False,0,9,,,123.17303777599591
orth6r_f50c523ae15f_q00_mid_left,orth6r_f50c523ae15f,0,baseline,mid_left,60.0,296.1418578992169,390.0,0.0,1.0,1.0,1.0,,0,0,0,0.0,3,0,False,0,9,-0.019653042057793432,2.4295427181186824e-07,121.5898722330021
orth6r_f7ff89a11190_q00_rear_left,orth6r_f7ff89a11190,0,baseline,rear_left,290.0,390.0,0.0,60.0,1.0,1.0,,1.0,1,5,0,0.08888888888888889,24,0,False,3,9,-0.0001293707414247655,0.038477622470620254,114.90899895800248
orth6r_f7ff89a11190_q00_rear_center,orth6r_f7ff89a11190,0,baseline,rear_center,290.0,390.0,0.0,60.0,1.0,1.0,,1.0,6,15,2,0.35802469135802467,40,6,False,1,9,-0.00011291475134754536,0.2944320070123534,83.04085962100362
orth6r_f7ff89a11190_q00_rear_right,orth6r_f7ff89a11190,0,baseline,rear_right,290.0,390.0,0.0,60.0,1.0,1.0,,1.0,9,15,4,0.4493827160493827,39,6,False,0,9,-8.578667922383432e-05,0.21992108073452776,80.92913448000036
orth6r_f7ff89a11190_q00_mid_left,orth6r_f7ff89a11190,0,baseline,mid_left,290.0,390.0,0.0,60.0,1.0,1.0,,1.0,6,16,2,0.371358024691358,37,6,False,2,9,-0.00013345022479451657,0.3954275887362073,75.27079592600057
orth6r_f890f3db9ce8_q00_rear_left,orth6r_f890f3db9ce8,0,baseline,rear_left,0.0,290.0,390.0,0.0,,1.0,1.0,,2,8,0,0.1511111111111111,37,4,True,9,9,0.00666666666666671,0.21694171843725307,98.5790782490003
orth6r_f890f3db9ce8_q00_rear_center,orth6r_f890f3db9ce8,0,baseline,rear_center,0.0,290.0,390.0,0.0,,1.0,1.0,,6,16,0,0.3466666666666667,45,6,True,8,9,0.00666666666666671,0.01463767750057876,86.32393626499834
orth6r_f890f3db9ce8_q00_rear_right,orth6r_f890f3db9ce8,0,baseline,rear_right,0.0,290.0,390.0,0.0,,1.0,1.0,,9,17,4,0.4760493827160494,43,6,False,0,9,0.00666666666666671,0.002354903312137946,73.14946693000093
orth6r_f890f3db9ce8_q00_mid_left,orth6r_f890f3db9ce8,0,baseline,mid_left,0.0,290.0,390.0,0.0,,1.0,1.0,,6,16,0,0.3466666666666667,31,4,False,1,9,-0.008405077023394915,0.3192131994291516,81.17474765599763
orth6r_ff29e1793a51_q00_rear_left,orth6r_ff29e1793a51,0,baseline,rear_left,60.0,296.1418578992169,390.0,0.0,1.0,1.0,1.0,,0,0,0,0.0,0,0,False,0,9,-0.06569351446809427,0.7619215781410698,91.10218647399597
orth6r_ff29e1793a51_q00_rear_center,orth6r_ff29e1793a51,0,baseline,rear_center,60.0,296.1418578992169,390.0,0.0,1.0,1.0,1.0,,1,4,0,0.07555555555555556,0,0,False,0,9,-0.06463350235649792,0.7860553609261087,93.28073757400125
orth6r_ff29e1793a51_q00_rear_right,orth6r_ff29e1793a51,0,baseline,rear_right,60.0,296.1418578992169,390.0,0.0,1.0,1.0,1.0,,2,0,0,0.044444444444444446,0,0,False,0,9,-0.06782365373557804,0.7500113478879957,89.69196939899848
orth6r_ff29e1793a51_q00_mid_left,orth6r_ff29e1793a51,0,baseline,mid_left,60.0,296.1418578992169,390.0,0.0,1.0,1.0,1.0,,1,2,0,0.04888888888888889,0,0,False,0,9,-0.0574818229856176,6.891109904927362e-11,78.38805400599813
