candidate_id,robot,sample_index,parking_id,span2_mm,span3_mm,span4_mm,span5_mm,factor2,factor3,factor4,factor5,tier1_complete,tier2_complete,tier3_complete,storage_balanced_fraction,pickup_complete,pickup_min_slot_complete,module_complete,module_stress_complete,module_stress_total,module_stress_min_clearance_m,module_stress_min_joint_margin_rad,elapsed_s
xarm6_q00_rear_left,xarm6,0,rear_left,345.8205153893959,346.84777684533543,0.0,57.331525415341865,1.0,1.0,,1.0,14,22,5,0.6661728395061729,63,7,True,9,9,0.00666666666666671,0.5393011797536587,45.43592850401183
xarm6_q00_rear_center,xarm6,0,rear_center,345.8205153893959,346.84777684533543,0.0,57.331525415341865,1.0,1.0,,1.0,14,24,20,0.8780246913580246,64,8,True,9,9,0.00666666666666671,0.24285111231635703,45.63328188602463
xarm6_q00_rear_right,xarm6,0,rear_right,345.8205153893959,346.84777684533543,0.0,57.331525415341865,1.0,1.0,,1.0,12,23,18,0.7955555555555556,60,6,True,9,9,0.00666666666666671,0.05505831051080046,44.365283841005294
xarm6_q00_mid_left,xarm6,0,mid_left,345.8205153893959,346.84777684533543,0.0,57.331525415341865,1.0,1.0,,1.0,14,24,15,0.8162962962962963,68,9,True,9,9,0.00666666666666671,0.2428511123182302,45.64958804301568
xarm6_q01_rear_left,xarm6,1,rear_left,288.0214074850155,410.83439937206646,0.0,63.17407164387491,0.8328638547100127,1.1844804170541465,,1.1019080895930529,14,23,5,0.6795061728395062,63,8,True,9,9,0.00666666666666671,0.5990039723779739,46.02058436701191
xarm6_q01_rear_center,xarm6,1,rear_center,288.0214074850155,410.83439937206646,0.0,63.17407164387491,0.8328638547100127,1.1844804170541465,,1.1019080895930529,15,25,22,0.9382716049382717,65,8,True,9,9,0.00666666666666671,0.36650111737722835,46.73093229799997
xarm6_q01_rear_right,xarm6,1,rear_right,288.0214074850155,410.83439937206646,0.0,63.17407164387491,0.8328638547100127,1.1844804170541465,,1.1019080895930529,15,25,23,0.9506172839506174,59,7,True,9,9,0.00666666666666671,0.22389950071546005,46.468059879000066
xarm6_q01_mid_left,xarm6,1,mid_left,288.0214074850155,410.83439937206646,0.0,63.17407164387491,0.8328638547100127,1.1844804170541465,,1.1019080895930529,15,25,19,0.9012345679012346,69,10,True,9,9,0.00666666666666671,0.3665011173769921,46.49853331199847
xarm6_q02_rear_left,xarm6,2,rear_left,396.5807724217373,269.71667943231773,0.0,56.62423094522832,1.146782087162137,0.777622627094388,,0.9876630795188248,12,19,3,0.5570370370370371,53,4,True,9,9,0.00666666666666671,0.5286568600141637,48.72364006898715
xarm6_q02_rear_center,xarm6,2,rear_center,396.5807724217373,269.71667943231773,0.0,56.62423094522832,1.146782087162137,0.777622627094388,,0.9876630795188248,14,25,12,0.7925925925925926,62,7,True,9,9,0.00666666666666671,0.11626719683772979,46.24315340499743
xarm6_q02_rear_right,xarm6,2,rear_right,396.5807724217373,269.71667943231773,0.0,56.62423094522832,1.146782087162137,0.777622627094388,,0.9876630795188248,13,25,13,0.782716049382716,60,5,True,9,9,0.00666666666666671,4.698818987236564e-06,45.75827693598694
xarm6_q02_mid_left,xarm6,2,mid_left,396.5807724217373,269.71667943231773,0.0,56.62423094522832,1.146782087162137,0.777622627094388,,0.9876630795188248,14,25,9,0.7555555555555555,67,8,True,9,9,0.00666666666666671,0.11626719683839148,46.3932826090022
xarm6_q03_rear_left,xarm6,3,rear_left,350.2910640686398,386.31458829981256,0.0,65.24810274194411,1.012927366886288,1.1137871253304183,,1.1380841913633049,14,24,9,0.7422222222222222,67,8,True,9,9,0.006639147467054886,0.45025618092926667,46.968874269980006
xarm6_q03_rear_center,xarm6,3,rear_center,350.2910640686398,386.31458829981256,0.0,65.24810274194411,1.012927366886288,1.1137871253304183,,1.1380841913633049,12,23,20,0.8202469135802469,63,8,True,9,9,0.006639147467055108,0.20662885604904746,46.602302612998756
xarm6_q03_rear_right,xarm6,3,rear_right,350.2910640686398,386.31458829981256,0.0,65.24810274194411,1.012927366886288,1.1137871253304183,,1.1380841913633049,12,19,15,0.7051851851851852,60,6,True,9,9,0.006639147467054775,0.04434751705099327,44.83071365801152
xarm6_q03_mid_left,xarm6,3,mid_left,350.2910640686398,386.31458829981256,0.0,65.24810274194411,1.012927366886288,1.1137871253304183,,1.1380841913633049,12,23,22,0.8449382716049382,65,8,True,9,9,0.006639147467054886,0.2066288560477969,46.17752655898221
xarm6_q04_rear_left,xarm6,4,rear_left,329.4948974768025,331.9943191539578,0.0,44.251940719489944,0.9527916442602873,0.9571758601814508,,0.771860514767468,11,16,3,0.4948148148148148,51,0,True,9,9,0.00666666666666671,0.553989361962707,49.31228416299564
xarm6_q04_rear_center,xarm6,4,rear_center,329.4948974768025,331.9943191539578,0.0,44.251940719489944,0.9527916442602873,0.9571758601814508,,0.771860514767468,14,25,16,0.8419753086419753,63,8,True,9,9,0.00666666666666671,0.33263415236220784,46.879221848008456
xarm6_q04_rear_right,xarm6,4,rear_right,329.4948974768025,331.9943191539578,0.0,44.251940719489944,0.9527916442602873,0.9571758601814508,,0.771860514767468,13,24,20,0.8558024691358025,60,6,True,9,9,0.00666666666666671,0.13328574851215125,46.297226775001036
xarm6_q04_mid_left,xarm6,4,mid_left,329.4948974768025,331.9943191539578,0.0,44.251940719489944,0.9527916442602873,0.9571758601814508,,0.771860514767468,15,25,11,0.8024691358024691,67,8,True,9,9,0.00666666666666671,0.3326341523616132,46.764244946010876
xarm6_q05_rear_left,xarm6,5,rear_left,308.8848074111104,353.069268566743,0.0,50.541137130686195,0.8931939941830933,1.0179372397251427,,0.8815592601895332,11,17,3,0.5081481481481481,48,0,True,9,9,0.00666666666666671,0.5856424784532475,49.00791750100325
xarm6_q05_rear_center,xarm6,5,rear_center,308.8848074111104,353.069268566743,0.0,50.541137130686195,0.8931939941830933,1.0179372397251427,,0.8815592601895332,15,25,15,0.8518518518518517,63,8,True,9,9,0.00666666666666671,0.3637125651987909,47.46844542998588
xarm6_q05_rear_right,xarm6,5,rear_right,308.8848074111104,353.069268566743,0.0,50.541137130686195,0.8931939941830933,1.0179372397251427,,0.8815592601895332,13,24,21,0.8681481481481481,60,6,True,9,9,0.00666666666666671,0.180469674466591,46.7840933840198
xarm6_q05_mid_left,xarm6,5,mid_left,308.8848074111104,353.069268566743,0.0,50.541137130686195,0.8931939941830933,1.0179372397251427,,0.8815592601895332,15,25,11,0.8024691358024691,68,9,True,9,9,0.00666666666666671,0.3637125651983797,47.16695462100324
xarm6_q06_rear_left,xarm6,6,rear_left,372.9079609543004,320.7655806094204,0.0,58.993680761970396,1.0783280469477177,0.9248021813109517,,1.02899199584499,14,22,5,0.6661728395061729,61,7,True,9,9,0.00666666666666671,0.4893607375848168,47.292505998018896
xarm6_q06_rear_center,xarm6,6,rear_center,372.9079609543004,320.7655806094204,0.0,58.993680761970396,1.0783280469477177,0.9248021813109517,,1.02899199584499,13,24,20,0.8558024691358025,60,8,True,9,9,0.00666666666666671,0.16587772696008907,47.042101088998606
xarm6_q06_rear_right,xarm6,6,rear_right,372.9079609543004,320.7655806094204,0.0,58.993680761970396,1.0783280469477177,0.9248021813109517,,1.02899199584499,12,23,16,0.7708641975308642,60,6,True,9,9,0.00666666666666671,1.3680567493068452e-05,44.706935542984866
xarm6_q06_mid_left,xarm6,6,mid_left,372.9079609543004,320.7655806094204,0.0,58.993680761970396,1.0783280469477177,0.9248021813109517,,1.02899199584499,14,24,13,0.7916049382716049,66,8,True,9,9,0.00666666666666671,0.16587772695877545,45.90675156400539
xarm6_q07_rear_left,xarm6,7,rear_left,414.47157688709103,420.7556492891212,0.0,48.57119658121155,1.1985164512880147,1.2130844634957612,,0.8471987484954298,11,19,19,0.7323456790123456,66,8,True,9,9,0.00666666666666671,0.30420970711951023,44.86683041098877
xarm6_q07_rear_center,xarm6,7,rear_center,414.47157688709103,420.7556492891212,0.0,48.57119658121155,1.1985164512880147,1.2130844634957612,,0.8471987484954298,6,11,7,0.3664197530864198,60,7,True,9,9,0.00666666666666671,0.09532706550334957,40.75125928001944
xarm6_q07_rear_right,xarm6,7,rear_right,414.47157688709103,420.7556492891212,0.0,48.57119658121155,1.1985164512880147,1.2130844634957612,,0.8471987484954298,6,6,3,0.25037037037037035,62,5,False,0,9,0.00666666666666671,7.0986838456299495e-06,42.777487590006785
xarm6_q07_mid_left,xarm6,7,mid_left,414.47157688709103,420.7556492891212,0.0,48.57119658121155,1.1985164512880147,1.2130844634957612,,0.8471987484954298,6,8,6,0.3140740740740741,65,7,True,9,9,0.00666666666666671,0.09532706550279935,40.265541954984656
xarm6_q08_rear_left,xarm6,8,rear_left,262.68407005437297,301.65484131772115,0.0,71.2478836982437,0.759596548974514,0.8697038339450955,,1.2427348336204886,5,2,0,0.13777777777777778,20,0,False,0,9,,,60.29740544600645
xarm6_q08_rear_center,xarm6,8,rear_center,262.68407005437297,301.65484131772115,0.0,71.2478836982437,0.759596548974514,0.8697038339450955,,1.2427348336204886,11,17,3,0.5081481481481481,56,6,True,9,9,0.001916345546741062,0.46836270055501994,50.07871796897962
xarm6_q08_rear_right,xarm6,8,rear_right,262.68407005437297,301.65484131772115,0.0,71.2478836982437,0.759596548974514,0.8697038339450955,,1.2427348336204886,13,24,15,0.7940740740740742,64,7,True,9,9,0.001916345546741173,0.28439051922774805,47.944018465001136
xarm6_q08_mid_left,xarm6,8,mid_left,262.68407005437297,301.65484131772115,0.0,71.2478836982437,0.759596548974514,0.8697038339450955,,1.2427348336204886,13,18,1,0.5412345679012346,48,0,True,9,9,0.001916345546741284,0.4683627005550195,51.22553924599197
xarm6_q09_rear_left,xarm6,9,rear_left,275.8138885034633,371.05928675392107,0.0,46.585026908408814,0.7975636962801218,1.069804425816983,,0.8125551617704332,10,12,2,0.40691358024691354,45,0,True,7,9,0.00666666666666671,0.4486399886695862,49.47604493802646
xarm6_q09_rear_center,xarm6,9,rear_center,275.8138885034633,371.05928675392107,0.0,46.585026908408814,0.7975636962801218,1.069804425816983,,0.8125551617704332,14,25,14,0.8172839506172839,65,8,True,9,9,0.00666666666666671,0.4548273436543955,47.26315963600064
xarm6_q09_rear_right,xarm6,9,rear_right,275.8138885034633,371.05928675392107,0.0,46.585026908408814,0.7975636962801218,1.069804425816983,,0.8125551617704332,15,25,20,0.9135802469135802,60,7,True,9,9,0.00666666666666671,0.28414354193219227,47.598586192005314
xarm6_q09_mid_left,xarm6,9,mid_left,275.8138885034633,371.05928675392107,0.0,46.585026908408814,0.7975636962801218,1.069804425816983,,0.8125551617704332,14,25,10,0.7679012345679013,67,8,True,9,9,0.00666666666666671,0.45482734365409305,46.90975899199839
xarm6_q10_rear_left,xarm6,10,rear_left,427.5908417315858,338.6705463902318,0.0,69.59485204924957,1.2364530810154974,0.9764241520315409,,1.2139019770547748,12,24,13,0.7471604938271605,67,9,True,9,9,0.003217549891260142,0.2579767652874567,46.94737735798117
xarm6_q10_rear_center,xarm6,10,rear_center,427.5908417315858,338.6705463902318,0.0,69.59485204924957,1.2364530810154974,0.9764241520315409,,1.2139019770547748,11,20,16,0.7086419753086419,61,6,True,9,9,0.003217549891200412,2.0597064138261345e-05,44.873669663007604
xarm6_q10_rear_right,xarm6,10,rear_right,427.5908417315858,338.6705463902318,0.0,69.59485204924957,1.2364530810154974,0.9764241520315409,,1.2139019770547748,10,19,10,0.5990123456790123,62,5,True,9,9,0.0032175498912108483,4.440892098500626e-16,43.64834124001209
xarm6_q10_mid_left,xarm6,10,mid_left,427.5908417315858,338.6705463902318,0.0,69.59485204924957,1.2364530810154974,0.9764241520315409,,1.2139019770547748,11,22,20,0.7846913580246913,63,7,True,9,9,0.0032175498912061853,2.0597064138705434e-05,45.4292779089883
xarm6_q11_rear_left,xarm6,11,rear_left,381.3889578040365,395.31394679265844,0.0,52.247374976150404,1.1028523202985525,1.1397332581691444,,0.9113201610744,12,24,15,0.7718518518518519,65,8,True,9,9,0.00666666666666671,0.3886973404297893,46.332505795988254
xarm6_q11_rear_center,xarm6,11,rear_center,381.3889578040365,395.31394679265844,0.0,52.247374976150404,1.1028523202985525,1.1397332581691444,,0.9113201610744,12,19,17,0.7298765432098766,61,7,True,9,9,0.00666666666666671,0.1586032198921239,44.46657352600596
xarm6_q11_rear_right,xarm6,11,rear_right,381.3889578040365,395.31394679265844,0.0,52.247374976150404,1.1028523202985525,1.1397332581691444,,0.9113201610744,7,12,6,0.3896296296296296,60,6,True,9,9,0.00666666666666671,0.0005097673784040246,42.38974966300884
xarm6_q11_mid_left,xarm6,11,mid_left,381.3889578040365,395.31394679265844,0.0,52.247374976150404,1.1028523202985525,1.1397332581691444,,0.9113201610744,10,20,18,0.7111111111111111,66,8,True,9,9,0.00666666666666671,0.15860321989271808,44.02882282802602
xarm6_q12_rear_left,xarm6,12,rear_left,317.3763578654422,276.2981072405624,0.0,60.81468227162705,0.9177487851120532,0.7965976018458605,,1.0607546516694129,5,6,0,0.1911111111111111,24,0,False,0,9,,,58.27328786498401
xarm6_q12_rear_center,xarm6,12,rear_center,317.3763578654422,276.2981072405624,0.0,60.81468227162705,0.9177487851120532,0.7965976018458605,,1.0607546516694129,12,19,4,0.5693827160493827,65,8,True,9,9,0.00666666666666671,0.4064097894040959,49.48684903100366
xarm6_q12_rear_right,xarm6,12,rear_right,317.3763578654422,276.2981072405624,0.0,60.81468227162705,0.9177487851120532,0.7965976018458605,,1.0607546516694129,14,25,16,0.8419753086419753,62,8,True,9,9,0.00666666666666671,0.13828334345498572,48.82883536000736
xarm6_q12_mid_left,xarm6,12,mid_left,317.3763578654422,276.2981072405624,0.0,60.81468227162705,0.9177487851120532,0.7965976018458605,,1.0607546516694129,14,23,6,0.6918518518518519,57,4,True,9,9,0.00666666666666671,0.4064097894032024,51.467406560987
xarm6_q13_rear_left,xarm6,13,rear_left,342.7173884779664,426.03978966773906,0.0,67.12317885042651,0.9910267703235149,1.2283192169852555,,1.170790038537234,14,24,14,0.8039506172839506,68,9,True,9,9,0.005163158075045894,0.4345340832223745,49.07681664699339
xarm6_q13_rear_center,xarm6,13,rear_center,342.7173884779664,426.03978966773906,0.0,67.12317885042651,0.9910267703235149,1.2283192169852555,,1.170790038537234,11,20,18,0.7333333333333334,61,8,True,9,9,0.005163158075046005,0.22778614690260168,48.34717661200557
xarm6_q13_rear_right,xarm6,13,rear_right,342.7173884779664,426.03978966773906,0.0,67.12317885042651,0.9910267703235149,1.2283192169852555,,1.170790038537234,8,11,7,0.41086419753086423,59,6,True,9,9,0.005163158075046005,0.08874228238401738,52.85911905899411
xarm6_q13_mid_left,xarm6,13,mid_left,342.7173884779664,426.03978966773906,0.0,67.12317885042651,0.9910267703235149,1.2283192169852555,,1.170790038537234,10,20,20,0.7358024691358024,65,8,True,9,9,0.005163158075046116,0.22778614690350008,57.80960304097971
xarm6_q14_rear_left,xarm6,14,rear_left,363.50300146520806,285.00778369399006,0.0,46.016079601705236,1.0511319753713906,0.8217085497453809,,0.8026313493028283,10,12,2,0.40691358024691354,43,0,True,7,9,0.00666666666666671,0.39968485250205754,69.73234471899923
xarm6_q14_rear_center,xarm6,14,rear_center,363.50300146520806,285.00778369399006,0.0,46.016079601705236,1.0511319753713906,0.8217085497453809,,0.8026313493028283,14,25,13,0.8049382716049384,63,8,True,9,9,0.00666666666666671,0.25519470297385416,65.44668670202373
xarm6_q14_rear_right,xarm6,14,rear_right,363.50300146520806,285.00778369399006,0.0,46.016079601705236,1.0511319753713906,0.8217085497453809,,0.8026313493028283,13,25,16,0.8197530864197531,61,6,True,9,9,0.00666666666666671,0.012766458795909763,48.62497859800351
xarm6_q14_mid_left,xarm6,14,mid_left,363.50300146520806,285.00778369399006,0.0,46.016079601705236,1.0511319753713906,0.8217085497453809,,0.8026313493028283,14,25,10,0.7679012345679013,66,8,True,9,9,0.00666666666666671,0.25519470297419566,50.77585671900306
xarm6_q15_rear_left,xarm6,15,rear_left,404.97503054542136,358.23777038889324,0.0,61.57894188593817,1.1710555404424667,1.032838594634086,,1.0740851815789938,14,24,13,0.7916049382716049,64,8,True,9,9,0.00666666666666671,0.3290184789696151,54.25797828001669
xarm6_q15_rear_center,xarm6,15,rear_center,404.97503054542136,358.23777038889324,0.0,61.57894188593817,1.1710555404424667,1.032838594634086,,1.0740851815789938,12,19,16,0.7175308641975309,61,7,True,9,9,0.00666666666666671,0.06403426516053878,52.413978212018264
xarm6_q15_rear_right,xarm6,15,rear_right,404.97503054542136,358.23777038889324,0.0,61.57894188593817,1.1710555404424667,1.032838594634086,,1.0740851815789938,9,18,12,0.5881481481481482,63,6,True,9,9,0.00666666666666671,3.975966678559928e-06,47.632071407017065
xarm6_q15_mid_left,xarm6,15,mid_left,404.97503054542136,358.23777038889324,0.0,61.57894188593817,1.1710555404424667,1.032838594634086,,1.0740851815789938,11,22,20,0.7846913580246913,64,8,True,9,9,0.00666666666666671,0.06403426516085542,49.5186083719891
xarm6_q16_rear_left,xarm6,16,rear_left,296.4262192132952,303.8318712641016,0.0,54.69213501694503,0.8571678255684674,0.8759804489091039,,0.9539626692421734,5,6,0,0.1911111111111111,25,0,False,0,9,0.05814840825655935,0.450540274364827,59.233054865006125
xarm6_q16_rear_center,xarm6,16,rear_center,296.4262192132952,303.8318712641016,0.0,54.69213501694503,0.8571678255684674,0.8759804489091039,,0.9539626692421734,12,19,5,0.5817283950617284,62,7,True,9,9,0.00666666666666671,0.4520666774650737,52.28879572200822
xarm6_q16_rear_right,xarm6,16,rear_right,296.4262192132952,303.8318712641016,0.0,54.69213501694503,0.8571678255684674,0.8759804489091039,,0.9539626692421734,15,25,18,0.8888888888888888,62,8,True,9,9,0.00666666666666671,0.2136789423652421,50.63035456297803
xarm6_q16_mid_left,xarm6,16,mid_left,296.4262192132952,303.8318712641016,0.0,54.69213501694503,0.8571678255684674,0.8759804489091039,,0.9539626692421734,14,24,6,0.7051851851851851,57,4,True,9,9,0.00666666666666671,0.45206667746444706,51.42120619799243
ur5e_q00_rear_left,ur5e,0,rear_left,444.73137959896644,392.0000000000001,127.0,99.99999999999997,1.0,1.0,1.0,1.0,13,21,6,0.642962962962963,55,7,False,0,9,-0.0005999999984277887,1.570801019614751,55.96167875599349
ur5e_q00_rear_center,ur5e,0,rear_center,444.73137959896644,392.0000000000001,127.0,99.99999999999997,1.0,1.0,1.0,1.0,15,18,10,0.6967901234567901,45,6,False,0,9,-0.000599999997550088,0.6783527790676303,60.752891137002734
ur5e_q00_rear_right,ur5e,0,rear_right,444.73137959896644,392.0000000000001,127.0,99.99999999999997,1.0,1.0,1.0,1.0,10,20,8,0.5876543209876544,31,3,False,0,9,-0.000599999997346029,0.9002910318051365,54.89916326897219
ur5e_q00_mid_left,ur5e,0,mid_left,444.73137959896644,392.0000000000001,127.0,99.99999999999997,1.0,1.0,1.0,1.0,8,14,7,0.4508641975308642,52,7,False,0,9,-0.0005999999958747615,0.8342151094370358,51.70248539102613
ur5e_q01_rear_left,ur5e,1,rear_left,370.40069112329707,464.3163234852256,139.9423273783177,87.32582810334858,0.8328638547100127,1.1844804170541465,1.1019080895930529,0.8732582810334861,15,23,7,0.7264197530864198,52,6,False,0,9,-0.0007429450641373431,0.4727418554000069,57.35011581500294
ur5e_q01_rear_center,ur5e,1,rear_center,370.40069112329707,464.3163234852256,139.9423273783177,87.32582810334858,0.8328638547100127,1.1844804170541465,1.1019080895930529,0.8732582810334861,15,24,18,0.8755555555555555,53,6,False,0,9,-0.0012655501456266954,0.610582471121675,60.47850319399731
ur5e_q01_rear_right,ur5e,1,rear_right,370.40069112329707,464.3163234852256,139.9423273783177,87.32582810334858,0.8328638547100127,1.1844804170541465,1.1019080895930529,0.8732582810334861,15,24,14,0.8261728395061728,43,6,False,0,9,-0.0013684878303566114,0.8205231834028677,60.46299517300213
ur5e_q01_mid_left,ur5e,1,mid_left,370.40069112329707,464.3163234852256,139.9423273783177,87.32582810334858,0.8328638547100127,1.1844804170541465,1.1019080895930529,0.8732582810334861,15,20,16,0.7975308641975308,56,6,False,0,9,-0.0005999999999336258,0.2128724143661378,57.76801696399343
ur5e_q02_rear_left,ur5e,2,rear_left,535.9137055873061,391.10656249523174,106.94904770050198,113.89546822756526,1.2050278666429222,0.9977208226919174,0.8421184858307242,1.1389546822756529,12,19,5,0.5817283950617284,43,6,False,0,9,-0.0005999999963812175,0.8781315440923878,58.76097888400545
ur5e_q02_rear_center,ur5e,2,rear_center,535.9137055873061,391.10656249523174,106.94904770050198,113.89546822756526,1.2050278666429222,0.9977208226919174,0.8421184858307242,1.1389546822756529,12,15,6,0.5407407407407407,35,4,False,0,9,-0.000599999997375894,0.8210640280064228,60.086727778980276
ur5e_q02_rear_right,ur5e,2,rear_right,535.9137055873061,391.10656249523174,106.94904770050198,113.89546822756526,1.2050278666429222,0.9977208226919174,0.8421184858307242,1.1389546822756529,12,13,6,0.514074074074074,26,3,False,0,9,-0.0005999999949550527,1.004828528546983,53.45651973999338
ur5e_q02_mid_left,ur5e,2,mid_left,535.9137055873061,391.10656249523174,106.94904770050198,113.89546822756526,1.2050278666429222,0.9977208226919174,0.8421184858307242,1.1389546822756529,7,12,6,0.3896296296296296,43,5,False,0,9,-0.0005999999950168922,0.893360339239444,52.973817455989774
ur5e_q03_rear_left,ur5e,3,rear_left,489.50484206927683,408.9178183935584,147.1093778894283,97.54032948985694,1.100675294175744,1.043157699983567,1.1583415581844747,0.9754032948985696,12,16,9,0.5911111111111111,47,6,False,0,9,-0.000599999999648132,1.2348280551822732,55.207297873013886
ur5e_q03_rear_center,ur5e,3,rear_center,489.50484206927683,408.9178183935584,147.1093778894283,97.54032948985694,1.100675294175744,1.043157699983567,1.1583415581844747,0.9754032948985696,12,17,14,0.6661728395061729,43,4,False,0,9,-0.0005999999979070803,0.6649938270326645,59.52994083397789
ur5e_q03_rear_right,ur5e,3,rear_right,489.50484206927683,408.9178183935584,147.1093778894283,97.54032948985694,1.100675294175744,1.043157699983567,1.1583415581844747,0.9754032948985696,10,16,13,0.5960493827160493,33,4,False,0,9,-0.0005999999953650581,0.8846142055309212,54.31371002297965
ur5e_q03_mid_left,ur5e,3,mid_left,489.50484206927683,408.9178183935584,147.1093778894283,97.54032948985694,1.100675294175744,1.043157699983567,1.1583415581844747,0.9754032948985696,7,13,10,0.4523456790123457,47,7,False,0,9,-0.0005999999955329238,0.8436589924265778,52.888009488000534
ur5e_q04_rear_left,ur5e,4,rear_left,431.81069500726653,335.89908981323254,113.62611304549502,102.21456107683477,0.9709472162649035,0.8568854331970215,0.8946938035078347,1.022145610768348,14,22,9,0.7155555555555555,48,7,False,0,9,-0.0005999999999999062,1.5708010196147342,53.3271926860034
ur5e_q04_rear_center,ur5e,4,rear_center,431.81069500726653,335.89908981323254,113.62611304549502,102.21456107683477,0.9709472162649035,0.8568854331970215,0.8946938035078347,1.022145610768348,13,18,11,0.6646913580246914,49,6,False,0,9,-0.0005999999903348596,0.707070791393491,54.31367652199697
ur5e_q04_rear_right,ur5e,4,rear_right,431.81069500726653,335.89908981323254,113.62611304549502,102.21456107683477,0.9709472162649035,0.8568854331970215,0.8946938035078347,1.022145610768348,15,22,14,0.7995061728395062,42,4,False,0,9,-0.0005999999912263687,0.921842833799281,54.41331453298335
ur5e_q04_mid_left,ur5e,4,mid_left,431.81069500726653,335.89908981323254,113.62611304549502,102.21456107683477,0.9709472162649035,0.8568854331970215,0.8946938035078347,1.022145610768348,14,22,16,0.8019753086419753,49,7,False,0,9,-0.0005999999910799303,1.1395047380848236,51.71936802298296
ur5e_q05_rear_left,ur5e,5,rear_left,399.6382200339633,429.331642072648,101.8859075694345,109.52699324116108,0.8986058514565229,1.095233780797571,0.8022512407042086,1.095269932411611,15,20,4,0.6493827160493827,53,7,False,0,9,-0.0005999999996792876,0.5480121260433144,50.7699668139976
ur5e_q05_rear_center,ur5e,5,rear_center,399.6382200339633,429.331642072648,101.8859075694345,109.52699324116108,0.8986058514565229,1.095233780797571,0.8022512407042086,1.095269932411611,14,23,10,0.7412345679012345,52,6,False,0,9,-0.0005999999994091565,0.7010853902114178,53.59870333701838
ur5e_q05_rear_right,ur5e,5,rear_right,399.6382200339633,429.331642072648,101.8859075694345,109.52699324116108,0.8986058514565229,1.095233780797571,0.8022512407042086,1.095269932411611,15,23,10,0.7634567901234567,49,6,False,0,9,-0.0005999999997149119,0.9269219965952376,54.802870963991154
ur5e_q05_mid_left,ur5e,5,mid_left,399.6382200339633,429.331642072648,101.8859075694345,109.52699324116108,0.8986058514565229,1.095233780797571,0.8022512407042086,1.095269932411611,15,24,11,0.7891358024691358,57,6,False,0,9,-0.000599999999999129,0.3601510378204864,56.04313286699471
ur5e_q06_rear_left,ur5e,6,rear_left,457.3342765043753,306.5462618917228,127.44162100972609,89.25293856300412,1.0283382227644324,0.7820057701319456,1.0034773307852447,0.8925293856300414,14,21,10,0.7145679012345679,53,6,False,0,9,-0.001284053814665391,1.570801019614315,50.91042970199487
ur5e_q06_rear_center,ur5e,6,rear_center,457.3342765043753,306.5462618917228,127.44162100972609,89.25293856300412,1.0283382227644324,0.7820057701319456,1.0034773307852447,0.8925293856300414,13,20,10,0.6790123456790124,52,6,False,0,9,-0.0009435336090116361,0.7786204310007845,53.58871802399517
ur5e_q06_rear_right,ur5e,6,rear_right,457.3342765043753,306.5462618917228,127.44162100972609,89.25293856300412,1.0283382227644324,0.7820057701319456,1.0034773307852447,0.8925293856300414,15,22,11,0.7624691358024691,35,4,False,0,9,-0.0007695797895942852,0.9076735163371898,53.28030642098747
ur5e_q06_mid_left,ur5e,6,mid_left,457.3342765043753,306.5462618917228,127.44162100972609,89.25293856300412,1.0283382227644324,0.7820057701319456,1.0034773307852447,0.8925293856300414,13,21,15,0.7540740740740741,49,6,False,0,9,-0.0010671724101614308,1.1535961533328294,51.93574128500768
ur5e_q07_rear_left,ur5e,7,rear_left,519.3798570034919,484.396985333413,126.99977917503566,124.35646778903899,1.167850709054619,1.2357065952382982,0.9999982612207532,1.2435646778903902,8,16,12,0.5392592592592592,39,4,False,0,9,-0.0005999999993177851,0.6084723482995003,62.25486260099569
ur5e_q07_rear_center,ur5e,7,rear_center,519.3798570034919,484.396985333413,126.99977917503566,124.35646778903899,1.167850709054619,1.2357065952382982,0.9999982612207532,1.2435646778903902,8,13,9,0.46222222222222226,36,5,False,0,9,-0.0005999999995759536,0.7205046194893487,58.58321806200547
ur5e_q07_rear_right,ur5e,7,rear_right,519.3798570034919,484.396985333413,126.99977917503566,124.35646778903899,1.167850709054619,1.2357065952382982,0.9999982612207532,1.2435646778903902,6,8,3,0.277037037037037,25,3,False,0,9,-0.0005999999992765959,0.9496296795464696,51.63509142599651
ur5e_q07_mid_left,ur5e,7,mid_left,519.3798570034919,484.396985333413,126.99977917503566,124.35646778903899,1.167850709054619,1.2357065952382982,0.9999982612207532,1.2435646778903902,7,11,11,0.43802469135802474,39,5,False,0,9,-0.0005999999995319055,0.683839361959647,59.45900539800641
ur5e_q08_rear_left,ur5e,8,rear_left,353.86875194788445,361.4228157848121,152.0456443205476,75.88665038347241,0.7956909905187786,0.9219969790428877,1.1972097977995872,0.7588665038347244,15,19,3,0.6237037037037038,43,5,False,0,9,-0.0012643414812531575,1.5708010196148452,49.8825889689906
ur5e_q08_rear_center,ur5e,8,rear_center,353.86875194788445,361.4228157848121,152.0456443205476,75.88665038347241,0.7956909905187786,0.9219969790428877,1.1972097977995872,0.7588665038347244,15,22,9,0.7377777777777778,54,6,False,0,9,-0.0009336419779704605,0.5822838503644094,54.33173111098586
ur5e_q08_rear_right,ur5e,8,rear_right,353.86875194788445,361.4228157848121,152.0456443205476,75.88665038347241,0.7956909905187786,0.9219969790428877,1.1972097977995872,0.7588665038347244,15,24,21,0.9125925925925925,51,6,False,0,9,-0.0011999999972007389,0.7807728647307455,56.37380501200096
ur5e_q08_mid_left,ur5e,8,mid_left,353.86875194788445,361.4228157848121,152.0456443205476,75.88665038347241,0.7956909905187786,0.9219969790428877,1.1972097977995872,0.7588665038347244,15,21,12,0.7614814814814815,56,6,False,0,9,-0.0011999999964970795,1.2710633721605482,54.57635563399526
ur5e_q09_rear_left,ur5e,9,rear_left,345.72245359982793,396.51775636523973,122.15691620390864,91.85815299861132,0.7773736449889839,1.0115248886868358,0.9618654819205403,0.9185815299861133,15,23,6,0.7140740740740741,52,7,False,0,9,-0.0008083831078380538,1.5708010196143611,53.268337431014515
ur5e_q09_rear_center,ur5e,9,rear_center,345.72245359982793,396.51775636523973,122.15691620390864,91.85815299861132,0.7773736449889839,1.0115248886868358,0.9618654819205403,0.9185815299861133,15,22,7,0.7130864197530865,53,6,False,0,9,-0.0011211730279876708,0.6311854418700724,53.51460781201604
ur5e_q09_rear_right,ur5e,9,rear_right,345.72245359982793,396.51775636523973,122.15691620390864,91.85815299861132,0.7773736449889839,1.0115248886868358,0.9618654819205403,0.9185815299861133,15,24,10,0.7767901234567901,47,6,False,0,9,-0.0012501684150770034,0.8448398717803514,54.99400237802183
ur5e_q09_mid_left,ur5e,9,mid_left,345.72245359982793,396.51775636523973,122.15691620390864,91.85815299861132,0.7773736449889839,1.0115248886868358,0.9618654819205403,0.9185815299861133,15,23,10,0.7634567901234567,55,6,False,0,9,-0.001173297992034042,0.23396268127738207,53.768002532975515
ur5e_q10_rear_left,ur5e,10,rear_left,511.2607029046784,322.54311842098843,156.64043013751507,109.06903017312285,1.1495943986810744,0.822814077604562,1.233389213681221,1.0906903017312288,14,21,10,0.7145679012345679,52,6,False,0,9,-0.0005999999993635818,1.5708010196149251,52.788366770982975
ur5e_q10_rear_center,ur5e,10,rear_center,511.2607029046784,322.54311842098843,156.64043013751507,109.06903017312285,1.1495943986810744,0.822814077604562,1.233389213681221,1.0906903017312288,15,19,12,0.7348148148148148,47,6,False,0,9,-0.0005999999928026495,0.7670814984159895,53.64746856599231
ur5e_q10_rear_right,ur5e,10,rear_right,511.2607029046784,322.54311842098843,156.64043013751507,109.06903017312285,1.1495943986810744,0.822814077604562,1.233389213681221,1.0906903017312288,15,20,13,0.7604938271604939,29,2,False,0,9,-0.0005999999956838448,0.877515399724679,52.11829518098966
ur5e_q10_mid_left,ur5e,10,mid_left,511.2607029046784,322.54311842098843,156.64043013751507,109.06903017312285,1.1495943986810744,0.822814077604562,1.233389213681221,1.0906903017312288,10,18,14,0.6350617283950617,51,6,False,0,9,-0.0005999999907358722,0.9432676911791997,54.07614958501654
ur5e_q11_rear_left,ur5e,11,rear_left,465.48820585902445,451.3670199140908,97.55100777884945,80.10552944615482,1.0466727269813418,1.1514464793726802,0.7681181714870036,0.8010552944615483,10,19,6,0.5496296296296296,53,6,False,0,9,-0.001101642647161158,0.5858398751553322,61.17609659899608
ur5e_q11_rear_center,ur5e,11,rear_center,465.48820585902445,451.3670199140908,97.55100777884945,80.10552944615482,1.0466727269813418,1.1514464793726802,0.7681181714870036,0.8010552944615483,7,19,5,0.4706172839506173,39,4,False,0,9,-0.0011299944158486563,0.7463332981557516,64.7927201569837
ur5e_q11_rear_right,ur5e,11,rear_right,465.48820585902445,451.3670199140908,97.55100777884945,80.10552944615482,1.0466727269813418,1.1514464793726802,0.7681181714870036,0.8010552944615483,5,14,4,0.34716049382716047,26,3,False,0,9,-0.001126327143389165,0.9797795065025658,59.54180719400756
ur5e_q11_mid_left,ur5e,11,mid_left,465.48820585902445,451.3670199140908,97.55100777884945,80.10552944615482,1.0466727269813418,1.1514464793726802,0.7681181714870036,0.8010552944615483,5,18,8,0.4498765432098765,42,6,False,0,9,-0.001145529358542459,0.9040290924234187,71.06506496298243
ur5e_q12_rear_left,ur5e,12,rear_left,407.7650051393694,377.5819190181793,131.52844364615157,119.16298721916971,0.9168793205171824,0.9632191811688244,1.0356570365838706,1.1916298721916974,15,20,9,0.7111111111111111,50,7,False,0,9,-0.0005999999950802026,1.5708010196148452,53.37367994597298
ur5e_q12_rear_center,ur5e,12,rear_center,407.7650051393694,377.5819190181793,131.52844364615157,119.16298721916971,0.9168793205171824,0.9632191811688244,1.0356570365838706,1.1916298721916974,14,22,11,0.740246913580247,54,7,False,0,9,-0.0005999999987156002,0.648526895239665,59.25025625099079
ur5e_q12_rear_right,ur5e,12,rear_right,407.7650051393694,377.5819190181793,131.52844364615157,119.16298721916971,0.9168793205171824,0.9632191811688244,1.0356570365838706,1.1916298721916974,15,21,13,0.773827160493827,39,5,False,0,9,-0.000599999997495354,0.8652602064737467,55.14247636802611
ur5e_q12_mid_left,ur5e,12,mid_left,407.7650051393694,377.5819190181793,131.52844364615157,119.16298721916971,0.9168793205171824,0.9632191811688244,1.0356570365838706,1.1916298721916974,15,22,16,0.8241975308641974,54,7,False,0,9,-0.0005999999973059916,0.8130682829368849,55.84883545699995
ur5e_q13_rear_left,ur5e,13,rear_left,424.29465550983025,474.16370186954754,143.51474299142137,117.4902814440429,0.9540470382198691,1.2096012802794576,1.1300373463891447,1.1749028144404292,14,18,9,0.6622222222222222,45,6,False,0,9,-0.0005999999995212613,0.4927172097152228,51.76190744899213
ur5e_q13_rear_center,ur5e,13,rear_center,424.29465550983025,474.16370186954754,143.51474299142137,117.4902814440429,0.9540470382198691,1.2096012802794576,1.1300373463891447,1.1749028144404292,9,22,20,0.740246913580247,37,4,False,0,9,-0.0005999999999086181,0.6346720064146023,58.119102393015055
ur5e_q13_rear_right,ur5e,13,rear_right,424.29465550983025,474.16370186954754,143.51474299142137,117.4902814440429,0.9540470382198691,1.2096012802794576,1.1300373463891447,1.1749028144404292,8,20,16,0.6419753086419754,24,2,False,0,9,-0.000599999999919193,0.8489487786528391,55.603985769004794
ur5e_q13_mid_left,ur5e,13,mid_left,424.29465550983025,474.16370186954754,143.51474299142137,117.4902814440429,0.9540470382198691,1.2096012802794576,1.1300373463891447,1.1749028144404292,10,17,13,0.6093827160493827,44,6,False,0,9,-0.0005999999999133088,0.2943733432969786,56.45052655399195
ur5e_q14_rear_left,ur5e,14,rear_left,482.0159468210836,352.14469473436486,117.46876453934237,81.58147470094261,1.0838361512869596,0.8983283028937876,0.9249509018845856,0.8158147470094264,13,20,13,0.7160493827160495,49,5,False,0,9,-0.0013735670629078864,1.5708010196151738,53.041967625002144
ur5e_q14_rear_center,ur5e,14,rear_center,482.0159468210836,352.14469473436486,117.46876453934237,81.58147470094261,1.0838361512869596,0.8983283028937876,0.9249509018845856,0.8158147470094264,15,21,14,0.7861728395061728,52,5,False,0,9,-0.0010120232604636514,0.7713910799963184,62.34108654697775
ur5e_q14_rear_right,ur5e,14,rear_right,482.0159468210836,352.14469473436486,117.46876453934237,81.58147470094261,1.0838361512869596,0.8983283028937876,0.9249509018845856,0.8158147470094264,14,21,8,0.6898765432098766,43,6,False,0,9,-0.0009036221927384291,0.9463406497062294,55.98965164000401
ur5e_q14_mid_left,ur5e,14,mid_left,482.0159468210836,352.14469473436486,117.46876453934237,81.58147470094261,1.0838361512869596,0.8983283028937876,0.9249509018845856,0.8158147470094264,10,17,12,0.597037037037037,50,7,False,0,9,-0.0010947561770892622,1.0904475454481726,54.43656671801
ur5e_q15_rear_left,ur5e,15,rear_left,543.4221140781498,418.97679040581005,136.83966826461256,104.2964176740497,1.2219108860008419,1.068818342871964,1.077477702870965,1.0429641767404974,10,16,9,0.5466666666666666,45,5,False,0,9,-0.0005999999981782245,0.9221416005291649,59.49446534499293
ur5e_q15_rear_center,ur5e,15,rear_center,543.4221140781498,418.97679040581005,136.83966826461256,104.2964176740497,1.2219108860008419,1.068818342871964,1.077477702870965,1.0429641767404974,10,16,10,0.5590123456790123,34,5,False,0,9,-0.0005999999984472176,0.7689639456105786,61.53157413401641
ur5e_q15_rear_right,ur5e,15,rear_right,543.4221140781498,418.97679040581005,136.83966826461256,104.2964176740497,1.2219108860008419,1.068818342871964,1.077477702870965,1.0429641767404974,8,9,4,0.34716049382716047,23,3,False,0,9,-0.0005999999947828571,0.9434770613325725,54.08064559698687
ur5e_q15_mid_left,ur5e,15,mid_left,543.4221140781498,418.97679040581005,136.83966826461256,104.2964176740497,1.2219108860008419,1.068818342871964,1.077477702870965,1.0429641767404974,6,9,4,0.30271604938271607,47,6,False,0,9,-0.0005999999955499102,0.8782808672225624,54.2647843050072
ur5e_q16_rear_left,ur5e,16,rear_left,377.88195536489764,296.7674985416234,110.29972341004759,96.43688909709451,0.8496858389116824,0.7570599452592432,0.868501759134233,0.9643688909709454,12,20,1,0.5456790123456791,45,6,False,0,9,-0.0006750178559909101,0.8730279747452601,54.62880879500881
ur5e_q16_rear_center,ur5e,16,rear_center,377.88195536489764,296.7674985416234,110.29972341004759,96.43688909709451,0.8496858389116824,0.7570599452592432,0.868501759134233,0.9643688909709454,15,22,10,0.7501234567901234,53,7,False,0,9,-0.0005999999999981298,1.570801019614092,56.28469238698017
ur5e_q16_rear_right,ur5e,16,rear_right,377.88195536489764,296.7674985416234,110.29972341004759,96.43688909709451,0.8496858389116824,0.7570599452592432,0.868501759134233,0.9643688909709454,15,23,8,0.7387654320987654,41,5,False,0,9,-0.0006486661359202672,0.8935256546522377,53.63725176200387
ur5e_q16_mid_left,ur5e,16,mid_left,377.88195536489764,296.7674985416234,110.29972341004759,96.43688909709451,0.8496858389116824,0.7570599452592432,0.868501759134233,0.9643688909709454,15,21,9,0.7244444444444444,47,7,False,0,9,-0.0008648423061218546,1.0409407282654586,51.21699183899909
lite6_q00_rear_left,lite6,0,rear_left,200.2,243.67049903506987,0.0,62.49999999999998,1.0,1.0,,1.0,0,0,0,0.0,0,0,False,0,9,,,91.5830709389993
lite6_q00_rear_center,lite6,0,rear_center,200.2,243.67049903506987,0.0,62.49999999999998,1.0,1.0,,1.0,2,0,0,0.044444444444444446,0,0,False,0,9,,,82.13310929597355
lite6_q00_rear_right,lite6,0,rear_right,200.2,243.67049903506987,0.0,62.49999999999998,1.0,1.0,,1.0,5,2,0,0.13777777777777778,18,0,False,0,9,,,64.39258542700554
lite6_q00_mid_left,lite6,0,mid_left,200.2,243.67049903506987,0.0,62.49999999999998,1.0,1.0,,1.0,1,0,0,0.022222222222222223,3,0,False,0,9,,,85.51374194602249
lite6_q01_rear_left,lite6,1,rear_left,166.73934371294453,288.6229343208516,0.0,68.86925559956578,0.8328638547100127,1.1844804170541465,,1.1019080895930529,0,0,0,0.0,0,0,False,0,9,,,87.30342590599321
lite6_q01_rear_center,lite6,1,rear_center,166.73934371294453,288.6229343208516,0.0,68.86925559956578,0.8328638547100127,1.1844804170541465,,1.1019080895930529,3,0,0,0.06666666666666667,3,0,False,0,9,,,78.2684525840159
lite6_q01_rear_right,lite6,1,rear_right,166.73934371294453,288.6229343208516,0.0,68.86925559956578,0.8328638547100127,1.1844804170541465,,1.1019080895930529,6,3,0,0.17333333333333334,27,0,False,0,9,,,65.39356663700892
lite6_q01_mid_left,lite6,1,mid_left,166.73934371294453,288.6229343208516,0.0,68.86925559956578,0.8328638547100127,1.1844804170541465,,1.1019080895930529,3,0,0,0.06666666666666667,7,0,False,0,9,,,78.01881351901102
lite6_q02_rear_left,lite6,2,rear_left,229.5857738498598,189.48369360505157,0.0,61.72894246992653,1.146782087162137,0.777622627094388,,0.9876630795188248,0,0,0,0.0,0,0,False,0,9,,,92.01202954401379
lite6_q02_rear_center,lite6,2,rear_center,229.5857738498598,189.48369360505157,0.0,61.72894246992653,1.146782087162137,0.777622627094388,,0.9876630795188248,1,0,0,0.022222222222222223,0,0,False,0,9,,,89.63841665099608
lite6_q02_rear_right,lite6,2,rear_right,229.5857738498598,189.48369360505157,0.0,61.72894246992653,1.146782087162137,0.777622627094388,,0.9876630795188248,3,2,0,0.09333333333333334,5,0,False,0,9,,,68.58761716299341
lite6_q02_mid_left,lite6,2,mid_left,229.5857738498598,189.48369360505157,0.0,61.72894246992653,1.146782087162137,0.777622627094388,,0.9876630795188248,1,0,0,0.022222222222222223,0,0,False,0,9,,,89.13413891100208
lite6_q03_rear_left,lite6,3,rear_left,202.78805885063483,271.39706464809893,0.0,71.13026196020652,1.012927366886288,1.1137871253304183,,1.1380841913633049,0,0,0,0.0,0,0,False,0,9,,,86.70651679398725
lite6_q03_rear_center,lite6,3,rear_center,202.78805885063483,271.39706464809893,0.0,71.13026196020652,1.012927366886288,1.1137871253304183,,1.1380841913633049,5,1,0,0.12444444444444443,8,0,False,0,9,,,72.29256062701461
lite6_q03_rear_right,lite6,3,rear_right,202.78805885063483,271.39706464809893,0.0,71.13026196020652,1.012927366886288,1.1137871253304183,,1.1380841913633049,6,6,0,0.21333333333333335,37,3,False,0,9,0.04206973819136098,0.0013167920856487214,63.683891448017675
lite6_q03_mid_left,lite6,3,mid_left,202.78805885063483,271.39706464809893,0.0,71.13026196020652,1.012927366886288,1.1137871253304183,,1.1380841913633049,4,0,0,0.08888888888888889,9,0,False,0,9,,,77.07192000499344
lite6_q04_rear_left,lite6,4,rear_left,190.74888718090952,233.23551951473638,0.0,48.241282172966734,0.9527916442602873,0.9571758601814508,,0.771860514767468,0,0,0,0.0,0,0,False,0,9,,,93.41867127697333
lite6_q04_rear_center,lite6,4,rear_center,190.74888718090952,233.23551951473638,0.0,48.241282172966734,0.9527916442602873,0.9571758601814508,,0.771860514767468,1,0,0,0.022222222222222223,0,0,False,0,9,,,86.23726263601566
lite6_q04_rear_right,lite6,4,rear_right,190.74888718090952,233.23551951473638,0.0,48.241282172966734,0.9527916442602873,0.9571758601814508,,0.771860514767468,3,0,0,0.06666666666666667,6,0,False,0,9,,,68.54038274599588
lite6_q04_mid_left,lite6,4,mid_left,190.74888718090952,233.23551951473638,0.0,48.241282172966734,0.9527916442602873,0.9571758601814508,,0.771860514767468,1,0,0,0.022222222222222223,0,0,False,0,9,,,88.3481390660163
lite6_q05_rear_left,lite6,5,rear_left,178.81743763545526,248.04127519020707,0.0,55.097453761845806,0.8931939941830933,1.0179372397251427,,0.8815592601895332,0,0,0,0.0,0,0,False,0,9,,,92.45557526298217
lite6_q05_rear_center,lite6,5,rear_center,178.81743763545526,248.04127519020707,0.0,55.097453761845806,0.8931939941830933,1.0179372397251427,,0.8815592601895332,1,0,0,0.022222222222222223,0,0,False,0,9,,,84.72451300598914
lite6_q05_rear_right,lite6,5,rear_right,178.81743763545526,248.04127519020707,0.0,55.097453761845806,0.8931939941830933,1.0179372397251427,,0.8815592601895332,3,0,0,0.06666666666666667,7,0,False,0,9,,,68.40457166699343
lite6_q05_mid_left,lite6,5,mid_left,178.81743763545526,248.04127519020707,0.0,55.097453761845806,0.8931939941830933,1.0179372397251427,,0.8815592601895332,1,0,0,0.022222222222222223,0,0,False,0,9,,,88.16188458600664
lite6_q06_rear_left,lite6,6,rear_left,215.88127499893307,225.3470090287608,0.0,64.31199974031185,1.0783280469477177,0.9248021813109517,,1.02899199584499,0,0,0,0.0,0,0,False,0,9,,,92.81881253398024
lite6_q06_rear_center,lite6,6,rear_center,215.88127499893307,225.3470090287608,0.0,64.31199974031185,1.0783280469477177,0.9248021813109517,,1.02899199584499,2,0,0,0.044444444444444446,0,0,False,0,9,,,83.6161315870122
lite6_q06_rear_right,lite6,6,rear_right,215.88127499893307,225.3470090287608,0.0,64.31199974031185,1.0783280469477177,0.9248021813109517,,1.02899199584499,5,2,0,0.13777777777777778,18,0,False,0,9,,,66.70164275600109
lite6_q06_mid_left,lite6,6,mid_left,215.88127499893307,225.3470090287608,0.0,64.31199974031185,1.0783280469477177,0.9248021813109517,,1.02899199584499,1,0,0,0.022222222222222223,3,0,False,0,9,,,87.73525893100305
lite6_q07_rear_left,lite6,7,rear_left,239.94299354786054,295.59289659170213,0.0,52.94992178096434,1.1985164512880147,1.2130844634957612,,0.8471987484954298,1,0,0,0.022222222222222223,3,0,False,0,9,,,80.15330497501418
lite6_q07_rear_center,lite6,7,rear_center,239.94299354786054,295.59289659170213,0.0,52.94992178096434,1.1985164512880147,1.2130844634957612,,0.8471987484954298,7,5,0,0.22222222222222224,31,0,False,0,9,0.052916744890236594,0.004790937925958527,63.53241956300917
lite6_q07_rear_right,lite6,7,rear_right,239.94299354786054,295.59289659170213,0.0,52.94992178096434,1.1985164512880147,1.2130844634957612,,0.8471987484954298,9,14,3,0.4237037037037037,45,6,True,8,9,0.00666666666666671,0.00666685468543271,59.103290965023916
lite6_q07_mid_left,lite6,7,mid_left,239.94299354786054,295.59289659170213,0.0,52.94992178096434,1.1985164512880147,1.2130844634957612,,0.8471987484954298,7,6,0,0.23555555555555555,23,0,False,0,9,0.05291674489023404,0.00479093792267804,70.31039640100789
lite6_q08_rear_left,lite6,8,rear_left,152.0712291046977,211.92116723011497,0.0,77.67092710128051,0.759596548974514,0.8697038339450955,,1.2427348336204886,0,0,0,0.0,0,0,False,0,9,,,93.6682097800076
lite6_q08_rear_center,lite6,8,rear_center,152.0712291046977,211.92116723011497,0.0,77.67092710128051,0.759596548974514,0.8697038339450955,,1.2427348336204886,0,0,0,0.0,0,0,False,0,9,,,91.28447717099334
lite6_q08_rear_right,lite6,8,rear_right,152.0712291046977,211.92116723011497,0.0,77.67092710128051,0.759596548974514,0.8697038339450955,,1.2427348336204886,1,0,0,0.022222222222222223,0,0,False,0,9,,,83.75435535100405
lite6_q08_mid_left,lite6,8,mid_left,152.0712291046977,211.92116723011497,0.0,77.67092710128051,0.759596548974514,0.8697038339450955,,1.2427348336204886,0,0,0,0.0,0,0,False,0,9,,,98.24252227501711
lite6_q09_rear_left,lite6,9,rear_left,159.67225199528036,260.6797783087506,0.0,50.78469761065206,0.7975636962801218,1.069804425816983,,0.8125551617704332,0,0,0,0.0,0,0,False,0,9,,,90.22140358499018
lite6_q09_rear_center,lite6,9,rear_center,159.67225199528036,260.6797783087506,0.0,50.78469761065206,0.7975636962801218,1.069804425816983,,0.8125551617704332,1,0,0,0.022222222222222223,0,0,False,0,9,,,86.97577135797474
lite6_q09_rear_right,lite6,9,rear_right,159.67225199528036,260.6797783087506,0.0,50.78469761065206,0.7975636962801218,1.069804425816983,,0.8125551617704332,3,0,0,0.06666666666666667,4,0,False,0,9,,,68.32799297600286
lite6_q09_mid_left,lite6,9,mid_left,159.67225199528036,260.6797783087506,0.0,50.78469761065206,0.7975636962801218,1.069804425816983,,0.8125551617704332,1,0,0,0.022222222222222223,0,0,False,0,9,,,86.2880026010098
lite6_q10_rear_left,lite6,10,rear_left,247.53790681930258,237.9257603954205,0.0,75.8688735659234,1.2364530810154974,0.9764241520315409,,1.2139019770547748,1,0,0,0.022222222222222223,0,0,False,0,9,,,88.59851721499581
lite6_q10_rear_center,lite6,10,rear_center,247.53790681930258,237.9257603954205,0.0,75.8688735659234,1.2364530810154974,0.9764241520315409,,1.2139019770547748,5,1,0,0.12444444444444443,13,0,False,0,9,,,72.69411997499992
lite6_q10_rear_right,lite6,10,rear_right,247.53790681930258,237.9257603954205,0.0,75.8688735659234,1.2364530810154974,0.9764241520315409,,1.2139019770547748,7,5,0,0.22222222222222224,37,4,False,0,9,0.015506001512669593,1.2779808322704866e-08,59.006919514999026
lite6_q10_mid_left,lite6,10,mid_left,247.53790681930258,237.9257603954205,0.0,75.8688735659234,1.2364530810154974,0.9764241520315409,,1.2139019770547748,5,2,0,0.13777777777777778,13,0,False,0,9,,,80.03097446600441
lite6_q11_rear_left,lite6,11,rear_left,220.79103452377018,277.71937178494153,0.0,56.957510067149975,1.1028523202985525,1.1397332581691444,,0.9113201610744,1,0,0,0.022222222222222223,0,0,False,0,9,,,84.17451326400624
lite6_q11_rear_center,lite6,11,rear_center,220.79103452377018,277.71937178494153,0.0,56.957510067149975,1.1028523202985525,1.1397332581691444,,0.9113201610744,5,2,0,0.13777777777777778,16,0,False,0,9,,,68.69614642800298
lite6_q11_rear_right,lite6,11,rear_right,220.79103452377018,277.71937178494153,0.0,56.957510067149975,1.1028523202985525,1.1397332581691444,,0.9113201610744,8,8,1,0.2967901234567901,46,5,False,1,9,0.00666666666666671,0.0014416107661245903,55.98094399200636
lite6_q11_mid_left,lite6,11,mid_left,220.79103452377018,277.71937178494153,0.0,56.957510067149975,1.1028523202985525,1.1397332581691444,,0.9113201610744,5,2,0,0.13777777777777778,14,0,False,0,9,,,73.87239951698575
lite6_q12_rear_left,lite6,12,rear_left,183.73330677943304,194.1073351719207,0.0,66.29716572933827,0.9177487851120532,0.7965976018458605,,1.0607546516694129,0,0,0,0.0,0,0,False,0,9,,,94.66549582700827
lite6_q12_rear_center,lite6,12,rear_center,183.73330677943304,194.1073351719207,0.0,66.29716572933827,0.9177487851120532,0.7965976018458605,,1.0607546516694129,0,0,0,0.0,0,0,False,0,9,,,91.57663711500936
lite6_q12_rear_right,lite6,12,rear_right,183.73330677943304,194.1073351719207,0.0,66.29716572933827,0.9177487851120532,0.7965976018458605,,1.0607546516694129,2,0,0,0.044444444444444446,0,0,False,0,9,,,81.20807483099634
lite6_q12_mid_left,lite6,12,mid_left,183.73330677943304,194.1073351719207,0.0,66.29716572933827,0.9177487851120532,0.7965976018458605,,1.0607546516694129,0,0,0,0.0,0,0,False,0,9,,,93.72049615101423
lite6_q13_rear_left,lite6,13,rear_left,198.40355941876766,299.3051565771635,0.0,73.1743774085771,0.9910267703235149,1.2283192169852555,,1.170790038537234,1,0,0,0.022222222222222223,0,0,False,0,9,,,82.2406368519878
lite6_q13_rear_center,lite6,13,rear_center,198.40355941876766,299.3051565771635,0.0,73.1743774085771,0.9910267703235149,1.2283192169852555,,1.170790038537234,5,3,0,0.1511111111111111,16,0,False,0,9,,,67.6872771869821
lite6_q13_rear_right,lite6,13,rear_right,198.40355941876766,299.3051565771635,0.0,73.1743774085771,0.9910267703235149,1.2283192169852555,,1.170790038537234,8,8,0,0.28444444444444444,44,5,False,0,9,0.002158955925035483,7.79375488590972e-08,58.46647699098685
lite6_q13_mid_left,lite6,13,mid_left,198.40355941876766,299.3051565771635,0.0,73.1743774085771,0.9910267703235149,1.2283192169852555,,1.170790038537234,5,2,0,0.13777777777777778,15,0,False,0,9,,,69.98118553802487
lite6_q14_rear_left,lite6,14,rear_left,210.4366214693524,200.2261323778405,0.0,50.164459331426755,1.0511319753713906,0.8217085497453809,,0.8026313493028283,0,0,0,0.0,0,0,False,0,9,,,94.46728008499485
lite6_q14_rear_center,lite6,14,rear_center,210.4366214693524,200.2261323778405,0.0,50.164459331426755,1.0511319753713906,0.8217085497453809,,0.8026313493028283,1,0,0,0.022222222222222223,0,0,False,0,9,,,89.51867436800967
lite6_q14_rear_right,lite6,14,rear_right,210.4366214693524,200.2261323778405,0.0,50.164459331426755,1.0511319753713906,0.8217085497453809,,0.8026313493028283,3,0,0,0.06666666666666667,0,0,False,0,9,,,70.54987611901015
lite6_q14_mid_left,lite6,14,mid_left,210.4366214693524,200.2261323778405,0.0,50.164459331426755,1.0511319753713906,0.8217085497453809,,0.8026313493028283,1,0,0,0.022222222222222223,0,0,False,0,9,,,89.66508171200985
lite6_q15_rear_left,lite6,15,rear_left,234.4453191965818,251.67229577716793,0.0,67.13032384868708,1.1710555404424667,1.032838594634086,,1.0740851815789938,0,0,0,0.0,0,0,False,0,9,,,88.76693987401086
lite6_q15_rear_center,lite6,15,rear_center,234.4453191965818,251.67229577716793,0.0,67.13032384868708,1.1710555404424667,1.032838594634086,,1.0740851815789938,5,1,0,0.12444444444444443,13,0,False,0,9,,,72.25223740999354
lite6_q15_rear_right,lite6,15,rear_right,234.4453191965818,251.67229577716793,0.0,67.13032384868708,1.1710555404424667,1.032838594634086,,1.0740851815789938,7,6,0,0.23555555555555555,40,4,False,0,9,0.016203009486890158,0.004014122609861115,61.14968178400886
lite6_q15_mid_left,lite6,15,mid_left,234.4453191965818,251.67229577716793,0.0,67.13032384868708,1.1710555404424667,1.032838594634086,,1.0740851815789938,5,0,0,0.1111111111111111,12,0,False,0,9,,,79.14999491698109
lite6_q16_rear_left,lite6,16,rear_left,171.60499867880716,213.45059313064587,0.0,59.62266682763582,0.8571678255684674,0.8759804489091039,,0.9539626692421734,0,0,0,0.0,0,0,False,0,9,,,94.16499136100174
lite6_q16_rear_center,lite6,16,rear_center,171.60499867880716,213.45059313064587,0.0,59.62266682763582,0.8571678255684674,0.8759804489091039,,0.9539626692421734,0,0,0,0.0,0,0,False,0,9,,,89.43932854998275
lite6_q16_rear_right,lite6,16,rear_right,171.60499867880716,213.45059313064587,0.0,59.62266682763582,0.8571678255684674,0.8759804489091039,,0.9539626692421734,3,0,0,0.06666666666666667,0,0,False,0,9,,,78.18378215297707
lite6_q16_mid_left,lite6,16,mid_left,171.60499867880716,213.45059313064587,0.0,59.62266682763582,0.8571678255684674,0.8759804489091039,,0.9539626692421734,0,0,0,0.0,0,0,False,0,9,,,92.09126670501428
unitree_z1_q00_rear_left,unitree_z1,0,rear_left,350.0,225.32864886649458,70.0,49.2,1.0,1.0,1.0,1.0,1,5,0,0.08888888888888889,13,0,True,9,9,0.00666666666666671,0.06476339648962526,64.60262871600571
unitree_z1_q00_rear_center,unitree_z1,0,rear_center,350.0,225.32864886649458,70.0,49.2,1.0,1.0,1.0,1.0,6,13,0,0.3066666666666667,21,3,True,9,9,0.00666666666666671,0.010777815469422691,64.23380593999173
unitree_z1_q00_rear_right,unitree_z1,0,rear_right,350.0,225.32864886649458,70.0,49.2,1.0,1.0,1.0,1.0,11,15,1,0.4567901234567901,27,3,False,4,9,0.00666666666666671,0.008648653924532512,67.68463635898661
unitree_z1_q00_mid_left,unitree_z1,0,mid_left,350.0,225.32864886649458,70.0,49.2,1.0,1.0,1.0,1.0,5,17,2,0.36246913580246914,21,3,True,9,9,0.00666666666666671,0.23614485442177013,62.094968142017024
unitree_z1_q01_rear_left,unitree_z1,1,rear_left,291.50234914850444,266.8973719836328,77.1335662715137,42.96430742684752,0.8328638547100127,1.1844804170541465,1.1019080895930529,0.8732582810334861,1,4,0,0.07555555555555556,12,0,True,8,9,0.00666666666666671,0.0006364687032007765,66.35344301501755
unitree_z1_q01_rear_center,unitree_z1,1,rear_center,291.50234914850444,266.8973719836328,77.1335662715137,42.96430742684752,0.8328638547100127,1.1844804170541465,1.1019080895930529,0.8732582810334861,4,10,1,0.23456790123456792,23,3,True,9,9,0.00666666666666671,0.022242327646800453,66.3706943730067
unitree_z1_q01_rear_right,unitree_z1,1,rear_right,291.50234914850444,266.8973719836328,77.1335662715137,42.96430742684752,0.8328638547100127,1.1844804170541465,1.1019080895930529,0.8732582810334861,9,12,0,0.36000000000000004,26,3,True,5,9,0.00666666666666671,0.00662147443370964,69.8835248950054
unitree_z1_q01_mid_left,unitree_z1,1,mid_left,291.50234914850444,266.8973719836328,77.1335662715137,42.96430742684752,0.8328638547100127,1.1844804170541465,1.1019080895930529,0.8732582810334861,4,16,1,0.3145679012345679,21,2,True,9,9,0.00666666666666671,0.4312064650213898,64.81123340301565
unitree_z1_q02_rear_left,unitree_z1,2,rear_left,421.75975332502276,224.81508492313714,58.948294008150704,56.03657036796212,1.2050278666429222,0.9977208226919174,0.8421184858307242,1.1389546822756529,5,14,1,0.3101234567901235,19,2,True,9,9,0.00666666666666671,0.21710297286658098,65.0620981460088
unitree_z1_q02_rear_center,unitree_z1,2,rear_center,421.75975332502276,224.81508492313714,58.948294008150704,56.03657036796212,1.2050278666429222,0.9977208226919174,0.8421184858307242,1.1389546822756529,11,17,1,0.48345679012345677,24,3,True,6,9,0.00666666666666671,3.3551461608993804e-09,63.34407080899109
unitree_z1_q02_rear_right,unitree_z1,2,rear_right,421.75975332502276,224.81508492313714,58.948294008150704,56.03657036796212,1.2050278666429222,0.9977208226919174,0.8421184858307242,1.1389546822756529,13,18,1,0.5412345679012346,27,3,False,0,9,0.04414548580963144,0.001884268274868317,65.80521832499653
unitree_z1_q02_mid_left,unitree_z1,2,mid_left,421.75975332502276,224.81508492313714,58.948294008150704,56.03657036796212,1.2050278666429222,0.9977208226919174,0.8421184858307242,1.1389546822756529,11,17,1,0.48345679012345677,23,3,True,7,9,0.00666666666666671,0.00029949209600399485,59.296481265017064
unitree_z1_q03_rear_left,unitree_z1,3,rear_left,385.23635296151036,235.05331509197725,81.08390907291324,47.98984210900962,1.100675294175744,1.043157699983567,1.1583415581844747,0.9754032948985696,2,11,0,0.19111111111111112,18,2,True,9,9,0.00666666666666671,0.22894164829918884,66.0481131580018
unitree_z1_q03_rear_center,unitree_z1,3,rear_center,385.23635296151036,235.05331509197725,81.08390907291324,47.98984210900962,1.100675294175744,1.043157699983567,1.1583415581844747,0.9754032948985696,10,16,3,0.4725925925925926,23,3,True,9,9,0.00666666666666671,0.013007813354676268,65.11667651101016
unitree_z1_q03_rear_right,unitree_z1,3,rear_right,385.23635296151036,235.05331509197725,81.08390907291324,47.98984210900962,1.100675294175744,1.043157699983567,1.1583415581844747,0.9754032948985696,12,18,1,0.5190123456790123,27,3,False,0,9,0.0565104041289925,1.2612999533700986e-10,65.06397917302093
unitree_z1_q03_mid_left,unitree_z1,3,mid_left,385.23635296151036,235.05331509197725,81.08390907291324,47.98984210900962,1.100675294175744,1.043157699983567,1.1583415581844747,0.9754032948985696,9,18,4,0.4893827160493827,22,3,True,9,9,0.00666666666666671,0.05337878779437788,59.83929981099209
unitree_z1_q04_rear_left,unitree_z1,4,rear_left,339.83152569271624,193.08083689566575,62.62856624554844,50.28956404980272,0.9709472162649035,0.8568854331970215,0.8946938035078347,1.022145610768348,0,1,0,0.013333333333333334,7,0,False,2,9,0.00666666666666671,0.022346265337378046,65.74812321798527
unitree_z1_q04_rear_center,unitree_z1,4,rear_center,339.83152569271624,193.08083689566575,62.62856624554844,50.28956404980272,0.9709472162649035,0.8568854331970215,0.8946938035078347,1.022145610768348,3,8,1,0.185679012345679,18,2,True,9,9,0.00666666666666671,0.008767975878493539,65.85205252797459
unitree_z1_q04_rear_right,unitree_z1,4,rear_right,339.83152569271624,193.08083689566575,62.62856624554844,50.28956404980272,0.9709472162649035,0.8568854331970215,0.8946938035078347,1.022145610768348,7,12,0,0.31555555555555553,26,3,False,4,9,0.00666666666666671,0.006194301609572905,70.27234922500793
unitree_z1_q04_mid_left,unitree_z1,4,mid_left,339.83152569271624,193.08083689566575,62.62856624554844,50.28956404980272,0.9709472162649035,0.8568854331970215,0.8946938035078347,1.022145610768348,2,12,0,0.20444444444444443,15,0,True,9,9,0.00666666666666671,0.24148538399867236,64.47352353300084
unitree_z1_q05_rear_left,unitree_z1,5,rear_left,314.512048009783,246.78754802005915,56.15758684929461,53.887280674651265,0.8986058514565229,1.095233780797571,0.8022512407042086,1.095269932411611,1,4,0,0.07555555555555556,12,0,True,6,9,0.00666666666666671,1.864419285624308e-09,65.46143734399811
unitree_z1_q05_rear_center,unitree_z1,5,rear_center,314.512048009783,246.78754802005915,56.15758684929461,53.887280674651265,0.8986058514565229,1.095233780797571,0.8022512407042086,1.095269932411611,4,10,1,0.23456790123456792,23,3,True,9,9,0.00666666666666671,0.002117811383653523,65.71296731100301
unitree_z1_q05_rear_right,unitree_z1,5,rear_right,314.512048009783,246.78754802005915,56.15758684929461,53.887280674651265,0.8986058514565229,1.095233780797571,0.8022512407042086,1.095269932411611,10,12,0,0.3822222222222222,26,3,False,3,9,0.00666666666666671,0.03684307743733628,68.37284662699676
unitree_z1_q05_mid_left,unitree_z1,5,mid_left,314.512048009783,246.78754802005915,56.15758684929461,53.887280674651265,0.8986058514565229,1.095233780797571,0.8022512407042086,1.095269932411611,4,16,0,0.3022222222222222,21,2,True,9,9,0.00666666666666671,0.3774541555413222,61.15142262799782
unitree_z1_q06_rear_left,unitree_z1,6,rear_left,359.91837796755135,176.20830358963383,70.24341315496714,43.91244577299803,1.0283382227644324,0.7820057701319456,1.0034773307852447,0.8925293856300414,0,1,0,0.013333333333333334,6,0,False,2,9,0.00666666666666671,2.8355409541269694e-05,66.45317466100096
unitree_z1_q06_rear_center,unitree_z1,6,rear_center,359.91837796755135,176.20830358963383,70.24341315496714,43.91244577299803,1.0283382227644324,0.7820057701319456,1.0034773307852447,0.8925293856300414,3,8,0,0.17333333333333334,18,2,True,9,9,0.00666666666666671,0.02050337280444392,65.16230295601417
unitree_z1_q06_rear_right,unitree_z1,6,rear_right,359.91837796755135,176.20830358963383,70.24341315496714,43.91244577299803,1.0283382227644324,0.7820057701319456,1.0034773307852447,0.8925293856300414,8,12,0,0.33777777777777773,26,3,True,3,9,0.00666666666666671,0.0021394456279020257,70.12471039500087
unitree_z1_q06_mid_left,unitree_z1,6,mid_left,359.91837796755135,176.20830358963383,70.24341315496714,43.91244577299803,1.0283382227644324,0.7820057701319456,1.0034773307852447,0.8925293856300414,2,12,0,0.20444444444444443,16,1,True,9,9,0.00666666666666671,0.19748459365920112,63.63681668700883
unitree_z1_q07_rear_left,unitree_z1,7,rear_left,408.7477481691166,278.440097500462,69.99987828545274,61.1833821522072,1.167850709054619,1.2357065952382982,0.9999982612207532,1.2435646778903902,8,18,4,0.46716049382716046,23,3,True,9,9,0.00666666666666671,0.20945999368545132,62.63893493899377
unitree_z1_q07_rear_center,unitree_z1,7,rear_center,408.7477481691166,278.440097500462,69.99987828545274,61.1833821522072,1.167850709054619,1.2357065952382982,0.9999982612207532,1.2435646778903902,12,19,1,0.5323456790123456,24,3,True,8,9,0.00666666666666671,0.030961096397294163,63.31548858099268
unitree_z1_q07_rear_right,unitree_z1,7,rear_right,408.7477481691166,278.440097500462,69.99987828545274,61.1833821522072,1.167850709054619,1.2357065952382982,0.9999982612207532,1.2435646778903902,14,18,1,0.5634567901234567,26,3,False,0,9,0.056657069401331236,0.0025494627199618147,63.07816229699529
unitree_z1_q07_mid_left,unitree_z1,7,mid_left,408.7477481691166,278.440097500462,69.99987828545274,61.1833821522072,1.167850709054619,1.2357065952382982,0.9999982612207532,1.2435646778903902,14,18,3,0.5881481481481482,23,3,True,9,9,0.00666666666666671,0.013896537344335158,57.95649118500296
unitree_z1_q08_rear_left,unitree_z1,8,rear_left,278.49184668157244,207.7523335467236,83.80468584597112,37.336231988668445,0.7956909905187786,0.9219969790428877,1.1972097977995872,0.7588665038347244,0,0,0,0.0,4,0,False,0,9,,,67.90843725201557
unitree_z1_q08_rear_center,unitree_z1,8,rear_center,278.49184668157244,207.7523335467236,83.80468584597112,37.336231988668445,0.7956909905187786,0.9219969790428877,1.1972097977995872,0.7588665038347244,1,4,0,0.07555555555555556,14,1,True,9,9,0.00666666666666671,0.03253269643402823,67.53945424300036
unitree_z1_q08_rear_right,unitree_z1,8,rear_right,278.49184668157244,207.7523335467236,83.80468584597112,37.336231988668445,0.7956909905187786,0.9219969790428877,1.1972097977995872,0.7588665038347244,3,6,1,0.15901234567901235,23,3,True,6,9,0.00666666666666671,0.0036466534600683165,65.61585771298269
unitree_z1_q08_mid_left,unitree_z1,8,mid_left,278.49184668157244,207.7523335467236,83.80468584597112,37.336231988668445,0.7956909905187786,0.9219969790428877,1.1972097977995872,0.7588665038347244,1,8,0,0.1288888888888889,13,0,True,9,9,0.00666666666666671,0.18904849117732203,68.24870938697131
unitree_z1_q09_rear_left,unitree_z1,9,rear_left,272.0807757461443,227.92553646263602,67.33058373443782,45.194211275316775,0.7773736449889839,1.0115248886868358,0.9618654819205403,0.9185815299861133,0,1,0,0.013333333333333334,4,0,False,0,9,,,68.50237490001018
unitree_z1_q09_rear_center,unitree_z1,9,rear_center,272.0807757461443,227.92553646263602,67.33058373443782,45.194211275316775,0.7773736449889839,1.0115248886868358,0.9618654819205403,0.9185815299861133,1,5,0,0.08888888888888889,18,2,True,9,9,0.00666666666666671,0.018150092517502436,65.59166278698831
unitree_z1_q09_rear_right,unitree_z1,9,rear_right,272.0807757461443,227.92553646263602,67.33058373443782,45.194211275316775,0.7773736449889839,1.0115248886868358,0.9618654819205403,0.9185815299861133,4,6,1,0.18123456790123457,24,3,True,5,9,0.00666666666666671,0.0019262707309628535,64.6151640760072
unitree_z1_q09_mid_left,unitree_z1,9,mid_left,272.0807757461443,227.92553646263602,67.33058373443782,45.194211275316775,0.7773736449889839,1.0115248886868358,0.9618654819205403,0.9185815299861133,1,8,0,0.1288888888888889,16,0,True,9,9,0.00666666666666671,0.2222320194344678,66.51947145801387
unitree_z1_q10_rear_left,unitree_z1,10,rear_left,402.35803953837603,185.40358437496695,86.33724495768548,53.661962845176454,1.1495943986810744,0.822814077604562,1.233389213681221,1.0906903017312288,1,8,0,0.1288888888888889,12,0,True,9,9,0.00666666666666671,0.13283662128436635,65.91897418699227
unitree_z1_q10_rear_center,unitree_z1,10,rear_center,402.35803953837603,185.40358437496695,86.33724495768548,53.661962845176454,1.1495943986810744,0.822814077604562,1.233389213681221,1.0906903017312288,6,14,1,0.33234567901234574,19,3,False,4,9,0.00666666666666671,0.001064795442833777,64.45411607500864
unitree_z1_q10_rear_right,unitree_z1,10,rear_right,402.35803953837603,185.40358437496695,86.33724495768548,53.661962845176454,1.1495943986810744,0.822814077604562,1.233389213681221,1.0906903017312288,11,16,1,0.4701234567901234,23,2,False,0,9,0.06630641968666395,0.0013820592237527851,66.13902815998881
unitree_z1_q10_mid_left,unitree_z1,10,mid_left,402.35803953837603,185.40358437496695,86.33724495768548,53.661962845176454,1.1495943986810744,0.822814077604562,1.233389213681221,1.0906903017312288,7,17,0,0.38222222222222224,18,2,False,2,9,0.00666666666666671,2.4454008151764128e-08,60.11253956099972
unitree_z1_q11_rear_left,unitree_z1,11,rear_left,366.3354544434696,259.453879439128,53.76827200409026,39.411920487508176,1.0466727269813418,1.1514464793726802,0.7681181714870036,0.8010552944615483,3,11,0,0.21333333333333335,19,0,True,9,9,0.00666666666666671,0.1811562489874703,62.76227453298634
unitree_z1_q11_rear_center,unitree_z1,11,rear_center,366.3354544434696,259.453879439128,53.76827200409026,39.411920487508176,1.0466727269813418,1.1514464793726802,0.7681181714870036,0.8010552944615483,11,16,6,0.5318518518518518,26,4,True,9,9,0.00666666666666671,0.028743925027144623,61.98955427101464
unitree_z1_q11_rear_right,unitree_z1,11,rear_right,366.3354544434696,259.453879439128,53.76827200409026,39.411920487508176,1.0466727269813418,1.1514464793726802,0.7681181714870036,0.8010552944615483,13,18,1,0.5412345679012346,27,3,True,5,9,0.00666666666666671,0.014079568181722735,66.73964327099384
unitree_z1_q11_mid_left,unitree_z1,11,mid_left,366.3354544434696,259.453879439128,53.76827200409026,39.411920487508176,1.0466727269813418,1.1514464793726802,0.7681181714870036,0.8010552944615483,10,19,6,0.5496296296296296,25,4,True,9,9,0.00666666666666671,0.26810977150504844,58.38769311600481
unitree_z1_q12_rear_left,unitree_z1,12,rear_left,320.9077621810138,217.04087665506245,72.49599256087096,58.62818971183151,0.9168793205171824,0.9632191811688244,1.0356570365838706,1.1916298721916974,0,3,0,0.04,9,0,True,6,9,0.00666666666666671,0.024176871923471843,66.59780146801495
unitree_z1_q12_rear_center,unitree_z1,12,rear_center,320.9077621810138,217.04087665506245,72.49599256087096,58.62818971183151,0.9168793205171824,0.9632191811688244,1.0356570365838706,1.1916298721916974,3,8,0,0.17333333333333334,19,2,True,8,9,0.00666666666666671,0.21223121028600245,67.48157233701204
unitree_z1_q12_rear_right,unitree_z1,12,rear_right,320.9077621810138,217.04087665506245,72.49599256087096,58.62818971183151,0.9168793205171824,0.9632191811688244,1.0356570365838706,1.1916298721916974,6,11,0,0.28,24,3,False,3,9,0.00666666666666671,0.026538768768546994,65.05997212597867
unitree_z1_q12_mid_left,unitree_z1,12,mid_left,320.9077621810138,217.04087665506245,72.49599256087096,58.62818971183151,0.9168793205171824,0.9632191811688244,1.0356570365838706,1.1916298721916974,2,13,0,0.21777777777777776,18,2,True,9,9,0.00666666666666671,0.322830957525587,64.92256990200258
unitree_z1_q13_rear_left,unitree_z1,13,rear_left,333.9164633769542,272.55782215255215,79.10261424724013,57.80521847046912,0.9540470382198691,1.2096012802794576,1.1300373463891447,1.1749028144404292,1,9,0,0.14222222222222222,18,2,True,9,9,0.00666666666666671,0.21448275040910847,64.6972282009956
unitree_z1_q13_rear_center,unitree_z1,13,rear_center,333.9164633769542,272.55782215255215,79.10261424724013,57.80521847046912,0.9540470382198691,1.2096012802794576,1.1300373463891447,1.1749028144404292,8,16,3,0.42814814814814817,23,3,True,8,9,0.00666666666666671,0.2137284158441628,64.21466042299289
unitree_z1_q13_rear_right,unitree_z1,13,rear_right,333.9164633769542,272.55782215255215,79.10261424724013,57.80521847046912,0.9540470382198691,1.2096012802794576,1.1300373463891447,1.1749028144404292,12,17,1,0.505679012345679,25,3,False,3,9,0.00666666666666671,0.028331502385547713,66.42263917601667
unitree_z1_q13_mid_left,unitree_z1,13,mid_left,333.9164633769542,272.55782215255215,79.10261424724013,57.80521847046912,0.9540470382198691,1.2096012802794576,1.1300373463891447,1.1749028144404292,8,19,5,0.4928395061728395,22,3,True,9,9,0.00666666666666671,0.27899476210266516,61.926393179019215
unitree_z1_q14_rear_left,unitree_z1,14,rear_left,379.3426529504358,202.41910272958825,64.746563131921,40.13808555286378,1.0838361512869596,0.8983283028937876,0.9249509018845856,0.8158147470094264,1,4,0,0.07555555555555556,11,0,True,9,9,0.00666666666666671,0.02018084189406144,64.16703683399828
unitree_z1_q14_rear_center,unitree_z1,14,rear_center,379.3426529504358,202.41910272958825,64.746563131921,40.13808555286378,1.0838361512869596,0.8983283028937876,0.9249509018845856,0.8158147470094264,7,14,0,0.34222222222222226,23,3,True,9,9,0.00666666666666671,0.027416670268627374,65.60091921698768
unitree_z1_q14_rear_right,unitree_z1,14,rear_right,379.3426529504358,202.41910272958825,64.746563131921,40.13808555286378,1.0838361512869596,0.8983283028937876,0.9249509018845856,0.8158147470094264,11,17,1,0.48345679012345677,27,3,True,2,9,0.00666666666666671,3.3415272771009086e-08,69.06553139101015
unitree_z1_q14_mid_left,unitree_z1,14,mid_left,379.3426529504358,202.41910272958825,64.746563131921,40.13808555286378,1.0838361512869596,0.8983283028937876,0.9249509018845856,0.8158147470094264,7,17,2,0.40691358024691365,20,3,True,9,9,0.00666666666666671,0.14329738334123188,61.78967177099548
unitree_z1_q15_rear_left,unitree_z1,15,rear_left,427.6688101002946,240.83539308306536,75.42343920096755,51.31383749563248,1.2219108860008419,1.068818342871964,1.077477702870965,1.0429641767404974,6,18,1,0.38567901234567903,21,3,True,9,9,0.00666666666666671,0.22406766505010323,63.90329527601716
unitree_z1_q15_rear_center,unitree_z1,15,rear_center,427.6688101002946,240.83539308306536,75.42343920096755,51.31383749563248,1.2219108860008419,1.068818342871964,1.077477702870965,1.0429641767404974,12,17,1,0.505679012345679,24,3,False,4,9,0.00666666666666671,3.6820051576125223e-05,61.770240639016265
unitree_z1_q15_rear_right,unitree_z1,15,rear_right,427.6688101002946,240.83539308306536,75.42343920096755,51.31383749563248,1.2219108860008419,1.068818342871964,1.077477702870965,1.0429641767404974,14,18,1,0.5634567901234567,27,3,False,0,9,0.05522547171501212,0.0018083998863960282,66.02153665799415
unitree_z1_q15_mid_left,unitree_z1,15,mid_left,427.6688101002946,240.83539308306536,75.42343920096755,51.31383749563248,1.2219108860008419,1.068818342871964,1.077477702870965,1.0429641767404974,12,17,2,0.5180246913580248,22,3,False,2,9,0.00666666666666671,7.459942441556677e-09,58.07740249999915
unitree_z1_q16_rear_left,unitree_z1,16,rear_left,297.39004361908883,170.5872945762076,60.79512313939632,47.44694943577051,0.8496858389116824,0.7570599452592432,0.868501759134233,0.9643688909709454,0,0,0,0.0,0,0,False,0,9,,,69.56824083402171
unitree_z1_q16_rear_center,unitree_z1,16,rear_center,297.39004361908883,170.5872945762076,60.79512313939632,47.44694943577051,0.8496858389116824,0.7570599452592432,0.868501759134233,0.9643688909709454,1,3,0,0.062222222222222213,9,0,True,5,9,0.00666666666666671,0.03571014620533619,65.44257546699373
unitree_z1_q16_rear_right,unitree_z1,16,rear_right,297.39004361908883,170.5872945762076,60.79512313939632,47.44694943577051,0.8496858389116824,0.7570599452592432,0.868501759134233,0.9643688909709454,3,5,0,0.13333333333333333,21,2,False,4,9,0.00666666666666671,0.01259150430600875,65.21990036999341
unitree_z1_q16_mid_left,unitree_z1,16,mid_left,297.39004361908883,170.5872945762076,60.79512313939632,47.44694943577051,0.8496858389116824,0.7570599452592432,0.868501759134233,0.9643688909709454,1,2,0,0.04888888888888889,9,0,True,8,9,0.00666666666666671,0.0006001706946769936,66.36906758102123
ur10e_q00_rear_left,ur10e,0,rear_left,628.1225994979004,570.9999999999999,134.99999999999994,119.99999999999994,1.0,1.0,1.0,1.0,0,0,0,0.0,55,0,False,0,9,-0.05,0.46432681515428964,47.697444315010216
ur10e_q00_rear_center,ur10e,0,rear_center,628.1225994979004,570.9999999999999,134.99999999999994,119.99999999999994,1.0,1.0,1.0,1.0,0,0,0,0.0,55,0,False,0,9,-0.065,0.6552464522873604,49.78757104201941
ur10e_q00_rear_right,ur10e,0,rear_right,628.1225994979004,570.9999999999999,134.99999999999994,119.99999999999994,1.0,1.0,1.0,1.0,0,0,0,0.0,46,0,False,0,9,-0.065,0.7407902499791041,49.00010770600056
ur10e_q00_mid_left,ur10e,0,mid_left,628.1225994979004,570.9999999999999,134.99999999999994,119.99999999999994,1.0,1.0,1.0,1.0,2,0,0,0.044444444444444446,57,0,False,0,9,-0.065,0.21361705450052426,50.211694569006795
ur10e_q01_rear_left,ur10e,1,rear_left,523.1406094482948,676.3383181379174,148.75759209506208,104.79099372401829,0.8328638547100127,1.1844804170541465,1.1019080895930529,0.8732582810334861,0,0,0,0.0,0,0,False,0,9,-0.065,1.0042324464458572,48.91810736298794
ur10e_q01_rear_center,ur10e,1,rear_center,523.1406094482948,676.3383181379174,148.75759209506208,104.79099372401829,0.8328638547100127,1.1844804170541465,1.1019080895930529,0.8732582810334861,0,0,0,0.0,0,0,False,0,9,-0.065,0.7959236144451194,48.715040644980036
ur10e_q01_rear_right,ur10e,1,rear_right,523.1406094482948,676.3383181379174,148.75759209506208,104.79099372401829,0.8328638547100127,1.1844804170541465,1.1019080895930529,0.8732582810334861,0,0,0,0.0,0,0,False,0,9,-0.065,0.6387905955299251,52.307501016999595
ur10e_q01_mid_left,ur10e,1,mid_left,523.1406094482948,676.3383181379174,148.75759209506208,104.79099372401829,0.8328638547100127,1.1844804170541465,1.1019080895930529,0.8732582810334861,0,0,0,0.0,0,0,False,0,9,-0.065,0.7959236144475508,55.435809000977315
ur10e_q02_rear_left,ur10e,2,rear_left,756.9052360631615,569.6985897570846,113.68599558714773,136.6745618730783,1.2050278666429222,0.9977208226919174,0.8421184858307242,1.1389546822756529,2,0,0,0.044444444444444446,52,0,False,0,9,-0.065,0.9556853089945232,42.01177362198359
ur10e_q02_rear_center,ur10e,2,rear_center,756.9052360631615,569.6985897570846,113.68599558714773,136.6745618730783,1.2050278666429222,0.9977208226919174,0.8421184858307242,1.1389546822756529,0,0,0,0.0,25,0,False,0,9,-0.065,5.961230238327175e-06,40.87936031699064
ur10e_q02_rear_right,ur10e,2,rear_right,756.9052360631615,569.6985897570846,113.68599558714773,136.6745618730783,1.2050278666429222,0.9977208226919174,0.8421184858307242,1.1389546822756529,1,0,0,0.022222222222222223,3,0,False,0,9,-0.0346745618731716,5.3907474484304885e-06,45.15616840700386
ur10e_q02_mid_left,ur10e,2,mid_left,756.9052360631615,569.6985897570846,113.68599558714773,136.6745618730783,1.2050278666429222,0.9977208226919174,0.8421184858307242,1.1389546822756529,4,0,0,0.08888888888888889,51,0,False,0,9,-0.065,0.09373946883625894,45.90485164098209
ur10e_q03_rear_left,ur10e,3,rear_left,691.3590269807845,595.6430466906166,156.37611035490403,117.0483953878283,1.100675294175744,1.043157699983567,1.1583415581844747,0.9754032948985696,0,0,0,0.0,0,0,False,0,9,-0.05,0.4519293616657878,50.24951084901113
ur10e_q03_rear_center,ur10e,3,rear_center,691.3590269807845,595.6430466906166,156.37611035490403,117.0483953878283,1.100675294175744,1.043157699983567,1.1583415581844747,0.9754032948985696,0,0,0,0.0,22,0,False,0,9,-0.065,0.7913201328981216,47.41054885601625
ur10e_q03_rear_right,ur10e,3,rear_right,691.3590269807845,595.6430466906166,156.37611035490403,117.0483953878283,1.100675294175744,1.043157699983567,1.1583415581844747,0.9754032948985696,0,0,0,0.0,34,0,False,0,9,-0.065,0.6735136800711969,46.616490529995644
ur10e_q03_mid_left,ur10e,3,mid_left,691.3590269807845,595.6430466906166,156.37611035490403,117.0483953878283,1.100675294175744,1.043157699983567,1.1583415581844747,0.9754032948985696,2,0,0,0.044444444444444446,22,0,False,0,9,-0.065,0.18710403920064955,54.74754903500434
ur10e_q04_rear_left,ur10e,4,rear_left,609.8738894555613,489.2815823554991,120.78366347355764,122.6574732922017,0.9709472162649035,0.8568854331970215,0.8946938035078347,1.022145610768348,2,2,0,0.07111111111111111,55,0,False,0,9,-0.020657473292310338,6.432802659439574e-06,46.40193861897569
ur10e_q04_rear_center,ur10e,4,rear_center,609.8738894555613,489.2815823554991,120.78366347355764,122.6574732922017,0.9709472162649035,0.8568854331970215,0.8946938035078347,1.022145610768348,1,1,0,0.035555555555555556,55,0,False,0,9,-0.02065747329222596,7.680142121380129e-06,46.62980364399846
ur10e_q04_rear_right,ur10e,4,rear_right,609.8738894555613,489.2815823554991,120.78366347355764,122.6574732922017,0.9709472162649035,0.8568854331970215,0.8946938035078347,1.022145610768348,0,0,0,0.0,18,0,False,0,9,-0.0206574732922062,1.1721952633436672e-05,44.96463971398771
ur10e_q04_mid_left,ur10e,4,mid_left,609.8738894555613,489.2815823554991,120.78366347355764,122.6574732922017,0.9709472162649035,0.8568854331970215,0.8946938035078347,1.022145610768348,3,1,0,0.08,60,0,False,0,9,-0.020657473292384945,5.508961761435671e-06,48.52632678899681
ur10e_q05_rear_left,ur10e,5,rear_left,564.4346433408954,625.3784888354128,108.30391749506812,131.43239188939327,0.8986058514565229,1.095233780797571,0.8022512407042086,1.095269932411611,0,0,0,0.0,0,0,False,0,9,-0.06151599729078126,1.0767941355540391,48.2841964920226
ur10e_q05_rear_center,ur10e,5,rear_center,564.4346433408954,625.3784888354128,108.30391749506812,131.43239188939327,0.8986058514565229,1.095233780797571,0.8022512407042086,1.095269932411611,0,0,0,0.0,0,0,False,0,9,-0.06049418340713536,0.879638745271452,50.257972299994435
ur10e_q05_rear_right,ur10e,5,rear_right,564.4346433408954,625.3784888354128,108.30391749506812,131.43239188939327,0.8986058514565229,1.095233780797571,0.8022512407042086,1.095269932411611,0,0,0,0.0,0,0,False,0,9,-0.06122691290638284,0.7445502595796052,50.185073772008764
ur10e_q05_mid_left,ur10e,5,mid_left,564.4346433408954,625.3784888354128,108.30391749506812,131.43239188939327,0.8986058514565229,1.095233780797571,0.8022512407042086,1.095269932411611,0,0,0,0.0,0,0,False,0,9,-0.065,0.8885185860138822,91.51392038399354
ur10e_q06_rear_left,ur10e,6,rear_left,645.9224776458464,446.52529474534083,135.469439656008,107.1035262756049,1.0283382227644324,0.7820057701319456,1.0034773307852447,0.8925293856300414,4,4,1,0.1545679012345679,53,0,False,0,9,-0.005103526275691828,6.57176874430121e-06,41.819303921976825
ur10e_q06_rear_center,ur10e,6,rear_center,645.9224776458464,446.52529474534083,135.469439656008,107.1035262756049,1.0283382227644324,0.7820057701319456,1.0034773307852447,0.8925293856300414,2,2,0,0.07111111111111111,50,0,False,0,9,-0.005103526275641479,7.712774047874404e-06,45.344656645989744
ur10e_q06_rear_right,ur10e,6,rear_right,645.9224776458464,446.52529474534083,135.469439656008,107.1035262756049,1.0283382227644324,0.7820057701319456,1.0034773307852447,0.8925293856300414,2,4,0,0.09777777777777778,10,0,False,0,9,-0.005103526275622161,6.672901056603564e-06,44.904175067000324
ur10e_q06_mid_left,ur10e,6,mid_left,645.9224776458464,446.52529474534083,135.469439656008,107.1035262756049,1.0283382227644324,0.7820057701319456,1.0034773307852447,0.8925293856300414,5,3,0,0.1511111111111111,35,0,False,0,9,-0.005103526275752904,6.963304121754277e-06,40.678703804005636
ur10e_q07_rear_left,ur10e,7,rear_left,733.5534231968535,705.588465881068,134.99976526480165,149.22776134684673,1.167850709054619,1.2357065952382982,0.9999982612207532,1.2435646778903902,0,0,0,0.0,0,0,False,0,9,-0.05018510146577844,0.8915221660672121,53.84570272898418
ur10e_q07_rear_center,ur10e,7,rear_center,733.5534231968535,705.588465881068,134.99976526480165,149.22776134684673,1.167850709054619,1.2357065952382982,0.9999982612207532,1.2435646778903902,0,0,0,0.0,0,0,False,0,9,-0.065,0.7383543350786832,53.402008219010895
ur10e_q07_rear_right,ur10e,7,rear_right,733.5534231968535,705.588465881068,134.99976526480165,149.22776134684673,1.167850709054619,1.2357065952382982,0.9999982612207532,1.2435646778903902,0,0,0,0.0,0,0,False,0,9,-0.065,0.6327831143748432,52.714714617002755
ur10e_q07_mid_left,ur10e,7,mid_left,733.5534231968535,705.588465881068,134.99976526480165,149.22776134684673,1.167850709054619,1.2357065952382982,0.9999982612207532,1.2435646778903902,0,0,0,0.0,0,0,False,0,9,-0.065,0.7462202513742779,64.95503847999498
ur10e_q08_rear_left,ur10e,8,rear_left,499.7914933617144,526.4602750334886,161.62332270294422,91.06398046016687,0.7956909905187786,0.9219969790428877,1.1972097977995872,0.7588665038347244,0,1,0,0.013333333333333334,55,0,False,0,9,-0.0007973137926198942,6.039351491793354e-06,44.50637067697244
ur10e_q08_rear_center,ur10e,8,rear_center,499.7914933617144,526.4602750334886,161.62332270294422,91.06398046016687,0.7956909905187786,0.9219969790428877,1.1972097977995872,0.7588665038347244,0,0,0,0.0,55,0,False,0,9,0.010936019539790176,6.075052301213191e-06,43.485994763992494
ur10e_q08_rear_right,ur10e,8,rear_right,499.7914933617144,526.4602750334886,161.62332270294422,91.06398046016687,0.7956909905187786,0.9219969790428877,1.1972097977995872,0.7588665038347244,0,0,0,0.0,57,0,False,0,9,0.0109360195397291,8.849333003269066e-06,43.574592674995074
ur10e_q08_mid_left,ur10e,8,mid_left,499.7914933617144,526.4602750334886,161.62332270294422,91.06398046016687,0.7956909905187786,0.9219969790428877,1.1972097977995872,0.7588665038347244,0,0,0,0.0,55,0,False,0,9,0.01093601953869365,5.81068340288482e-06,48.79686066901195
ur10e_q09_rear_left,ur10e,9,rear_left,488.2859546716385,577.5807114401831,129.8518400592729,110.22978359833354,0.7773736449889839,1.0115248886868358,0.9618654819205403,0.9185815299861133,0,0,0,0.0,54,0,False,0,9,-0.00822978359849337,4.692838462716509e-06,43.689414404012496
ur10e_q09_rear_center,ur10e,9,rear_center,488.2859546716385,577.5807114401831,129.8518400592729,110.22978359833354,0.7773736449889839,1.0115248886868358,0.9618654819205403,0.9185815299861133,0,0,0,0.0,11,0,False,0,9,-0.00822978359842165,6.3277700244057655e-06,48.1609427939984
ur10e_q09_rear_right,ur10e,9,rear_right,488.2859546716385,577.5807114401831,129.8518400592729,110.22978359833354,0.7773736449889839,1.0115248886868358,0.9618654819205403,0.9185815299861133,0,0,0,0.0,0,0,False,0,9,-0.065,0.7663944340239164,46.20479877802427
ur10e_q09_mid_left,ur10e,9,mid_left,488.2859546716385,577.5807114401831,129.8518400592729,110.22978359833354,0.7773736449889839,1.0115248886868358,0.9618654819205403,0.9185815299861133,0,0,0,0.0,31,0,False,0,9,-0.008229783598546717,5.5386001678314756e-06,52.63130962202558
ur10e_q10_rear_left,ur10e,10,rear_left,722.0862220677822,469.8268383122048,166.50754384696478,130.8828362077474,1.1495943986810744,0.822814077604562,1.233389213681221,1.0906903017312288,3,3,0,0.10666666666666667,46,0,False,0,9,-0.028882836207822796,6.230058446909936e-06,41.837139542010846
ur10e_q10_rear_center,ur10e,10,rear_center,722.0862220677822,469.8268383122048,166.50754384696478,130.8828362077474,1.1495943986810744,0.822814077604562,1.233389213681221,1.0906903017312288,2,3,0,0.08444444444444443,33,0,False,0,9,-0.02888283620779404,7.70903061653172e-06,44.199776394991204
ur10e_q10_rear_right,ur10e,10,rear_right,722.0862220677822,469.8268383122048,166.50754384696478,130.8828362077474,1.1495943986810744,0.822814077604562,1.233389213681221,1.0906903017312288,4,4,1,0.1545679012345679,4,0,False,0,9,-0.02888283620774823,7.887279783957979e-06,42.95343922000029
ur10e_q10_mid_left,ur10e,10,mid_left,722.0862220677822,469.8268383122048,166.50754384696478,130.8828362077474,1.1495943986810744,0.822814077604562,1.233389213681221,1.0906903017312288,3,2,0,0.09333333333333334,58,0,False,0,9,-0.02888283620794485,6.618102828426231e-06,45.64649075100897
ur10e_q11_rear_left,ur10e,11,rear_left,657.4387940950767,657.4759397218002,103.69595315074545,96.12663533538574,1.0466727269813418,1.1514464793726802,0.7681181714870036,0.8010552944615483,0,0,0,0.0,0,0,False,0,9,-0.0608252963143737,0.9712145068691798,52.25288404899766
ur10e_q11_rear_center,ur10e,11,rear_center,657.4387940950767,657.4759397218002,103.69595315074545,96.12663533538574,1.0466727269813418,1.1514464793726802,0.7681181714870036,0.8010552944615483,0,0,0,0.0,0,0,False,0,9,-0.05828052365788895,0.7987114208919093,51.96388758899411
ur10e_q11_rear_right,ur10e,11,rear_right,657.4387940950767,657.4759397218002,103.69595315074545,96.12663533538574,1.0466727269813418,1.1514464793726802,0.7681181714870036,0.8010552944615483,0,0,0,0.0,0,0,False,0,9,-0.065,0.6799114947823752,50.97810827801004
ur10e_q11_mid_left,ur10e,11,mid_left,657.4387940950767,657.4759397218002,103.69595315074545,96.12663533538574,1.0466727269813418,1.1514464793726802,0.7681181714870036,0.8010552944615483,0,0,0,0.0,0,0,False,0,9,-0.065,0.8044200583034438,55.74069732998032
ur10e_q12_rear_left,ur10e,12,rear_left,575.9126222291212,549.9981524473985,139.81369993882248,142.9955846630036,0.9168793205171824,0.9632191811688244,1.0356570365838706,1.1916298721916974,1,0,0,0.022222222222222223,54,0,False,0,9,-0.03327827234628177,0.4818920249611418,44.62356421700679
ur10e_q12_rear_center,ur10e,12,rear_center,575.9126222291212,549.9981524473985,139.81369993882248,142.9955846630036,0.9168793205171824,0.9632191811688244,1.0356570365838706,1.1916298721916974,0,0,0,0.0,55,0,False,0,9,-0.0409955846630355,6.9817819090545186e-06,45.15919538401067
ur10e_q12_rear_right,ur10e,12,rear_right,575.9126222291212,549.9981524473985,139.81369993882248,142.9955846630036,0.9168793205171824,0.9632191811688244,1.0356570365838706,1.1916298721916974,0,1,1,0.025679012345679014,13,0,False,0,9,-0.04099558466320431,8.072233169009735e-06,47.826682478014845
ur10e_q12_mid_left,ur10e,12,mid_left,575.9126222291212,549.9981524473985,139.81369993882248,142.9955846630036,0.9168793205171824,0.9632191811688244,1.0356570365838706,1.1916298721916974,2,0,0,0.044444444444444446,56,0,False,0,9,-0.040995584663231235,5.615906314204722e-06,48.691945526981726
ur10e_q13_rear_left,ur10e,13,rear_left,599.2585056899369,690.6823310395702,152.55504176253447,140.98833773285145,0.9540470382198691,1.2096012802794576,1.1300373463891447,1.1749028144404292,0,0,0,0.0,0,0,False,0,9,-0.065,0.969709195426494,49.41348284101696
ur10e_q13_rear_center,ur10e,13,rear_center,599.2585056899369,690.6823310395702,152.55504176253447,140.98833773285145,0.9540470382198691,1.2096012802794576,1.1300373463891447,1.1749028144404292,0,0,0,0.0,0,0,False,0,9,-0.065,0.7886767048712695,50.71424895297969
ur10e_q13_rear_right,ur10e,13,rear_right,599.2585056899369,690.6823310395702,152.55504176253447,140.98833773285145,0.9540470382198691,1.2096012802794576,1.1300373463891447,1.1749028144404292,0,0,0,0.0,0,0,False,0,9,-0.065,0.6627070809630622,51.56202749500517
ur10e_q13_mid_left,ur10e,13,mid_left,599.2585056899369,690.6823310395702,152.55504176253447,140.98833773285145,0.9540470382198691,1.2096012802794576,1.1300373463891447,1.1749028144404292,0,0,0,0.0,0,0,False,0,9,-0.065,0.7886767048777323,57.09818430800806
ur10e_q14_rear_left,ur10e,14,rear_left,680.7819807761647,512.9454609523526,124.86837175441902,97.89776964113112,1.0838361512869596,0.8983283028937876,0.9249509018845856,0.8158147470094264,3,1,0,0.08,55,0,False,0,9,-0.047149039195686165,5.695945553441106e-06,41.95357704197522
ur10e_q14_rear_center,ur10e,14,rear_center,680.7819807761647,512.9454609523526,124.86837175441902,97.89776964113112,1.0838361512869596,0.8983283028937876,0.9249509018845856,0.8158147470094264,1,0,0,0.022222222222222223,53,0,False,0,9,0.004102230358011091,5.9565428927044195e-06,43.25424178299727
ur10e_q14_rear_right,ur10e,14,rear_right,680.7819807761647,512.9454609523526,124.86837175441902,97.89776964113112,1.0838361512869596,0.8983283028937876,0.9249509018845856,0.8158147470094264,0,0,0,0.0,19,0,False,0,9,0.004102230358725964,5.3350957882614125e-06,43.31974770699162
ur10e_q14_mid_left,ur10e,14,mid_left,680.7819807761647,512.9454609523526,124.86837175441902,97.89776964113112,1.0838361512869596,0.8983283028937876,0.9249509018845856,0.8158147470094264,3,1,0,0.08,60,0,False,0,9,0.004102230358399558,5.755699742593379e-06,46.078943997999886
ur10e_q15_rear_left,ur10e,15,rear_left,767.5098420696314,610.2952737798912,145.45948988758022,125.15570120885963,1.2219108860008419,1.068818342871964,1.077477702870965,1.0429641767404974,2,0,0,0.044444444444444446,0,0,False,0,9,-0.065,0.9047343866706696,46.34997551498236
ur10e_q15_rear_center,ur10e,15,rear_center,767.5098420696314,610.2952737798912,145.45948988758022,125.15570120885963,1.2219108860008419,1.068818342871964,1.077477702870965,1.0429641767404974,2,0,0,0.044444444444444446,44,0,False,0,9,-0.065,0.7436441861991532,45.955708209978184
ur10e_q15_rear_right,ur10e,15,rear_right,767.5098420696314,610.2952737798912,145.45948988758022,125.15570120885963,1.2219108860008419,1.068818342871964,1.077477702870965,1.0429641767404974,0,0,0,0.0,14,0,False,0,9,-0.065,0.6269370861253658,43.44213589798892
ur10e_q15_mid_left,ur10e,15,mid_left,767.5098420696314,610.2952737798912,145.45948988758022,125.15570120885963,1.2219108860008419,1.068818342871964,1.077477702870965,1.0429641767404974,4,1,0,0.10222222222222221,36,0,False,0,9,-0.065,0.7436441861990732,53.9213836560084
ur10e_q16_rear_left,ur10e,16,rear_left,533.7068778937602,432.2812287430278,117.24773748312141,115.72426691651339,0.8496858389116824,0.7570599452592432,0.868501759134233,0.9643688909709454,7,13,5,0.3906172839506173,53,0,False,0,9,-0.013724266916630826,5.896591682486019e-06,47.09282457397785
ur10e_q16_rear_center,ur10e,16,rear_center,533.7068778937602,432.2812287430278,117.24773748312141,115.72426691651339,0.8496858389116824,0.7570599452592432,0.868501759134233,0.9643688909709454,4,6,2,0.19358024691358025,52,0,False,0,9,-0.013724266916513475,0.5948076122991832,46.660138762992574
ur10e_q16_rear_right,ur10e,16,rear_right,533.7068778937602,432.2812287430278,117.24773748312141,115.72426691651339,0.8496858389116824,0.7570599452592432,0.868501759134233,0.9643688909709454,3,4,1,0.1323456790123457,35,0,False,0,9,-0.013724266916513364,0.605212239862075,46.91352260802523
ur10e_q16_mid_left,ur10e,16,mid_left,533.7068778937602,432.2812287430278,117.24773748312141,115.72426691651339,0.8496858389116824,0.7570599452592432,0.868501759134233,0.9643688909709454,4,6,2,0.19358024691358025,60,0,False,0,9,-0.013724266916818897,5.63237399209271e-06,48.01435349998064
widowx250_q00_rear_left,widowx250,0,rear_left,254.90206452675113,175.0,75.00000000000001,65.0,1.0,1.0,1.0,1.0,0,0,0,0.0,2,0,False,0,9,,,83.28878935100511
widowx250_q00_rear_center,widowx250,0,rear_center,254.90206452675113,175.0,75.00000000000001,65.0,1.0,1.0,1.0,1.0,4,4,0,0.14222222222222222,25,0,False,4,9,0.00666666666666671,0.606353273904999,66.21318096699542
widowx250_q00_rear_right,widowx250,0,rear_right,254.90206452675113,175.0,75.00000000000001,65.0,1.0,1.0,1.0,1.0,8,11,2,0.3491358024691358,44,5,True,9,9,0.00666666666666671,0.5003522306542858,63.846010945009766
widowx250_q00_mid_left,widowx250,0,mid_left,254.90206452675113,175.0,75.00000000000001,65.0,1.0,1.0,1.0,1.0,2,5,0,0.11111111111111112,19,0,True,6,9,0.00666666666666671,0.05362425122978243,74.37988450197736
widowx250_q01_rear_left,widowx250,1,rear_left,212.2987160352903,207.2840729844756,82.64310671947896,56.7617882671766,0.8328638547100127,1.1844804170541465,1.1019080895930529,0.8732582810334861,0,0,0,0.0,1,0,False,0,9,,,81.59292798099341
widowx250_q01_rear_center,widowx250,1,rear_center,212.2987160352903,207.2840729844756,82.64310671947896,56.7617882671766,0.8328638547100127,1.1844804170541465,1.1019080895930529,0.8732582810334861,4,3,0,0.1288888888888889,25,0,False,2,9,0.00666666666666671,0.784943043870628,66.18513474002248
widowx250_q01_rear_right,widowx250,1,rear_right,212.2987160352903,207.2840729844756,82.64310671947896,56.7617882671766,0.8328638547100127,1.1844804170541465,1.1019080895930529,0.8732582810334861,8,11,2,0.3491358024691358,46,6,True,9,9,0.00666666666666671,0.5167140392117935,63.27964867898845
widowx250_q01_mid_left,widowx250,1,mid_left,212.2987160352903,207.2840729844756,82.64310671947896,56.7617882671766,0.8328638547100127,1.1844804170541465,1.1019080895930529,0.8732582810334861,2,5,0,0.11111111111111112,20,0,True,4,9,0.00666666666666671,0.07434187525120306,72.74801573800505
widowx250_q02_rear_left,widowx250,2,rear_left,307.1640910195474,174.60114397108552,63.15888643730433,74.03205434791745,1.2050278666429222,0.9977208226919174,0.8421184858307242,1.1389546822756529,1,1,0,0.035555555555555556,11,0,False,0,9,,,72.11468332601362
widowx250_q02_rear_center,widowx250,2,rear_center,307.1640910195474,174.60114397108552,63.15888643730433,74.03205434791745,1.2050278666429222,0.9977208226919174,0.8421184858307242,1.1389546822756529,6,9,1,0.265679012345679,36,3,True,9,9,0.00666666666666671,0.32699412964538643,61.99021190399071
widowx250_q02_rear_right,widowx250,2,rear_right,307.1640910195474,174.60114397108552,63.15888643730433,74.03205434791745,1.2050278666429222,0.9977208226919174,0.8421184858307242,1.1389546822756529,10,17,4,0.4982716049382716,41,5,True,9,9,0.00666666666666671,0.4552043691441239,61.77326924499357
widowx250_q02_mid_left,widowx250,2,mid_left,307.1640910195474,174.60114397108552,63.15888643730433,74.03205434791745,1.2050278666429222,0.9977208226919174,0.8421184858307242,1.1389546822756529,5,12,1,0.28345679012345676,26,0,True,9,9,0.00666666666666671,0.030077331250934147,65.04360221899697
widowx250_q03_rear_left,widowx250,3,rear_left,280.56440485898634,182.55259749712422,86.87561686383562,63.40121416840702,1.100675294175744,1.043157699983567,1.1583415581844747,0.9754032948985696,1,1,0,0.035555555555555556,10,0,False,0,9,,,76.09459073698963
widowx250_q03_rear_center,widowx250,3,rear_center,280.56440485898634,182.55259749712422,86.87561686383562,63.40121416840702,1.100675294175744,1.043157699983567,1.1583415581844747,0.9754032948985696,6,10,2,0.291358024691358,38,3,True,9,9,0.00666666666666671,0.3865379303562988,62.89396285102703
widowx250_q03_rear_right,widowx250,3,rear_right,280.56440485898634,182.55259749712422,86.87561686383562,63.40121416840702,1.100675294175744,1.043157699983567,1.1583415581844747,0.9754032948985696,10,17,4,0.4982716049382716,45,5,True,9,9,0.00666666666666671,0.5079761931849474,67.03744186699623
widowx250_q03_mid_left,widowx250,3,mid_left,280.56440485898634,182.55259749712422,86.87561686383562,63.40121416840702,1.100675294175744,1.043157699983567,1.1583415581844747,0.9754032948985696,5,13,1,0.2967901234567901,26,0,True,9,9,0.00666666666666671,0.0363475970794771,69.75116985899513
widowx250_q04_rear_left,widowx250,4,rear_left,247.4964499724258,149.95495080947873,67.10203526308761,66.43946469994262,0.9709472162649035,0.8568854331970215,0.8946938035078347,1.022145610768348,0,0,0,0.0,0,0,False,0,9,,,90.06487476499751
widowx250_q04_rear_center,widowx250,4,rear_center,247.4964499724258,149.95495080947873,67.10203526308761,66.43946469994262,0.9709472162649035,0.8568854331970215,0.8946938035078347,1.022145610768348,1,1,0,0.035555555555555556,11,0,False,0,9,,,76.06070702400757
widowx250_q04_rear_right,widowx250,4,rear_right,247.4964499724258,149.95495080947873,67.10203526308761,66.43946469994262,0.9709472162649035,0.8568854331970215,0.8946938035078347,1.022145610768348,5,5,1,0.19012345679012346,40,4,True,5,9,0.00666666666666671,0.6916691663316539,68.37099218499498
widowx250_q04_mid_left,widowx250,4,mid_left,247.4964499724258,149.95495080947873,67.10203526308761,66.43946469994262,0.9709472162649035,0.8568854331970215,0.8946938035078347,1.022145610768348,1,1,0,0.035555555555555556,11,0,False,0,9,,,80.2348982449912
widowx250_q05_rear_left,widowx250,5,rear_left,229.05648673208677,191.66591163957492,60.16884305281565,71.19254560675472,0.8986058514565229,1.095233780797571,0.8022512407042086,1.095269932411611,0,0,0,0.0,0,0,False,0,9,,,82.68109070099308
widowx250_q05_rear_center,widowx250,5,rear_center,229.05648673208677,191.66591163957492,60.16884305281565,71.19254560675472,0.8986058514565229,1.095233780797571,0.8022512407042086,1.095269932411611,1,3,0,0.062222222222222213,17,0,False,0,9,,,69.52190541001619
widowx250_q05_rear_right,widowx250,5,rear_right,229.05648673208677,191.66591163957492,60.16884305281565,71.19254560675472,0.8986058514565229,1.095233780797571,0.8022512407042086,1.095269932411611,7,8,1,0.2745679012345679,42,5,True,8,9,0.00666666666666671,0.4858641196855178,62.27352232800331
widowx250_q05_mid_left,widowx250,5,mid_left,229.05648673208677,191.66591163957492,60.16884305281565,71.19254560675472,0.8986058514565229,1.095233780797571,0.8022512407042086,1.095269932411611,1,1,0,0.035555555555555556,16,0,False,1,9,0.00666666666666671,0.07594179703556048,75.39570101400022
widowx250_q06_rear_left,widowx250,6,rear_left,262.125536014424,136.85100977309048,75.26079980889335,58.01441006595269,1.0283382227644324,0.7820057701319456,1.0034773307852447,0.8925293856300414,0,0,0,0.0,0,0,False,0,9,,,82.05754745699232
widowx250_q06_rear_center,widowx250,6,rear_center,262.125536014424,136.85100977309048,75.26079980889335,58.01441006595269,1.0283382227644324,0.7820057701319456,1.0034773307852447,0.8925293856300414,1,2,0,0.04888888888888889,14,0,False,0,9,,,69.04365662598866
widowx250_q06_rear_right,widowx250,6,rear_right,262.125536014424,136.85100977309048,75.26079980889335,58.01441006595269,1.0283382227644324,0.7820057701319456,1.0034773307852447,0.8925293856300414,7,8,1,0.2745679012345679,42,4,True,6,9,0.00666666666666671,0.7065457266394652,65.86877975001698
widowx250_q06_mid_left,widowx250,6,mid_left,262.125536014424,136.85100977309048,75.26079980889335,58.01441006595269,1.0283382227644324,0.7820057701319456,1.0034773307852447,0.8925293856300414,1,1,0,0.035555555555555556,13,0,False,1,9,0.00666666666666671,0.3907201917673886,76.22485577198677
widowx250_q07_rear_left,widowx250,7,rear_left,297.68755679705254,216.24865416670215,74.99986959155649,80.83170406287536,1.167850709054619,1.2357065952382982,0.9999982612207532,1.2435646778903902,1,4,0,0.07555555555555556,20,0,True,6,9,0.00666666666666671,0.0966501447310022,74.172474994004
widowx250_q07_rear_center,widowx250,7,rear_center,297.68755679705254,216.24865416670215,74.99986959155649,80.83170406287536,1.167850709054619,1.2357065952382982,0.9999982612207532,1.2435646778903902,9,14,2,0.411358024691358,42,6,True,9,9,0.00666666666666671,0.29402147942568524,61.68191704698256
widowx250_q07_rear_right,widowx250,7,rear_right,297.68755679705254,216.24865416670215,74.99986959155649,80.83170406287536,1.167850709054619,1.2357065952382982,0.9999982612207532,1.2435646778903902,11,21,6,0.5985185185185186,43,5,True,9,9,0.00666666666666671,0.47179878026463395,62.073740071005886
widowx250_q07_mid_left,widowx250,7,mid_left,297.68755679705254,216.24865416670215,74.99986959155649,80.83170406287536,1.167850709054619,1.2357065952382982,0.9999982612207532,1.2435646778903902,9,18,3,0.477037037037037,35,4,True,9,9,0.00666666666666671,0.02691572049919122,61.470885917020496
widowx250_q08_rear_left,widowx250,8,rear_left,202.82327620857222,161.34947133250532,89.79073483496906,49.326322749257095,0.7956909905187786,0.9219969790428877,1.1972097977995872,0.7588665038347244,0,0,0,0.0,0,0,False,0,9,,,84.57831846398767
widowx250_q08_rear_center,widowx250,8,rear_center,202.82327620857222,161.34947133250532,89.79073483496906,49.326322749257095,0.7956909905187786,0.9219969790428877,1.1972097977995872,0.7588665038347244,1,1,0,0.035555555555555556,9,0,False,0,9,,,72.46636384399608
widowx250_q08_rear_right,widowx250,8,rear_right,202.82327620857222,161.34947133250532,89.79073483496906,49.326322749257095,0.7956909905187786,0.9219969790428877,1.1972097977995872,0.7588665038347244,5,4,1,0.17679012345679013,38,2,False,3,9,0.00666666666666671,0.7984195647413752,64.6034861439839
widowx250_q08_mid_left,widowx250,8,mid_left,202.82327620857222,161.34947133250532,89.79073483496906,49.326322749257095,0.7956909905187786,0.9219969790428877,1.1972097977995872,0.7588665038347244,1,0,0,0.022222222222222223,8,0,False,0,9,,,77.3083326620108
widowx250_q09_rear_left,widowx250,9,rear_left,198.1541470163777,177.01685552019626,72.13991114404052,59.70779944909737,0.7773736449889839,1.0115248886868358,0.9618654819205403,0.9185815299861133,0,0,0,0.0,0,0,False,0,9,,,85.23497832499561
widowx250_q09_rear_center,widowx250,9,rear_center,198.1541470163777,177.01685552019626,72.13991114404052,59.70779944909737,0.7773736449889839,1.0115248886868358,0.9618654819205403,0.9185815299861133,1,1,0,0.035555555555555556,7,0,False,0,9,,,74.66495779398247
widowx250_q09_rear_right,widowx250,9,rear_right,198.1541470163777,177.01685552019626,72.13991114404052,59.70779944909737,0.7773736449889839,1.0115248886868358,0.9618654819205403,0.9185815299861133,4,4,1,0.1545679012345679,35,2,False,1,9,0.00666666666666671,0.7821278231808131,66.02812714999891
widowx250_q09_mid_left,widowx250,9,mid_left,198.1541470163777,177.01685552019626,72.13991114404052,59.70779944909737,0.7773736449889839,1.0115248886868358,0.9618654819205403,0.9185815299861133,0,0,0,0.0,8,0,False,0,9,,,78.26307192601962
widowx250_q10_rear_left,widowx250,10,rear_left,293.0339855921949,143.99246358079833,92.50419102609159,70.89486961252987,1.1495943986810744,0.822814077604562,1.233389213681221,1.0906903017312288,0,1,0,0.013333333333333334,8,0,False,0,9,,,76.30053527699783
widowx250_q10_rear_center,widowx250,10,rear_center,293.0339855921949,143.99246358079833,92.50419102609159,70.89486961252987,1.1495943986810744,0.822814077604562,1.233389213681221,1.0906903017312288,5,8,0,0.21777777777777776,31,1,True,8,9,0.00666666666666671,0.38869602199859754,69.50228257800336
widowx250_q10_rear_right,widowx250,10,rear_right,293.0339855921949,143.99246358079833,92.50419102609159,70.89486961252987,1.1495943986810744,0.822814077604562,1.233389213681221,1.0906903017312288,10,13,4,0.4449382716049383,43,5,True,9,9,0.00666666666666671,0.49235513426807587,67.67936676100362
widowx250_q10_mid_left,widowx250,10,mid_left,293.0339855921949,143.99246358079833,92.50419102609159,70.89486961252987,1.1495943986810744,0.822814077604562,1.233389213681221,1.0906903017312288,3,9,0,0.18666666666666668,22,0,True,9,9,0.00666666666666671,0.03538044593768097,72.87092100002337
widowx250_q11_rear_left,widowx250,11,rear_left,266.79903899138856,201.503133890219,57.60886286152528,52.06859414000065,1.0466727269813418,1.1514464793726802,0.7681181714870036,0.8010552944615483,0,1,0,0.013333333333333334,4,0,False,0,9,,,87.64883783998084
widowx250_q11_rear_center,widowx250,11,rear_center,266.79903899138856,201.503133890219,57.60886286152528,52.06859414000065,1.0466727269813418,1.1514464793726802,0.7681181714870036,0.8010552944615483,4,6,0,0.16888888888888887,27,0,True,6,9,0.00666666666666671,0.5319702555055335,70.26238298299722
widowx250_q11_rear_right,widowx250,11,rear_right,266.79903899138856,201.503133890219,57.60886286152528,52.06859414000065,1.0466727269813418,1.1514464793726802,0.7681181714870036,0.8010552944615483,10,13,2,0.4202469135802469,38,5,True,9,9,0.00666666666666671,0.5284016809995951,62.398454342997866
widowx250_q11_mid_left,widowx250,11,mid_left,266.79903899138856,201.503133890219,57.60886286152528,52.06859414000065,1.0466727269813418,1.1514464793726802,0.7681181714870036,0.8010552944615483,3,9,0,0.18666666666666668,21,0,True,8,9,0.00666666666666671,0.04802328284543478,71.63837255301769
widowx250_q12_rear_left,widowx250,12,rear_left,233.71443172171456,168.56335670454425,77.67427774379031,77.45594169246033,0.9168793205171824,0.9632191811688244,1.0356570365838706,1.1916298721916974,0,0,0,0.0,0,0,False,0,9,,,80.61428216798231
widowx250_q12_rear_center,widowx250,12,rear_center,233.71443172171456,168.56335670454425,77.67427774379031,77.45594169246033,0.9168793205171824,0.9632191811688244,1.0356570365838706,1.1916298721916974,1,3,0,0.062222222222222213,17,0,False,1,9,0.00666666666666671,0.7763574508278592,68.7753424780094
widowx250_q12_rear_right,widowx250,12,rear_right,233.71443172171456,168.56335670454425,77.67427774379031,77.45594169246033,0.9168793205171824,0.9632191811688244,1.0356570365838706,1.1916298721916974,6,8,1,0.25234567901234567,42,5,True,8,9,0.00666666666666671,0.47275942769077406,60.933950147998985
widowx250_q12_mid_left,widowx250,12,mid_left,233.71443172171456,168.56335670454425,77.67427774379031,77.45594169246033,0.9168793205171824,0.9632191811688244,1.0356570365838706,1.1916298721916974,1,2,0,0.04888888888888889,17,0,False,3,9,0.00666666666666671,0.06775674119286546,73.88154865900287
widowx250_q13_rear_left,widowx250,13,rear_left,243.18855969787688,211.68022404890507,84.75280097918586,76.3686829386279,0.9540470382198691,1.2096012802794576,1.1300373463891447,1.1749028144404292,1,1,0,0.035555555555555556,10,0,False,0,9,,,82.12140510400059
widowx250_q13_rear_center,widowx250,13,rear_center,243.18855969787688,211.68022404890507,84.75280097918586,76.3686829386279,0.9540470382198691,1.2096012802794576,1.1300373463891447,1.1749028144404292,6,10,2,0.291358024691358,36,3,True,9,9,0.00666666666666671,0.4447699564552199,72.77913312698365
widowx250_q13_rear_right,widowx250,13,rear_right,243.18855969787688,211.68022404890507,84.75280097918586,76.3686829386279,0.9540470382198691,1.2096012802794576,1.1300373463891447,1.1749028144404292,10,15,4,0.47160493827160493,43,5,True,9,9,0.00666666666666671,0.47950650336931355,64.37649635598063
widowx250_q13_mid_left,widowx250,13,mid_left,243.18855969787688,211.68022404890507,84.75280097918586,76.3686829386279,0.9540470382198691,1.2096012802794576,1.1300373463891447,1.1749028144404292,4,12,1,0.26123456790123456,26,0,True,9,9,0.00666666666666671,0.04287077113869442,67.19965555999079
widowx250_q14_rear_left,widowx250,14,rear_left,276.2720725717742,157.2074530064128,69.37131764134394,53.02795855561271,1.0838361512869596,0.8983283028937876,0.9249509018845856,0.8158147470094264,0,0,0,0.0,0,0,False,0,9,,,77.67557917701197
widowx250_q14_rear_center,widowx250,14,rear_center,276.2720725717742,157.2074530064128,69.37131764134394,53.02795855561271,1.0838361512869596,0.8983283028937876,0.9249509018845856,0.8158147470094264,4,2,0,0.11555555555555556,23,0,False,1,9,0.00666666666666671,0.8384542082097965,62.93770002599922
widowx250_q14_rear_right,widowx250,14,rear_right,276.2720725717742,157.2074530064128,69.37131764134394,53.02795855561271,1.0838361512869596,0.8983283028937876,0.9249509018845856,0.8158147470094264,8,11,2,0.3491358024691358,44,5,True,9,9,0.00666666666666671,0.5252876329392251,63.23009118399932
widowx250_q14_mid_left,widowx250,14,mid_left,276.2720725717742,157.2074530064128,69.37131764134394,53.02795855561271,1.0838361512869596,0.8983283028937876,0.9249509018845856,0.8158147470094264,2,5,0,0.11111111111111112,17,0,True,5,9,0.00666666666666671,0.05822365646082073,73.00743438702193
widowx250_q15_rear_left,widowx250,15,rear_left,311.4676075093262,187.0432100025937,80.81082771532239,67.79267148813233,1.2219108860008419,1.068818342871964,1.077477702870965,1.0429641767404974,1,3,0,0.062222222222222213,16,0,False,2,9,0.00666666666666671,0.6433948111278145,72.12925733800512
widowx250_q15_rear_center,widowx250,15,rear_center,311.4676075093262,187.0432100025937,80.81082771532239,67.79267148813233,1.2219108860008419,1.068818342871964,1.077477702870965,1.0429641767404974,8,13,2,0.37580246913580245,42,5,True,9,9,0.00666666666666671,0.29330194903772977,61.33644499198999
widowx250_q15_rear_right,widowx250,15,rear_right,311.4676075093262,187.0432100025937,80.81082771532239,67.79267148813233,1.2219108860008419,1.068818342871964,1.077477702870965,1.0429641767404974,11,20,6,0.5851851851851851,44,5,True,9,9,0.00666666666666671,0.4432372191280387,60.131986822001636
widowx250_q15_mid_left,widowx250,15,mid_left,311.4676075093262,187.0432100025937,80.81082771532239,67.79267148813233,1.2219108860008419,1.068818342871964,1.077477702870965,1.0429641767404974,9,17,2,0.45135802469135805,33,3,True,9,9,0.00666666666666671,0.027048771076870093,61.36334095799248
widowx250_q16_rear_left,widowx250,16,rear_left,216.5866745377323,132.48549042036757,65.13763193506749,62.68397791311145,0.8496858389116824,0.7570599452592432,0.868501759134233,0.9643688909709454,0,0,0,0.0,0,0,False,0,9,,,89.65172446300858
widowx250_q16_rear_center,widowx250,16,rear_center,216.5866745377323,132.48549042036757,65.13763193506749,62.68397791311145,0.8496858389116824,0.7570599452592432,0.868501759134233,0.9643688909709454,0,0,0,0.0,0,0,False,0,9,,,77.17090928400285
widowx250_q16_rear_right,widowx250,16,rear_right,216.5866745377323,132.48549042036757,65.13763193506749,62.68397791311145,0.8496858389116824,0.7570599452592432,0.868501759134233,0.9643688909709454,2,2,0,0.07111111111111111,19,0,False,0,9,,,68.87395780801307
widowx250_q16_mid_left,widowx250,16,mid_left,216.5866745377323,132.48549042036757,65.13763193506749,62.68397791311145,0.8496858389116824,0.7570599452592432,0.868501759134233,0.9643688909709454,0,0,0,0.0,3,0,False,0,9,,,88.16032287900453
piper_q00_rear_left,piper,0,rear_left,285.0312254403016,251.71383016433563,0.0,91.01102390507425,1.0,1.0,,1.0,4,0,0,0.08888888888888889,5,0,False,0,9,,,79.41709206299856
piper_q00_rear_center,piper,0,rear_center,285.0312254403016,251.71383016433563,0.0,91.01102390507425,1.0,1.0,,1.0,4,0,0,0.08888888888888889,11,1,False,0,9,,,78.06857138802297
piper_q00_rear_right,piper,0,rear_right,285.0312254403016,251.71383016433563,0.0,91.01102390507425,1.0,1.0,,1.0,0,0,0,0.0,19,2,False,0,9,,,79.97846900901641
piper_q00_mid_left,piper,0,mid_left,285.0312254403016,251.71383016433563,0.0,91.01102390507425,1.0,1.0,,1.0,10,0,0,0.2222222222222222,13,0,False,0,9,,,71.06259174400475
piper_q01_rear_left,piper,1,rear_left,237.39220513292824,298.15010253134886,0.0,100.28578348314802,0.8328638547100127,1.1844804170541465,,1.1019080895930529,4,0,0,0.08888888888888889,8,0,False,0,9,,,68.701313861995
piper_q01_rear_center,piper,1,rear_center,237.39220513292824,298.15010253134886,0.0,100.28578348314802,0.8328638547100127,1.1844804170541465,,1.1019080895930529,5,1,0,0.12444444444444443,16,2,False,0,9,,,69.13048747900757
piper_q01_rear_right,piper,1,rear_right,237.39220513292824,298.15010253134886,0.0,100.28578348314802,0.8328638547100127,1.1844804170541465,,1.1019080895930529,0,1,0,0.013333333333333334,18,3,False,0,9,,,80.13209132099291
piper_q01_mid_left,piper,1,mid_left,237.39220513292824,298.15010253134886,0.0,100.28578348314802,0.8328638547100127,1.1844804170541465,,1.1019080895930529,12,0,0,0.26666666666666666,15,1,False,0,9,,,64.27276210600394
piper_q02_rear_left,piper,2,rear_left,326.8687036168107,195.73836988838127,0.0,89.88822814024701,1.146782087162137,0.777622627094388,,0.9876630795188248,3,0,0,0.06666666666666667,2,0,False,0,9,,,66.98042677997728
piper_q02_rear_center,piper,2,rear_center,326.8687036168107,195.73836988838127,0.0,89.88822814024701,1.146782087162137,0.777622627094388,,0.9876630795188248,3,0,0,0.06666666666666667,12,1,False,0,9,,,64.28262114600511
piper_q02_rear_right,piper,2,rear_right,326.8687036168107,195.73836988838127,0.0,89.88822814024701,1.146782087162137,0.777622627094388,,0.9876630795188248,0,0,0,0.0,16,2,False,0,9,,,68.9311500939948
piper_q02_mid_left,piper,2,mid_left,326.8687036168107,195.73836988838127,0.0,89.88822814024701,1.146782087162137,0.777622627094388,,0.9876630795188248,9,0,0,0.19999999999999998,11,0,False,0,9,,,62.96667606700794
piper_q03_rear_left,piper,3,rear_left,288.7159286656166,280.35562330464455,0.0,103.57820754615284,1.012927366886288,1.1137871253304183,,1.1380841913633049,6,1,0,0.14666666666666667,8,0,False,0,9,,,71.49360911897384
piper_q03_rear_center,piper,3,rear_center,288.7159286656166,280.35562330464455,0.0,103.57820754615284,1.012927366886288,1.1137871253304183,,1.1380841913633049,3,0,0,0.06666666666666667,16,2,False,0,9,,,78.48153689800529
piper_q03_rear_right,piper,3,rear_right,288.7159286656166,280.35562330464455,0.0,103.57820754615284,1.012927366886288,1.1137871253304183,,1.1380841913633049,0,0,0,0.0,21,3,False,0,9,,,95.64255671997671
piper_q03_mid_left,piper,3,mid_left,288.7159286656166,280.35562330464455,0.0,103.57820754615284,1.012927366886288,1.1137871253304183,,1.1380841913633049,12,1,0,0.28,17,1,False,0,9,,,76.34346759397886
piper_q04_rear_left,piper,4,rear_left,271.57536995278963,240.93440190711556,0.0,70.24781576088495,0.9527916442602873,0.9571758601814508,,0.771860514767468,1,0,0,0.022222222222222223,1,0,False,0,9,,,81.98492403299315
piper_q04_rear_center,piper,4,rear_center,271.57536995278963,240.93440190711556,0.0,70.24781576088495,0.9527916442602873,0.9571758601814508,,0.771860514767468,4,1,0,0.10222222222222221,9,0,False,0,9,,,78.45316718801041
piper_q04_rear_right,piper,4,rear_right,271.57536995278963,240.93440190711556,0.0,70.24781576088495,0.9527916442602873,0.9571758601814508,,0.771860514767468,0,1,0,0.013333333333333334,18,2,False,0,9,,,79.38153366200277
piper_q04_mid_left,piper,4,mid_left,271.57536995278963,240.93440190711556,0.0,70.24781576088495,0.9527916442602873,0.9571758601814508,,0.771860514767468,9,0,0,0.19999999999999998,11,0,False,0,9,,,71.75165457400726
piper_q05_rear_left,piper,5,rear_left,254.5881787179247,256.22888147812716,0.0,80.23161090284918,0.8931939941830933,1.0179372397251427,,0.8815592601895332,2,0,0,0.044444444444444446,1,0,False,0,9,,,87.5929096690088
piper_q05_rear_center,piper,5,rear_center,254.5881787179247,256.22888147812716,0.0,80.23161090284918,0.8931939941830933,1.0179372397251427,,0.8815592601895332,6,1,0,0.14666666666666667,11,0,False,0,9,,,87.61639930598903
piper_q05_rear_right,piper,5,rear_right,254.5881787179247,256.22888147812716,0.0,80.23161090284918,0.8931939941830933,1.0179372397251427,,0.8815592601895332,0,1,0,0.013333333333333334,20,3,False,0,9,,,88.76976106499205
piper_q05_mid_left,piper,5,mid_left,254.5881787179247,256.22888147812716,0.0,80.23161090284918,0.8931939941830933,1.0179372397251427,,0.8815592601895332,9,0,0,0.19999999999999998,12,0,False,0,9,,,69.255825500004
piper_q06_rear_left,piper,6,rear_left,307.35716464815505,232.78549920211202,0.0,93.64961513197845,1.0783280469477177,0.9248021813109517,,1.02899199584499,4,0,0,0.08888888888888889,4,0,False,0,9,,,84.84346884998376
piper_q06_rear_center,piper,6,rear_center,307.35716464815505,232.78549920211202,0.0,93.64961513197845,1.0783280469477177,0.9248021813109517,,1.02899199584499,3,0,0,0.06666666666666667,9,1,False,0,9,,,84.20182893698802
piper_q06_rear_right,piper,6,rear_right,307.35716464815505,232.78549920211202,0.0,93.64961513197845,1.0783280469477177,0.9248021813109517,,1.02899199584499,0,0,0,0.0,19,2,False,0,9,,,79.93983237902285
piper_q06_mid_left,piper,6,mid_left,307.35716464815505,232.78549920211202,0.0,93.64961513197845,1.0783280469477177,0.9248021813109517,,1.02899199584499,11,0,0,0.24444444444444444,16,1,False,0,9,,,74.39183872099966
piper_q07_rear_left,piper,7,rear_left,341.61461282098435,305.3501366193662,0.0,77.10442555166655,1.1985164512880147,1.2130844634957612,,0.8471987484954298,9,0,0,0.19999999999999998,17,1,False,0,9,,,75.22869052100577
piper_q07_rear_center,piper,7,rear_center,341.61461282098435,305.3501366193662,0.0,77.10442555166655,1.1985164512880147,1.2130844634957612,,0.8471987484954298,6,0,0,0.13333333333333333,21,3,False,0,9,,,80.18776381100179
piper_q07_rear_right,piper,7,rear_right,341.61461282098435,305.3501366193662,0.0,77.10442555166655,1.1985164512880147,1.2130844634957612,,0.8471987484954298,0,0,0,0.0,23,3,False,0,9,,,91.1350222179899
piper_q07_mid_left,piper,7,mid_left,341.61461282098435,305.3501366193662,0.0,77.10442555166655,1.1985164512880147,1.2130844634957612,,0.8471987484954298,14,2,0,0.3377777777777778,21,3,False,0,9,,,79.86132083900156
piper_q08_rear_left,piper,8,rear_left,216.50873519442982,218.91648315092732,0.0,113.10256965030275,0.759596548974514,0.8697038339450955,,1.2427348336204886,0,0,0,0.0,0,0,False,0,9,,,86.59233816500637
piper_q08_rear_center,piper,8,rear_center,216.50873519442982,218.91648315092732,0.0,113.10256965030275,0.759596548974514,0.8697038339450955,,1.2427348336204886,1,0,0,0.022222222222222223,1,0,False,0,9,,,84.77892517700093
piper_q08_rear_right,piper,8,rear_right,216.50873519442982,218.91648315092732,0.0,113.10256965030275,0.759596548974514,0.8697038339450955,,1.2427348336204886,0,0,0,0.0,4,0,False,0,9,,,82.7460975649883
piper_q08_mid_left,piper,8,mid_left,216.50873519442982,218.91648315092732,0.0,113.10256965030275,0.759596548974514,0.8697038339450955,,1.2427348336204886,4,0,0,0.08888888888888889,7,0,False,0,9,,,75.1356944339932
piper_q09_rear_left,piper,9,rear_left,227.33055771741968,269.28456954915066,0.0,73.95147725208037,0.7975636962801218,1.069804425816983,,0.8125551617704332,0,0,0,0.0,1,0,False,0,9,,,71.9096892119851
piper_q09_rear_center,piper,9,rear_center,227.33055771741968,269.28456954915066,0.0,73.95147725208037,0.7975636962801218,1.069804425816983,,0.8125551617704332,5,1,0,0.12444444444444443,11,0,False,0,9,,,67.64985511801206
piper_q09_rear_right,piper,9,rear_right,227.33055771741968,269.28456954915066,0.0,73.95147725208037,0.7975636962801218,1.069804425816983,,0.8125551617704332,0,1,0,0.013333333333333334,17,2,False,0,9,,,73.03081163400202
piper_q09_mid_left,piper,9,mid_left,227.33055771741968,269.28456954915066,0.0,73.95147725208037,0.7975636962801218,1.069804425816983,,0.8125551617704332,7,1,0,0.1688888888888889,11,0,False,0,9,,,63.29103547899285
piper_q10_rear_left,piper,10,rear_left,352.42773688128375,245.77946317282272,0.0,110.478461852149,1.2364530810154974,0.9764241520315409,,1.2139019770547748,7,0,0,0.15555555555555556,11,0,False,0,9,,,66.34362651401898
piper_q10_rear_center,piper,10,rear_center,352.42773688128375,245.77946317282272,0.0,110.478461852149,1.2364530810154974,0.9764241520315409,,1.2139019770547748,1,0,0,0.022222222222222223,18,2,False,0,9,,,68.19636739799171
piper_q10_rear_right,piper,10,rear_right,352.42773688128375,245.77946317282272,0.0,110.478461852149,1.2364530810154974,0.9764241520315409,,1.2139019770547748,0,0,0,0.0,21,3,False,0,9,,,72.67977092100773
piper_q10_mid_left,piper,10,mid_left,352.42773688128375,245.77946317282272,0.0,110.478461852149,1.2364530810154974,0.9764241520315409,,1.2139019770547748,9,1,0,0.21333333333333335,16,2,False,0,9,,,70.1978539720003
piper_q11_rear_left,piper,11,rear_left,314.3473483343764,286.8866237794329,0.0,82.94018096471832,1.1028523202985525,1.1397332581691444,,0.9113201610744,8,1,0,0.19111111111111112,12,0,False,0,9,,,71.15556106698932
piper_q11_rear_center,piper,11,rear_center,314.3473483343764,286.8866237794329,0.0,82.94018096471832,1.1028523202985525,1.1397332581691444,,0.9113201610744,3,0,0,0.06666666666666667,20,3,False,0,9,,,76.78866545498022
piper_q11_rear_right,piper,11,rear_right,314.3473483343764,286.8866237794329,0.0,82.94018096471832,1.1028523202985525,1.1397332581691444,,0.9113201610744,0,0,0,0.0,23,3,False,0,9,,,81.19502991597983
piper_q11_mid_left,piper,11,mid_left,314.3473483343764,286.8866237794329,0.0,82.94018096471832,1.1028523202985525,1.1397332581691444,,0.9113201610744,13,1,0,0.3022222222222222,20,3,False,0,9,,,71.15801229901263
piper_q12_rear_left,piper,12,rear_left,261.58706086683657,200.51463346034598,0.0,96.54036696050363,0.9177487851120532,0.7965976018458605,,1.0607546516694129,0,0,0,0.0,0,0,False,0,9,,,80.06864038400818
piper_q12_rear_center,piper,12,rear_center,261.58706086683657,200.51463346034598,0.0,96.54036696050363,0.9177487851120532,0.7965976018458605,,1.0607546516694129,3,0,0,0.06666666666666667,2,0,False,0,9,,,76.26022478399682
piper_q12_rear_right,piper,12,rear_right,261.58706086683657,200.51463346034598,0.0,96.54036696050363,0.9177487851120532,0.7965976018458605,,1.0607546516694129,0,0,0,0.0,11,1,False,0,9,,,75.97524486700422
piper_q12_mid_left,piper,12,mid_left,261.58706086683657,200.51463346034598,0.0,96.54036696050363,0.9177487851120532,0.7965976018458605,,1.0607546516694129,4,0,0,0.08888888888888889,7,0,False,0,9,,,74.83766233900678
piper_q13_rear_left,piper,13,rear_left,282.47357478945577,309.1849347718163,0.0,106.55480018513501,0.9910267703235149,1.2283192169852555,,1.170790038537234,8,1,0,0.19111111111111112,11,0,False,0,9,,,66.01011190598365
piper_q13_rear_center,piper,13,rear_center,282.47357478945577,309.1849347718163,0.0,106.55480018513501,0.9910267703235149,1.2283192169852555,,1.170790038537234,3,0,0,0.06666666666666667,15,2,False,0,9,,,73.58970809099264
piper_q13_rear_right,piper,13,rear_right,282.47357478945577,309.1849347718163,0.0,106.55480018513501,0.9910267703235149,1.2283192169852555,,1.170790038537234,0,0,0,0.0,21,3,False,0,9,,,86.03275078698061
piper_q13_mid_left,piper,13,mid_left,282.47357478945577,309.1849347718163,0.0,106.55480018513501,0.9910267703235149,1.2283192169852555,,1.170790038537234,14,1,0,0.3244444444444445,21,3,False,0,9,,,64.98261197900865
piper_q14_rear_left,piper,14,rear_left,299.6054350395924,206.83540633519135,0.0,73.0483009183617,1.0511319753713906,0.8217085497453809,,0.8026313493028283,1,0,0,0.022222222222222223,1,0,False,0,9,,,67.23785321999458
piper_q14_rear_center,piper,14,rear_center,299.6054350395924,206.83540633519135,0.0,73.0483009183617,1.0511319753713906,0.8217085497453809,,0.8026313493028283,3,0,0,0.06666666666666667,7,0,False,0,9,,,65.14803385199048
piper_q14_rear_right,piper,14,rear_right,299.6054350395924,206.83540633519135,0.0,73.0483009183617,1.0511319753713906,0.8217085497453809,,0.8026313493028283,0,0,0,0.0,18,2,False,0,9,,,69.56499320399598
piper_q14_mid_left,piper,14,mid_left,299.6054350395924,206.83540633519135,0.0,73.0483009183617,1.0511319753713906,0.8217085497453809,,0.8026313493028283,7,0,0,0.15555555555555556,10,0,False,0,9,,,63.480677871004445
piper_q15_rear_left,piper,15,rear_left,333.787395750971,259.97975859689535,0.0,97.75359213677181,1.1710555404424667,1.032838594634086,,1.0740851815789938,7,0,0,0.15555555555555556,10,0,False,0,9,,,70.62594836798962
piper_q15_rear_center,piper,15,rear_center,333.787395750971,259.97975859689535,0.0,97.75359213677181,1.1710555404424667,1.032838594634086,,1.0740851815789938,2,0,0,0.044444444444444446,18,2,False,0,9,,,73.38913351899828
piper_q15_rear_right,piper,15,rear_right,333.787395750971,259.97975859689535,0.0,97.75359213677181,1.1710555404424667,1.032838594634086,,1.0740851815789938,0,0,0,0.0,22,3,False,0,9,,,76.03226899399306
piper_q15_mid_left,piper,15,mid_left,333.787395750971,259.97975859689535,0.0,97.75359213677181,1.1710555404424667,1.032838594634086,,1.0740851815789938,11,1,0,0.2577777777777778,18,2,False,0,9,,,70.93850984700839
piper_q16_rear_left,piper,16,rear_left,244.31959572977897,220.49639394398466,0.0,86.82111929494789,0.8571678255684674,0.8759804489091039,,0.9539626692421734,0,0,0,0.0,0,0,False,0,9,,,80.35271209001075
piper_q16_rear_center,piper,16,rear_center,244.31959572977897,220.49639394398466,0.0,86.82111929494789,0.8571678255684674,0.8759804489091039,,0.9539626692421734,3,0,0,0.06666666666666667,3,0,False,0,9,,,76.13774843097781
piper_q16_rear_right,piper,16,rear_right,244.31959572977897,220.49639394398466,0.0,86.82111929494789,0.8571678255684674,0.8759804489091039,,0.9539626692421734,0,0,0,0.0,15,1,False,0,9,,,76.43658275299822
piper_q16_mid_left,piper,16,mid_left,244.31959572977897,220.49639394398466,0.0,86.82111929494789,0.8571678255684674,0.8759804489091039,,0.9539626692421734,4,0,0,0.08888888888888889,7,0,False,0,9,,,75.45378283501486
