candidate_id,robot,sample_index,sampling_kind,parking_id,span2_mm,span3_mm,span4_mm,span5_mm,factor2,factor3,factor4,factor5,tier1_complete,tier2_complete,tier3_complete,storage_balanced_fraction,pickup_complete,pickup_min_slot_complete,module_complete,module_stress_complete,module_stress_total,module_stress_min_clearance_m,module_stress_min_joint_margin_rad,elapsed_s
orth6r_4ab675a33402_q00_rear_left,orth6r_4ab675a33402,0,baseline,rear_left,290.0,390.0,0.0,60.0,1.0,1.0,,1.0,4,11,0,0.23555555555555555,40,3,True,6,9,0.0005217123291598597,0.021483947826871574,103.41668133300118
orth6r_4ab675a33402_q00_rear_center,orth6r_4ab675a33402,0,baseline,rear_center,290.0,390.0,0.0,60.0,1.0,1.0,,1.0,11,20,1,0.5234567901234568,51,6,True,9,9,0.000521712591799943,0.24221731794287482,95.89838493199932
orth6r_4ab675a33402_q00_rear_right,orth6r_4ab675a33402,0,baseline,rear_right,290.0,390.0,0.0,60.0,1.0,1.0,,1.0,12,21,6,0.6207407407407407,56,6,True,9,9,0.0005217125922697269,0.22069628494919713,86.32290394900338
orth6r_4ab675a33402_q00_mid_left,orth6r_4ab675a33402,0,baseline,mid_left,290.0,390.0,0.0,60.0,1.0,1.0,,1.0,11,19,0,0.4977777777777777,44,6,True,9,9,0.0005217125934218192,0.33868032647900836,97.65998448200116
orth6r_4ab675a33402_q01_rear_left,orth6r_4ab675a33402,1,sobol,rear_left,220.37192650604993,477.1096069877968,0.0,71.73009887337685,0.759903194848448,1.2233579666353762,,1.195501647889614,9,17,0,0.4266666666666667,51,7,False,0,9,-0.00011709908704270189,0.1506113259404156,92.88681606599857
orth6r_4ab675a33402_q01_rear_center,orth6r_4ab675a33402,1,sobol,rear_center,220.37192650604993,477.1096069877968,0.0,71.73009887337685,0.759903194848448,1.2233579666353762,,1.195501647889614,12,20,1,0.5456790123456791,52,5,False,0,9,-0.00011709933718180576,0.5093622685370924,85.2989606379997
orth6r_4ab675a33402_q01_rear_right,orth6r_4ab675a33402,1,sobol,rear_right,220.37192650604993,477.1096069877968,0.0,71.73009887337685,0.759903194848448,1.2233579666353762,,1.195501647889614,13,21,7,0.6553086419753086,38,5,False,0,9,-0.0001170993582020885,0.22069628494920157,90.05648490800377
orth6r_4ab675a33402_q01_mid_left,orth6r_4ab675a33402,1,sobol,mid_left,220.37192650604993,477.1096069877968,0.0,71.73009887337685,0.759903194848448,1.2233579666353762,,1.195501647889614,12,22,0,0.56,45,6,False,0,9,-0.00011709932071377743,0.6547845096276255,97.61867672300286
orth6r_4ab675a33402_q02_rear_left,orth6r_4ab675a33402,2,sobol,rear_left,291.4129546331242,309.1752206766978,0.0,52.10004832595586,1.0048722573556006,0.7927569760940969,,0.8683341387659311,1,1,0,0.035555555555555556,20,0,False,0,9,,,137.82942861699848
orth6r_4ab675a33402_q02_rear_center,orth6r_4ab675a33402,2,sobol,rear_center,291.4129546331242,309.1752206766978,0.0,52.10004832595586,1.0048722573556006,0.7927569760940969,,0.8683341387659311,4,10,0,0.22222222222222224,44,5,True,6,9,0.00666666666666671,0.0013900289541095567,102.7698812699964
orth6r_4ab675a33402_q02_rear_right,orth6r_4ab675a33402,2,sobol,rear_right,291.4129546331242,309.1752206766978,0.0,52.10004832595586,1.0048722573556006,0.7927569760940969,,0.8683341387659311,8,14,1,0.37679012345679014,52,6,True,9,9,0.00666666666666671,0.105723789281436,98.33428815499792
orth6r_4ab675a33402_q02_mid_left,orth6r_4ab675a33402,2,sobol,mid_left,291.4129546331242,309.1752206766978,0.0,52.10004832595586,1.0048722573556006,0.7927569760940969,,0.8683341387659311,4,12,0,0.24888888888888885,42,3,True,9,9,0.00666666666666671,0.04743642488609323,114.84742921900033
orth6r_4ab675a33402_q03_rear_left,orth6r_4ab675a33402,3,sobol,rear_left,359.8312904313206,414.22999280970544,0.0,62.65976476483047,1.2407975532114506,1.0621281866915524,,1.0443294127471745,11,20,0,0.5111111111111111,49,6,False,0,9,-0.0004705285070051163,0.1439508757258543,87.58083413099666
orth6r_4ab675a33402_q03_rear_center,orth6r_4ab675a33402,3,sobol,rear_center,359.8312904313206,414.22999280970544,0.0,62.65976476483047,1.2407975532114506,1.0621281866915524,,1.0443294127471745,14,24,8,0.7298765432098765,50,6,False,0,9,-0.0004705285327964645,0.3488138047103657,85.27628468500188
orth6r_4ab675a33402_q03_rear_right,orth6r_4ab675a33402,3,sobol,rear_right,359.8312904313206,414.22999280970544,0.0,62.65976476483047,1.2407975532114506,1.0621281866915524,,1.0443294127471745,15,25,9,0.7777777777777778,57,6,False,0,9,-0.00047052853971541603,0.22069628494919713,94.64785951399972
orth6r_4ab675a33402_q03_mid_left,orth6r_4ab675a33402,3,sobol,mid_left,359.8312904313206,414.22999280970544,0.0,62.65976476483047,1.2407975532114506,1.0621281866915524,,1.0443294127471745,15,24,4,0.7027160493827159,48,6,False,0,9,-0.0004705284997636103,0.4194887055407768,99.61613316399598
orth6r_4ab675a33402_q04_rear_left,orth6r_4ab675a33402,4,sobol,rear_left,287.8168336674571,384.2410330893472,0.0,54.16847764514386,0.9924718402326107,0.9852334181778133,,0.9028079607523978,4,8,0,0.19555555555555557,38,3,True,5,9,0.006048147316022413,3.47437634218295e-11,110.38348136199784
orth6r_4ab675a33402_q04_rear_center,orth6r_4ab675a33402,4,sobol,rear_center,287.8168336674571,384.2410330893472,0.0,54.16847764514386,0.9924718402326107,0.9852334181778133,,0.9028079607523978,11,17,1,0.48345679012345677,51,6,True,9,9,0.006048147546382707,0.2232099525942033,95.63461339999776
orth6r_4ab675a33402_q04_rear_right,orth6r_4ab675a33402,4,sobol,rear_right,287.8168336674571,384.2410330893472,0.0,54.16847764514386,0.9924718402326107,0.9852334181778133,,0.9028079607523978,12,21,6,0.6207407407407407,54,6,True,9,9,0.00604814755112211,0.22069628494919713,97.69605472100375
orth6r_4ab675a33402_q04_mid_left,orth6r_4ab675a33402,4,sobol,mid_left,287.8168336674571,384.2410330893472,0.0,54.16847764514386,0.9924718402326107,0.9852334181778133,,0.9028079607523978,10,19,0,0.47555555555555556,44,6,True,9,9,0.006048147550611796,0.3220479063975974,90.17591213099513
orth6r_4ab675a33402_q05_rear_left,orth6r_4ab675a33402,5,sobol,rear_left,261.81384137365967,433.21303294971585,0.0,47.37656059674918,0.9028063495643437,1.110802648589015,,0.7896093432791531,4,13,0,0.2622222222222222,43,5,True,9,9,0.00666666666666671,0.05327858715348066,99.88125225099793
orth6r_4ab675a33402_q05_rear_center,orth6r_4ab675a33402,5,sobol,rear_center,261.81384137365967,433.21303294971585,0.0,47.37656059674918,0.9028063495643437,1.110802648589015,,0.7896093432791531,12,20,3,0.5703703703703704,50,6,True,9,9,0.00666666666666671,0.38579638063921595,97.52265724899917
orth6r_4ab675a33402_q05_rear_right,orth6r_4ab675a33402,5,sobol,rear_right,261.81384137365967,433.21303294971585,0.0,47.37656059674918,0.9028063495643437,1.110802648589015,,0.7896093432791531,13,21,7,0.6553086419753086,46,6,True,9,9,0.00666666666666671,0.22069628494919735,91.41402647500217
orth6r_4ab675a33402_q05_mid_left,orth6r_4ab675a33402,5,sobol,mid_left,261.81384137365967,433.21303294971585,0.0,47.37656059674918,0.9028063495643437,1.110802648589015,,0.7896093432791531,11,20,0,0.5111111111111111,41,6,True,9,9,0.00666666666666671,0.49280072117466633,91.2163375989985
orth6r_4ab675a33402_q06_rear_left,orth6r_4ab675a33402,6,sobol,rear_left,331.5251380065456,364.877696922049,0.0,68.99834110401571,1.1431901310570538,0.9355838382616639,,1.1499723517335951,6,12,1,0.305679012345679,48,5,False,0,9,-6.485768944288622e-05,0.0084524851028287,109.53330897900014
orth6r_4ab675a33402_q06_rear_center,orth6r_4ab675a33402,6,sobol,rear_center,331.5251380065456,364.877696922049,0.0,68.99834110401571,1.1431901310570538,0.9355838382616639,,1.1499723517335951,12,20,1,0.5456790123456791,49,5,False,0,9,-6.485786072674832e-05,0.1903112198610013,74.0976548319959
orth6r_4ab675a33402_q06_rear_right,orth6r_4ab675a33402,6,sobol,rear_right,331.5251380065456,364.877696922049,0.0,68.99834110401571,1.1431901310570538,0.9355838382616639,,1.1499723517335951,13,22,7,0.668641975308642,57,6,False,0,9,-6.485786130378673e-05,0.22069628494919735,92.2424197970031
orth6r_4ab675a33402_q06_mid_left,orth6r_4ab675a33402,6,sobol,mid_left,331.5251380065456,364.877696922049,0.0,68.99834110401571,1.1431901310570538,0.9355838382616639,,1.1499723517335951,12,22,0,0.56,50,7,False,0,9,-6.485782138080515e-05,0.2707870149652609,94.26298133900127
orth6r_4ab675a33402_q07_rear_left,orth6r_4ab675a33402,7,sobol,rear_left,317.41645684465766,454.88782636821276,0.0,57.06172853708267,1.0945395063608885,1.1663790419697762,,0.9510288089513779,11,19,0,0.4977777777777777,51,6,True,9,9,0.0032967018460992176,0.23504341579737487,98.5028528729963
orth6r_4ab675a33402_q07_rear_center,orth6r_4ab675a33402,7,sobol,rear_center,317.41645684465766,454.88782636821276,0.0,57.06172853708267,1.0945395063608885,1.1663790419697762,,0.9510288089513779,14,23,10,0.7412345679012345,52,6,True,9,9,0.003296701846338103,0.4747028146289558,93.45772595600283
orth6r_4ab675a33402_q07_rear_right,orth6r_4ab675a33402,7,sobol,rear_right,317.41645684465766,454.88782636821276,0.0,57.06172853708267,1.0945395063608885,1.1663790419697762,,0.9510288089513779,15,25,9,0.7777777777777778,53,6,True,9,9,0.0032967018427488212,0.22069628494919713,92.84138832600001
orth6r_4ab675a33402_q07_mid_left,orth6r_4ab675a33402,7,sobol,mid_left,317.41645684465766,454.88782636821276,0.0,57.06172853708267,1.0945395063608885,1.1663790419697762,,0.9510288089513779,14,24,8,0.7298765432098765,48,5,True,9,9,0.003296701846852046,0.5586324100637148,107.08973852000054
orth6r_4ab675a33402_q08_rear_left,orth6r_4ab675a33402,8,sobol,rear_left,248.67874441668388,331.0155894700438,0.0,67.31128614395857,0.8575129117816687,0.848757921718061,,1.1218547690659761,1,0,0,0.022222222222222223,21,0,False,0,9,,,140.596277071003
orth6r_4ab675a33402_q08_rear_center,orth6r_4ab675a33402,8,sobol,rear_center,248.67874441668388,331.0155894700438,0.0,67.31128614395857,0.8575129117816687,0.848757921718061,,1.1218547690659761,4,8,0,0.19555555555555557,49,5,False,0,9,-0.0008472113363709177,0.020677384418887,103.83939308700064
orth6r_4ab675a33402_q08_rear_right,orth6r_4ab675a33402,8,sobol,rear_right,248.67874441668388,331.0155894700438,0.0,67.31128614395857,0.8575129117816687,0.848757921718061,,1.1218547690659761,8,14,1,0.37679012345679014,52,5,False,0,9,-0.0008472113513294174,0.09824854598691157,91.85081304499909
orth6r_4ab675a33402_q08_mid_left,orth6r_4ab675a33402,8,sobol,mid_left,248.67874441668388,331.0155894700438,0.0,67.31128614395857,0.8575129117816687,0.848757921718061,,1.1218547690659761,4,11,0,0.23555555555555555,42,3,False,0,9,-0.0008472109916836876,0.02527704393621555,121.336011297004
orth6r_4ab675a33402_q09_rear_left,orth6r_4ab675a33402,9,sobol,rear_left,240.4728474700823,390.85997025948024,0.0,58.892726758494966,0.829216715414077,1.002205051947385,,0.9815454459749162,1,3,0,0.062222222222222213,31,0,False,0,9,,,112.79042010200646
orth6r_4ab675a33402_q09_rear_center,orth6r_4ab675a33402,9,sobol,rear_center,240.4728474700823,390.85997025948024,0.0,58.892726758494966,0.829216715414077,1.002205051947385,,0.9815454459749162,8,16,0,0.39111111111111113,50,5,True,9,9,0.0013081686460879732,0.16415565063679916,99.64781951100304
orth6r_4ab675a33402_q09_rear_right,orth6r_4ab675a33402,9,sobol,rear_right,240.4728474700823,390.85997025948024,0.0,58.892726758494966,0.829216715414077,1.002205051947385,,0.9815454459749162,12,16,3,0.5170370370370371,52,6,True,9,9,3.620394374875824e-06,0.2206962849507177,95.77739131300041
orth6r_4ab675a33402_q09_mid_left,orth6r_4ab675a33402,9,sobol,mid_left,240.4728474700823,390.85997025948024,0.0,58.892726758494966,0.829216715414077,1.002205051947385,,0.9815454459749162,7,16,0,0.3688888888888889,44,6,True,9,9,0.0015649394112232928,0.29220434159002284,111.80370214499999
orth6r_4ab675a33402_q10_rear_left,orth6r_4ab675a33402,10,sobol,rear_left,317.1244615549221,370.66770207602536,0.0,65.39228436537087,1.0935326260514557,0.9504300053231418,,1.0898714060895145,5,11,1,0.27012345679012345,44,3,False,0,9,-0.0002932759595759768,0.0023927693095497915,100.57128771000134
orth6r_4ab675a33402_q10_rear_center,orth6r_4ab675a33402,10,sobol,rear_center,317.1244615549221,370.66770207602536,0.0,65.39228436537087,1.0935326260514557,0.9504300053231418,,1.0898714060895145,12,20,1,0.5456790123456791,49,5,False,0,9,-0.00029327623165808364,0.19777048872673753,86.49908359300025
orth6r_4ab675a33402_q10_rear_right,orth6r_4ab675a33402,10,sobol,rear_right,317.1244615549221,370.66770207602536,0.0,65.39228436537087,1.0935326260514557,0.9504300053231418,,1.0898714060895145,13,22,6,0.6562962962962963,57,6,False,0,9,-0.00029327623444287687,0.22069628494919713,87.13562212400575
orth6r_4ab675a33402_q10_mid_left,orth6r_4ab675a33402,10,sobol,mid_left,317.1244615549221,370.66770207602536,0.0,65.39228436537087,1.0935326260514557,0.9504300053231418,,1.0898714060895145,11,20,0,0.5111111111111111,48,6,False,0,9,-0.00029327603822988657,0.2835873687942856,95.93498438500683
orth6r_4ab675a33402_q11_rear_left,orth6r_4ab675a33402,11,sobol,rear_left,339.18178008869285,472.8063336526975,0.0,45.486855637282126,1.1695923451334238,1.2123239324428141,,0.7581142606213689,12,22,3,0.597037037037037,46,6,True,9,9,0.00666666666666671,0.31711893322790363,97.40016540999932
orth6r_4ab675a33402_q11_rear_center,orth6r_4ab675a33402,11,sobol,rear_center,339.18178008869285,472.8063336526975,0.0,45.486855637282126,1.1695923451334238,1.2123239324428141,,0.7581142606213689,15,24,12,0.8014814814814816,48,7,True,9,9,0.00666666666666671,0.5093622685372083,86.95138787299948
orth6r_4ab675a33402_q11_rear_right,orth6r_4ab675a33402,11,sobol,rear_right,339.18178008869285,472.8063336526975,0.0,45.486855637282126,1.1695923451334238,1.2123239324428141,,0.7581142606213689,15,24,10,0.7767901234567901,49,6,True,9,9,0.00666666666666671,0.22069628494919757,87.00039019699761
orth6r_4ab675a33402_q11_mid_left,orth6r_4ab675a33402,11,sobol,mid_left,339.18178008869285,472.8063336526975,0.0,45.486855637282126,1.1695923451334238,1.2123239324428141,,0.7581142606213689,15,25,11,0.8024691358024691,44,5,True,9,9,0.00666666666666671,0.6158962431428132,100.50545433099614
orth6r_4ab675a33402_q12_rear_left,orth6r_4ab675a33402,12,sobol,rear_left,263.7867977656424,300.9101404482499,0.0,70.85863614454865,0.9096096474677324,0.7715644626878202,,1.180977269075811,1,0,0,0.022222222222222223,16,0,False,0,9,,,129.05931170999975
orth6r_4ab675a33402_q12_rear_center,orth6r_4ab675a33402,12,sobol,rear_center,263.7867977656424,300.9101404482499,0.0,70.85863614454865,0.9096096474677324,0.7715644626878202,,1.180977269075811,4,7,0,0.1822222222222222,47,5,False,0,9,-0.0004867488704980577,0.0031283838609295067,110.90146569000353
orth6r_4ab675a33402_q12_rear_right,orth6r_4ab675a33402,12,sobol,rear_right,263.7867977656424,300.9101404482499,0.0,70.85863614454865,0.9096096474677324,0.7715644626878202,,1.180977269075811,5,12,0,0.2711111111111111,52,5,False,0,9,-0.000486749125135702,4.610548831607275e-09,93.77976063999813
orth6r_4ab675a33402_q12_mid_left,orth6r_4ab675a33402,12,sobol,mid_left,263.7867977656424,300.9101404482499,0.0,70.85863614454865,0.9096096474677324,0.7715644626878202,,1.180977269075811,4,8,0,0.19555555555555557,40,2,False,0,9,-0.0004867490632823185,0.019752056150778685,127.36098412800493
orth6r_4ab675a33402_q13_rear_left,orth6r_4ab675a33402,13,sobol,rear_left,273.93207472283393,447.70580917596817,0.0,60.79947022721171,0.9445933611132205,1.1479636132717133,,1.013324503786862,9,17,0,0.4266666666666667,47,6,False,0,9,-0.00022946520733259368,0.14388319621709167,97.13008654100122
orth6r_4ab675a33402_q13_rear_center,orth6r_4ab675a33402,13,sobol,rear_center,273.93207472283393,447.70580917596817,0.0,60.79947022721171,0.9445933611132205,1.1479636132717133,,1.013324503786862,12,21,4,0.5960493827160493,53,5,False,0,9,-0.00022946521231967387,0.4390212078345541,97.94222349099437
orth6r_4ab675a33402_q13_rear_right,orth6r_4ab675a33402,13,sobol,rear_right,273.93207472283393,447.70580917596817,0.0,60.79947022721171,0.9445933611132205,1.1479636132717133,,1.013324503786862,14,23,7,0.7041975308641976,50,6,False,0,9,-0.00022946521231941713,0.220696284949359,101.8298133559947
orth6r_4ab675a33402_q13_mid_left,orth6r_4ab675a33402,13,sobol,mid_left,273.93207472283393,447.70580917596817,0.0,60.79947022721171,0.9445933611132205,1.1479636132717133,,1.013324503786862,14,22,3,0.6414814814814814,45,6,False,0,9,-0.00022946521110868423,0.5387619096025069,96.57922709699778
orth6r_4ab675a33402_q14_rear_left,orth6r_4ab675a33402,14,sobol,rear_left,347.09454212803394,326.39096022583544,0.0,56.05818310752511,1.196877731475979,0.8368998980149627,,0.9343030517920852,3,7,0,0.16,40,3,False,0,9,0.009718885746939361,4.734045044152424e-05,107.64741980800318
orth6r_4ab675a33402_q14_rear_center,orth6r_4ab675a33402,14,sobol,rear_center,347.09454212803394,326.39096022583544,0.0,56.05818310752511,1.196877731475979,0.8368998980149627,,0.9343030517920852,11,17,0,0.4711111111111111,46,6,True,9,9,0.004249100678705889,0.09615961326340727,99.75058807400637
orth6r_4ab675a33402_q14_rear_right,orth6r_4ab675a33402,14,sobol,rear_right,347.09454212803394,326.39096022583544,0.0,56.05818310752511,1.196877731475979,0.8368998980149627,,0.9343030517920852,12,20,6,0.6074074074074075,52,6,True,9,9,0.0042491006807151635,0.21551258642414828,95.01076338999701
orth6r_4ab675a33402_q14_mid_left,orth6r_4ab675a33402,14,sobol,mid_left,347.09454212803394,326.39096022583544,0.0,56.05818310752511,1.196877731475979,0.8368998980149627,,0.9343030517920852,10,19,0,0.47555555555555556,48,6,True,9,9,0.0042491006803069414,0.17510871840927056,101.01230485799897
orth6r_4ab675a33402_q15_rear_left,orth6r_4ab675a33402,15,sobol,rear_left,306.97978094220156,419.19932747259736,0.0,73.64910126663744,1.0585509687662125,1.0748700704425573,,1.227485021110624,9,18,0,0.43999999999999995,54,6,False,0,9,-0.0005855143027530332,0.0895706690501088,99.67684223800461
orth6r_4ab675a33402_q15_rear_center,orth6r_4ab675a33402,15,sobol,rear_center,306.97978094220156,419.19932747259736,0.0,73.64910126663744,1.0585509687662125,1.0748700704425573,,1.227485021110624,13,22,3,0.6192592592592593,55,6,False,0,9,-0.0005855143102656141,0.3484696444815918,94.4786649939997
orth6r_4ab675a33402_q15_rear_right,orth6r_4ab675a33402,15,sobol,rear_right,306.97978094220156,419.19932747259736,0.0,73.64910126663744,1.0585509687662125,1.0748700704425573,,1.227485021110624,15,24,7,0.739753086419753,54,6,False,0,9,-0.0005855143102655169,0.22069628494919713,91.36672196899599
orth6r_4ab675a33402_q15_mid_left,orth6r_4ab675a33402,15,sobol,mid_left,306.97978094220156,419.19932747259736,0.0,73.64910126663744,1.0585509687662125,1.0748700704425573,,1.227485021110624,14,22,0,0.6044444444444445,53,7,False,0,9,-0.0005855141266642508,0.43539906186747035,103.31824902499648
orth6r_4ab675a33402_q16_rear_left,orth6r_4ab675a33402,16,sobol,rear_left,232.56052620708942,342.70975596271455,0.0,50.269050719216466,0.8019328489899635,0.8787429640069604,,0.8378175119869411,1,0,0,0.022222222222222223,14,0,False,0,9,,,157.5439037929973
orth6r_4ab675a33402_q16_rear_center,orth6r_4ab675a33402,16,sobol,rear_center,232.56052620708942,342.70975596271455,0.0,50.269050719216466,0.8019328489899635,0.8787429640069604,,0.8378175119869411,2,7,0,0.13777777777777778,43,5,True,5,9,0.00666666666666671,0.004198128238132703,110.82936120099475
orth6r_4ab675a33402_q16_rear_right,orth6r_4ab675a33402,16,sobol,rear_right,232.56052620708942,342.70975596271455,0.0,50.269050719216466,0.8019328489899635,0.8787429640069604,,0.8378175119869411,4,9,1,0.22123456790123455,49,5,True,9,9,0.005927895720905962,0.10782333019050094,101.3456297379962
orth6r_4ab675a33402_q16_mid_left,orth6r_4ab675a33402,16,sobol,mid_left,232.56052620708942,342.70975596271455,0.0,50.269050719216466,0.8019328489899635,0.8787429640069604,,0.8378175119869411,1,9,0,0.14222222222222222,36,2,True,9,9,0.00666666666666671,0.010608409626688076,133.78987301300367
orth6r_d94907e07b06_q00_rear_left,orth6r_d94907e07b06,0,baseline,rear_left,290.0,390.0,0.0,0.0,1.0,1.0,,,1,5,0,0.08888888888888889,30,1,True,8,9,0.00666666666666671,8.881784197001252e-16,117.49709487600194
orth6r_d94907e07b06_q00_rear_center,orth6r_d94907e07b06,0,baseline,rear_center,290.0,390.0,0.0,0.0,1.0,1.0,,,8,14,3,0.4014814814814815,59,5,True,9,9,0.00666666666666671,0.27728902868884653,94.95484758300154
orth6r_d94907e07b06_q00_rear_right,orth6r_d94907e07b06,0,baseline,rear_right,290.0,390.0,0.0,0.0,1.0,1.0,,,12,18,6,0.5807407407407408,59,5,True,9,9,0.00666666666666671,0.220696284949212,87.87445363499864
orth6r_d94907e07b06_q00_mid_left,orth6r_d94907e07b06,0,baseline,mid_left,290.0,390.0,0.0,0.0,1.0,1.0,,,8,15,2,0.40246913580246907,54,4,True,9,9,0.00666666666666671,0.37947363218167096,95.39699990599911
orth6r_d94907e07b06_q01_rear_left,orth6r_d94907e07b06,1,sobol,rear_left,220.37192650604993,477.1096069877968,0.0,0.0,0.759903194848448,1.2233579666353762,,,3,8,0,0.17333333333333334,42,1,True,9,9,0.00666666666666671,0.09130084112101322,104.9357683049966
orth6r_d94907e07b06_q01_rear_center,orth6r_d94907e07b06,1,sobol,rear_center,220.37192650604993,477.1096069877968,0.0,0.0,0.759903194848448,1.2233579666353762,,,9,17,6,0.5007407407407407,59,5,True,9,9,0.00666666666666671,0.5093622685342307,84.81856300299842
orth6r_d94907e07b06_q01_rear_right,orth6r_d94907e07b06,1,sobol,rear_right,220.37192650604993,477.1096069877968,0.0,0.0,0.759903194848448,1.2233579666353762,,,12,21,7,0.6330864197530864,50,5,True,9,9,0.00666666666666671,0.22069628494801408,86.0511046199972
orth6r_d94907e07b06_q01_mid_left,orth6r_d94907e07b06,1,sobol,mid_left,220.37192650604993,477.1096069877968,0.0,0.0,0.759903194848448,1.2233579666353762,,,9,17,4,0.4760493827160494,59,5,True,9,9,0.00666666666666671,0.6615848593035396,88.09206419600378
orth6r_d94907e07b06_q02_rear_left,orth6r_d94907e07b06,2,sobol,rear_left,330.0118701579049,293.6547868978232,0.0,0.0,1.1379719660617411,0.7529609920457006,,,1,0,0,0.022222222222222223,14,0,False,0,9,,,139.0509208440053
orth6r_d94907e07b06_q02_rear_center,orth6r_d94907e07b06,2,sobol,rear_center,330.0118701579049,293.6547868978232,0.0,0.0,1.1379719660617411,0.7529609920457006,,,3,7,0,0.16,48,2,True,9,9,0.00666666666666671,8.970602038971265e-14,114.27592101399932
orth6r_d94907e07b06_q02_rear_right,orth6r_d94907e07b06,2,sobol,rear_right,330.0118701579049,293.6547868978232,0.0,0.0,1.1379719660617411,0.7529609920457006,,,7,12,5,0.377283950617284,56,5,True,9,9,0.00666666666666671,0.14675659885411552,90.73867425700155
orth6r_d94907e07b06_q02_mid_left,orth6r_d94907e07b06,2,sobol,mid_left,330.0118701579049,293.6547868978232,0.0,0.0,1.1379719660617411,0.7529609920457006,,,3,9,0,0.18666666666666668,43,2,True,9,9,0.00666666666666671,0.09520814111062759,119.6230243559985
orth6r_d94907e07b06_q03_rear_left,orth6r_d94907e07b06,3,sobol,rear_left,304.8679267941042,393.48026318941265,0.0,0.0,1.0512687130831182,1.0089237517677248,,,3,7,0,0.16,36,1,True,9,9,0.00666666666666671,5.284661597215745e-14,107.19098183599999
orth6r_d94907e07b06_q03_rear_center,orth6r_d94907e07b06,3,sobol,rear_center,304.8679267941042,393.48026318941265,0.0,0.0,1.0512687130831182,1.0089237517677248,,,8,16,4,0.44049382716049384,59,5,True,9,9,0.00666666666666671,0.3095816601507182,99.75162274999457
orth6r_d94907e07b06_q03_rear_right,orth6r_d94907e07b06,3,sobol,rear_right,304.8679267941042,393.48026318941265,0.0,0.0,1.0512687130831182,1.0089237517677248,,,12,20,7,0.6197530864197531,59,5,True,9,9,0.00666666666666671,0.22069628494920868,90.71145181400061
orth6r_d94907e07b06_q03_mid_left,orth6r_d94907e07b06,3,sobol,mid_left,304.8679267941042,393.48026318941265,0.0,0.0,1.0512687130831182,1.0089237517677248,,,9,17,2,0.45135802469135805,57,5,True,9,9,0.00666666666666671,0.4040632261040662,84.04217679199792
orth6r_d94907e07b06_q04_rear_left,orth6r_d94907e07b06,4,sobol,rear_left,268.2147795660421,383.37741577997804,0.0,0.0,0.9248785502277315,0.9830190148204565,,,1,3,0,0.062222222222222213,22,0,False,2,9,0.00666666666666671,5.906386491005833e-14,127.60118581599818
orth6r_d94907e07b06_q04_rear_center,orth6r_d94907e07b06,4,sobol,rear_center,268.2147795660421,383.37741577997804,0.0,0.0,0.9248785502277315,0.9830190148204565,,,4,11,1,0.24790123456790125,59,5,True,9,9,0.00666666666666671,0.19617748613105723,87.67445807199692
orth6r_d94907e07b06_q04_rear_right,orth6r_d94907e07b06,4,sobol,rear_right,268.2147795660421,383.37741577997804,0.0,0.0,0.9248785502277315,0.9830190148204565,,,11,15,5,0.5061728395061728,59,5,True,9,9,0.00666666666666671,0.22069628494738436,95.09221088300546
orth6r_d94907e07b06_q04_mid_left,orth6r_d94907e07b06,4,sobol,mid_left,268.2147795660421,383.37741577997804,0.0,0.0,0.9248785502277315,0.9830190148204565,,,4,13,0,0.2622222222222222,49,3,True,9,9,0.00666666666666671,0.3241447771689767,107.9359971859958
orth6r_d94907e07b06_q05_rear_left,orth6r_d94907e07b06,5,sobol,rear_left,281.2325715413317,419.83658687677234,0.0,0.0,0.9697674880735576,1.0765040689148009,,,2,7,0,0.13777777777777778,39,1,True,9,9,0.00666666666666671,0.03049646705178377,110.24743377699633
orth6r_d94907e07b06_q05_rear_center,orth6r_d94907e07b06,5,sobol,rear_center,281.2325715413317,419.83658687677234,0.0,0.0,0.9697674880735576,1.0765040689148009,,,9,17,6,0.5007407407407407,59,5,True,9,9,0.00666666666666671,0.3774210449575792,96.64801493300183
orth6r_d94907e07b06_q05_rear_right,orth6r_d94907e07b06,5,sobol,rear_right,281.2325715413317,419.83658687677234,0.0,0.0,0.9697674880735576,1.0765040689148009,,,12,21,7,0.6330864197530864,59,5,True,9,9,0.00666666666666671,0.22069628494937854,78.47725916299532
orth6r_d94907e07b06_q05_mid_left,orth6r_d94907e07b06,5,sobol,mid_left,281.2325715413317,419.83658687677234,0.0,0.0,0.9697674880735576,1.0765040689148009,,,9,17,3,0.46370370370370373,59,5,True,9,9,0.00666666666666671,0.47961924361188757,77.337111902998
orth6r_d94907e07b06_q06_rear_left,orth6r_d94907e07b06,6,sobol,rear_left,318.99976370390505,357.21161185763776,0.0,0.0,1.0999991851858795,0.9159272098913789,,,1,4,0,0.07555555555555556,25,1,True,7,9,0.00666666666666671,4.440892098500626e-16,117.19671940999979
orth6r_d94907e07b06_q06_rear_center,orth6r_d94907e07b06,6,sobol,rear_center,318.99976370390505,357.21161185763776,0.0,0.0,1.0999991851858795,0.9159272098913789,,,6,14,3,0.35703703703703704,59,5,True,9,9,0.00666666666666671,0.20241675345204424,94.25009807899914
orth6r_d94907e07b06_q06_rear_right,orth6r_d94907e07b06,6,sobol,rear_right,318.99976370390505,357.21161185763776,0.0,0.0,1.0999991851858795,0.9159272098913789,,,12,18,6,0.5807407407407408,59,5,True,9,9,0.00666666666666671,0.22069628495002624,84.42034475899709
orth6r_d94907e07b06_q06_mid_left,orth6r_d94907e07b06,6,sobol,mid_left,318.99976370390505,357.21161185763776,0.0,0.0,1.0999991851858795,0.9159272098913789,,,7,15,1,0.3679012345679012,51,3,True,9,9,0.00666666666666671,0.29573617578235467,99.82078002399794
orth6r_d94907e07b06_q07_rear_left,orth6r_d94907e07b06,7,sobol,rear_left,353.24433314148337,452.37116562668234,0.0,0.0,1.2180839073844254,1.159926065709442,,,11,19,3,0.5348148148148147,59,5,True,9,9,0.00666666666666671,0.2983632263500202,89.94346931999462
orth6r_d94907e07b06_q07_rear_center,orth6r_d94907e07b06,7,sobol,rear_center,353.24433314148337,452.37116562668234,0.0,0.0,1.2180839073844254,1.159926065709442,,,14,24,13,0.7916049382716049,59,5,True,9,9,0.00666666666666671,0.5093622685372052,90.31767111899535
orth6r_d94907e07b06_q07_rear_right,orth6r_d94907e07b06,7,sobol,rear_right,353.24433314148337,452.37116562668234,0.0,0.0,1.2180839073844254,1.159926065709442,,,15,25,13,0.8271604938271605,59,5,True,9,9,0.00666666666666671,0.22069628494948157,95.06761077899864
orth6r_d94907e07b06_q07_mid_left,orth6r_d94907e07b06,7,sobol,mid_left,353.24433314148337,452.37116562668234,0.0,0.0,1.2180839073844254,1.159926065709442,,,14,24,14,0.8039506172839506,59,5,True,9,9,0.00666666666666671,0.5917269322260847,82.32413358800113
orth6r_d94907e07b06_q08_rear_left,orth6r_d94907e07b06,8,sobol,rear_left,242.49042233917862,318.5835620574654,0.0,0.0,0.8361738701350987,0.8168809283524752,,,0,0,0,0.0,2,0,False,0,9,,,165.50138346300082
orth6r_d94907e07b06_q08_rear_center,orth6r_d94907e07b06,8,sobol,rear_center,242.49042233917862,318.5835620574654,0.0,0.0,0.8361738701350987,0.8168809283524752,,,1,0,0,0.022222222222222223,26,0,False,0,9,0.00666666666666671,4.440892098500626e-16,131.4781096509978
orth6r_d94907e07b06_q08_rear_right,orth6r_d94907e07b06,8,sobol,rear_right,242.49042233917862,318.5835620574654,0.0,0.0,0.8361738701350987,0.8168809283524752,,,2,6,1,0.13679012345679012,59,5,True,7,9,0.00666666666666671,0.0034546643401589527,103.91632516399841
orth6r_d94907e07b06_q08_mid_left,orth6r_d94907e07b06,8,sobol,mid_left,242.49042233917862,318.5835620574654,0.0,0.0,0.8361738701350987,0.8168809283524752,,,1,2,0,0.04888888888888889,25,0,False,1,9,0.00666666666666671,1.0568124153564895e-10,153.8094021020006
orth6r_d94907e07b06_q09_rear_left,orth6r_d94907e07b06,9,sobol,rear_left,246.87464884947985,405.15859129372984,0.0,0.0,0.8512918925844133,1.0388681828044355,,,1,3,0,0.062222222222222213,26,0,False,2,9,0.00666666666666671,5.10702591327572e-14,129.40781830000196
orth6r_d94907e07b06_q09_rear_center,orth6r_d94907e07b06,9,sobol,rear_center,246.87464884947985,405.15859129372984,0.0,0.0,0.8512918925844133,1.0388681828044355,,,4,11,2,0.26024691358024693,59,5,True,9,9,0.00666666666666671,0.23694423638024498,92.74632875899988
orth6r_d94907e07b06_q09_rear_right,orth6r_d94907e07b06,9,sobol,rear_right,246.87464884947985,405.15859129372984,0.0,0.0,0.8512918925844133,1.0388681828044355,,,11,15,5,0.5061728395061728,59,5,True,9,9,0.00666666666666671,0.22069628494748783,91.24784084100247
orth6r_d94907e07b06_q09_mid_left,orth6r_d94907e07b06,9,sobol,mid_left,246.87464884947985,405.15859129372984,0.0,0.0,0.8512918925844133,1.0388681828044355,,,5,13,0,0.28444444444444444,51,3,True,9,9,0.00666666666666671,0.37380648084760715,101.16911046899622
orth6r_d94907e07b06_q10_rear_left,orth6r_d94907e07b06,10,sobol,rear_left,353.6737997410819,365.7957644574345,0.0,0.0,1.2195648266933858,0.9379378575831652,,,4,8,0,0.19555555555555557,38,1,True,9,9,0.00666666666666671,0.024830005237095776,98.07675503700011
orth6r_d94907e07b06_q10_rear_center,orth6r_d94907e07b06,10,sobol,rear_center,353.6737997410819,365.7957644574345,0.0,0.0,1.2195648266933858,0.9379378575831652,,,11,17,6,0.5451851851851851,59,5,True,9,9,0.00666666666666671,0.2678594796135316,83.60632158099907
orth6r_d94907e07b06_q10_rear_right,orth6r_d94907e07b06,10,sobol,rear_right,353.6737997410819,365.7957644574345,0.0,0.0,1.2195648266933858,0.9379378575831652,,,12,24,8,0.6854320987654322,59,5,True,9,9,0.00666666666666671,0.22069628494940208,100.97124764599721
orth6r_d94907e07b06_q10_mid_left,orth6r_d94907e07b06,10,sobol,mid_left,353.6737997410819,365.7957644574345,0.0,0.0,1.2195648266933858,0.9379378575831652,,,11,19,3,0.5348148148148147,56,5,True,9,9,0.00666666666666671,0.34611069747617407,92.99264812400361
orth6r_d94907e07b06_q11_rear_left,orth6r_d94907e07b06,11,sobol,rear_left,315.4560220660642,467.06703723873943,0.0,0.0,1.087779386434704,1.1976077877916396,,,9,17,3,0.46370370370370373,58,5,True,9,9,0.00666666666666671,0.3086917327801788,86.36072844499722
orth6r_d94907e07b06_q11_rear_center,orth6r_d94907e07b06,11,sobol,rear_center,315.4560220660642,467.06703723873943,0.0,0.0,1.087779386434704,1.1976077877916396,,,13,24,12,0.757037037037037,59,5,True,9,9,0.00666666666666671,0.5093622685373833,84.58034975799819
orth6r_d94907e07b06_q11_rear_right,orth6r_d94907e07b06,11,sobol,rear_right,315.4560220660642,467.06703723873943,0.0,0.0,1.087779386434704,1.1976077877916396,,,15,25,13,0.8271604938271605,59,5,True,9,9,0.00666666666666671,0.22069628494919802,83.50942617299734
orth6r_d94907e07b06_q11_mid_left,orth6r_d94907e07b06,11,sobol,mid_left,315.4560220660642,467.06703723873943,0.0,0.0,1.087779386434704,1.1976077877916396,,,14,24,12,0.7792592592592592,59,5,True,9,9,0.00666666666666671,0.6450002960846397,91.35727493000013
orth6r_d94907e07b06_q12_rear_left,orth6r_d94907e07b06,12,sobol,rear_left,280.52847318816924,309.9815334286541,0.0,0.0,0.9673395627178252,0.7948244446888566,,,0,0,0,0.0,5,0,False,0,9,,,133.14987496600224
orth6r_d94907e07b06_q12_rear_center,orth6r_d94907e07b06,12,sobol,rear_center,280.52847318816924,309.9815334286541,0.0,0.0,0.9673395627178252,0.7948244446888566,,,2,3,0,0.08444444444444443,34,0,True,5,9,0.00666666666666671,4.440892098500626e-16,99.85333987399645
orth6r_d94907e07b06_q12_rear_right,orth6r_d94907e07b06,12,sobol,rear_right,280.52847318816924,309.9815334286541,0.0,0.0,0.9673395627178252,0.7948244446888566,,,4,7,1,0.1945679012345679,59,5,True,9,9,0.00666666666666671,0.0806273596507312,99.20977839099942
orth6r_d94907e07b06_q12_mid_left,orth6r_d94907e07b06,12,sobol,mid_left,280.52847318816924,309.9815334286541,0.0,0.0,0.9673395627178252,0.7948244446888566,,,1,3,0,0.062222222222222213,32,1,True,8,9,0.00666666666666671,2.3463453402428058e-11,144.38792858899978
orth6r_d94907e07b06_q13_rear_left,orth6r_d94907e07b06,13,sobol,rear_left,257.31619840953493,443.7694787839428,0.0,0.0,0.8872972358949482,1.137870458420366,,,3,8,0,0.17333333333333334,38,0,True,9,9,0.00666666666666671,0.06153199043095947,109.29585870199662
orth6r_d94907e07b06_q13_rear_center,orth6r_d94907e07b06,13,sobol,rear_center,257.31619840953493,443.7694787839428,0.0,0.0,0.8872972358949482,1.137870458420366,,,9,17,6,0.5007407407407407,59,5,True,9,9,0.00666666666666671,0.4416931017025263,88.60572898499959
orth6r_d94907e07b06_q13_rear_right,orth6r_d94907e07b06,13,sobol,rear_right,257.31619840953493,443.7694787839428,0.0,0.0,0.8872972358949482,1.137870458420366,,,12,22,8,0.6587654320987655,59,5,True,9,9,0.00666666666666671,0.22069628494848414,94.8837263059977
orth6r_d94907e07b06_q13_mid_left,orth6r_d94907e07b06,13,sobol,mid_left,257.31619840953493,443.7694787839428,0.0,0.0,0.8872972358949482,1.137870458420366,,,9,17,3,0.46370370370370373,59,5,True,9,9,0.00666666666666671,0.5546200792977565,82.84496073800256
orth6r_d94907e07b06_q14_rear_left,orth6r_d94907e07b06,14,sobol,rear_left,293.3931148285046,333.08857211843133,0.0,0.0,1.0117003959603608,0.8540732618421316,,,1,0,0,0.022222222222222223,12,0,False,0,9,,,125.66255564699532
orth6r_d94907e07b06_q14_rear_center,orth6r_d94907e07b06,14,sobol,rear_center,293.3931148285046,333.08857211843133,0.0,0.0,1.0117003959603608,0.8540732618421316,,,3,7,1,0.17234567901234568,49,3,True,9,9,0.00666666666666671,0.029710647199626905,103.06235966699751
orth6r_d94907e07b06_q14_rear_right,orth6r_d94907e07b06,14,sobol,rear_right,293.3931148285046,333.08857211843133,0.0,0.0,1.0117003959603608,0.8540732618421316,,,8,13,5,0.41283950617283954,59,5,True,9,9,0.00666666666666671,0.22069628494632698,86.332440072998
orth6r_d94907e07b06_q14_mid_left,orth6r_d94907e07b06,14,sobol,mid_left,293.3931148285046,333.08857211843133,0.0,0.0,1.0117003959603608,0.8540732618421316,,,3,10,0,0.20000000000000004,43,1,True,9,9,0.00666666666666671,0.16772857599867796,119.35418931500317
orth6r_d94907e07b06_q15_rear_left,orth6r_d94907e07b06,15,sobol,rear_left,340.6363726919517,426.83822093065834,0.0,0.0,1.1746081816963851,1.0944569767452776,,,9,17,2,0.45135802469135805,54,4,True,9,9,0.00666666666666671,0.20713529300750189,92.98396656800469
orth6r_d94907e07b06_q15_rear_center,orth6r_d94907e07b06,15,sobol,rear_center,340.6363726919517,426.83822093065834,0.0,0.0,1.1746081816963851,1.0944569767452776,,,12,24,10,0.7101234567901235,59,5,True,9,9,0.00666666666666671,0.43996619275380144,89.99796662200242
orth6r_d94907e07b06_q15_rear_right,orth6r_d94907e07b06,15,sobol,rear_right,340.6363726919517,426.83822093065834,0.0,0.0,1.1746081816963851,1.0944569767452776,,,14,25,11,0.7802469135802469,59,5,True,9,9,0.00666666666666671,0.22069628494919757,88.11071880099917
orth6r_d94907e07b06_q15_mid_left,orth6r_d94907e07b06,15,sobol,mid_left,340.6363726919517,426.83822093065834,0.0,0.0,1.1746081816963851,1.0944569767452776,,,14,23,10,0.7412345679012345,59,5,True,9,9,0.00666666666666671,0.5197927150488182,90.75427598600072
orth6r_d94907e07b06_q16_rear_left,orth6r_d94907e07b06,16,sobol,rear_left,232.68777647521347,343.92580102197826,0.0,0.0,0.8023716430179775,0.8818610282614827,,,0,0,0,0.0,3,0,False,0,9,,,168.45438139799808
orth6r_d94907e07b06_q16_rear_center,orth6r_d94907e07b06,16,sobol,rear_center,232.68777647521347,343.92580102197826,0.0,0.0,0.8023716430179775,0.8818610282614827,,,1,3,0,0.062222222222222213,36,0,False,3,9,0.00666666666666671,4.440892098500626e-16,127.74730001400167
orth6r_d94907e07b06_q16_rear_right,orth6r_d94907e07b06,16,sobol,rear_right,232.68777647521347,343.92580102197826,0.0,0.0,0.8023716430179775,0.8818610282614827,,,4,7,1,0.1945679012345679,59,5,True,9,9,0.00666666666666671,0.0458987086114524,99.51705589299672
orth6r_d94907e07b06_q16_mid_left,orth6r_d94907e07b06,16,sobol,mid_left,232.68777647521347,343.92580102197826,0.0,0.0,0.8023716430179775,0.8818610282614827,,,1,3,0,0.062222222222222213,29,0,True,5,9,0.00666666666666671,2.886579864025407e-14,145.55886162300158
orth6r_39bf1ac80cbc_q00_rear_left,orth6r_39bf1ac80cbc,0,baseline,rear_left,290.0,390.0,0.0,60.0,1.0,1.0,,1.0,3,11,0,0.21333333333333335,36,2,True,7,9,-3.846120500616834e-05,3.9968028886505635e-15,127.71001532200171
orth6r_39bf1ac80cbc_q00_rear_center,orth6r_39bf1ac80cbc,0,baseline,rear_center,290.0,390.0,0.0,60.0,1.0,1.0,,1.0,10,14,4,0.4582716049382716,48,5,True,9,9,0.00666666666666671,0.2488266517464255,101.58328194599744
orth6r_39bf1ac80cbc_q00_rear_right,orth6r_39bf1ac80cbc,0,baseline,rear_right,290.0,390.0,0.0,60.0,1.0,1.0,,1.0,8,10,3,0.34814814814814815,51,6,True,9,9,0.00666666666666671,0.22069628494919713,84.51356583600136
orth6r_39bf1ac80cbc_q00_mid_left,orth6r_39bf1ac80cbc,0,baseline,mid_left,290.0,390.0,0.0,60.0,1.0,1.0,,1.0,9,11,2,0.371358024691358,45,7,True,9,9,0.00666666666666671,0.3690635523025909,115.87682392800343
orth6r_39bf1ac80cbc_q01_rear_left,orth6r_39bf1ac80cbc,1,sobol,rear_left,220.37192650604993,477.1096069877968,0.0,71.73009887337685,0.759903194848448,1.2233579666353762,,1.195501647889614,8,14,1,0.37679012345679014,49,6,False,4,9,-0.00011709935831376306,1.8207657603852567e-14,131.76237386700086
orth6r_39bf1ac80cbc_q01_rear_center,orth6r_39bf1ac80cbc,1,sobol,rear_center,220.37192650604993,477.1096069877968,0.0,71.73009887337685,0.759903194848448,1.2233579666353762,,1.195501647889614,9,13,4,0.422716049382716,54,5,True,9,9,0.00666666666666671,0.4541743034821255,109.0241408189977
orth6r_39bf1ac80cbc_q01_rear_right,orth6r_39bf1ac80cbc,1,sobol,rear_right,220.37192650604993,477.1096069877968,0.0,71.73009887337685,0.759903194848448,1.2233579666353762,,1.195501647889614,7,12,4,0.36493827160493825,33,4,True,9,9,0.00666666666666671,0.22069628494919713,91.28925247299776
orth6r_39bf1ac80cbc_q01_mid_left,orth6r_39bf1ac80cbc,1,sobol,mid_left,220.37192650604993,477.1096069877968,0.0,71.73009887337685,0.759903194848448,1.2233579666353762,,1.195501647889614,8,14,4,0.41382716049382723,49,6,True,9,9,0.00666666666666671,0.558747017892177,109.59903285500332
orth6r_39bf1ac80cbc_q02_rear_left,orth6r_39bf1ac80cbc,2,sobol,rear_left,291.4129546331242,309.1752206766978,0.0,52.10004832595586,1.0048722573556006,0.7927569760940969,,0.8683341387659311,1,1,0,0.035555555555555556,15,0,False,0,9,,,176.5291879550059
orth6r_39bf1ac80cbc_q02_rear_center,orth6r_39bf1ac80cbc,2,sobol,rear_center,291.4129546331242,309.1752206766978,0.0,52.10004832595586,1.0048722573556006,0.7927569760940969,,0.8683341387659311,3,8,0,0.17333333333333334,37,4,True,8,9,0.00666666666666671,5.551115123125783e-14,102.07978260699747
orth6r_39bf1ac80cbc_q02_rear_right,orth6r_39bf1ac80cbc,2,sobol,rear_right,291.4129546331242,309.1752206766978,0.0,52.10004832595586,1.0048722573556006,0.7927569760940969,,0.8683341387659311,8,9,1,0.31012345679012343,49,6,True,8,9,-0.0004768821908821552,0.03843532194830246,108.01927534400602
orth6r_39bf1ac80cbc_q02_mid_left,orth6r_39bf1ac80cbc,2,sobol,mid_left,291.4129546331242,309.1752206766978,0.0,52.10004832595586,1.0048722573556006,0.7927569760940969,,0.8683341387659311,4,9,0,0.2088888888888889,35,3,False,5,9,0.00666666666666671,1.3322676295501878e-15,154.9344836829987
orth6r_39bf1ac80cbc_q03_rear_left,orth6r_39bf1ac80cbc,3,sobol,rear_left,359.8312904313206,414.22999280970544,0.0,62.65976476483047,1.2407975532114506,1.0621281866915524,,1.0443294127471745,11,16,3,0.4948148148148148,47,6,True,9,9,0.00666666666666671,0.21314495486105134,103.55168878100085
orth6r_39bf1ac80cbc_q03_rear_center,orth6r_39bf1ac80cbc,3,sobol,rear_center,359.8312904313206,414.22999280970544,0.0,62.65976476483047,1.2407975532114506,1.0621281866915524,,1.0443294127471745,9,19,9,0.5644444444444444,49,5,True,9,9,0.00666666666666671,0.4457534685632636,94.14652490200388
orth6r_39bf1ac80cbc_q03_rear_right,orth6r_39bf1ac80cbc,3,sobol,rear_right,359.8312904313206,414.22999280970544,0.0,62.65976476483047,1.2407975532114506,1.0621281866915524,,1.0443294127471745,11,20,9,0.6222222222222222,51,6,True,9,9,0.00666666666666671,0.22069628494920712,93.9338486380002
orth6r_39bf1ac80cbc_q03_mid_left,orth6r_39bf1ac80cbc,3,sobol,mid_left,359.8312904313206,414.22999280970544,0.0,62.65976476483047,1.2407975532114506,1.0621281866915524,,1.0443294127471745,11,21,12,0.6725925925925926,48,5,True,9,9,0.00666666666666671,0.5235935312939364,104.1741493820009
orth6r_39bf1ac80cbc_q04_rear_left,orth6r_39bf1ac80cbc,4,sobol,rear_left,287.8168336674571,384.2410330893472,0.0,54.16847764514386,0.9924718402326107,0.9852334181778133,,0.9028079607523978,3,8,0,0.17333333333333334,35,2,True,7,9,-0.0004161726936230889,4.440892098500626e-16,123.05784065999615
orth6r_39bf1ac80cbc_q04_rear_center,orth6r_39bf1ac80cbc,4,sobol,rear_center,287.8168336674571,384.2410330893472,0.0,54.16847764514386,0.9924718402326107,0.9852334181778133,,0.9028079607523978,10,11,3,0.40592592592592586,48,5,True,9,9,0.00666666666666671,0.22010541197469635,106.95753912600048
orth6r_39bf1ac80cbc_q04_rear_right,orth6r_39bf1ac80cbc,4,sobol,rear_right,287.8168336674571,384.2410330893472,0.0,54.16847764514386,0.9924718402326107,0.9852334181778133,,0.9028079607523978,8,11,3,0.36148148148148146,50,6,True,9,9,0.00666666666666671,0.22069628494919713,92.13431048599887
orth6r_39bf1ac80cbc_q04_mid_left,orth6r_39bf1ac80cbc,4,sobol,mid_left,287.8168336674571,384.2410330893472,0.0,54.16847764514386,0.9924718402326107,0.9852334181778133,,0.9028079607523978,9,12,2,0.38469135802469134,43,6,True,9,9,0.00666666666666671,0.34405988655019604,110.12693450799998
orth6r_39bf1ac80cbc_q05_rear_left,orth6r_39bf1ac80cbc,5,sobol,rear_left,261.81384137365967,433.21303294971585,0.0,47.37656059674918,0.9028063495643437,1.110802648589015,,0.7896093432791531,3,11,0,0.21333333333333335,40,3,True,8,9,-0.0002516641432800601,2.0872192862952943e-14,119.24761098599993
orth6r_39bf1ac80cbc_q05_rear_center,orth6r_39bf1ac80cbc,5,sobol,rear_center,261.81384137365967,433.21303294971585,0.0,47.37656059674918,0.9028063495643437,1.110802648589015,,0.7896093432791531,10,13,5,0.45728395061728394,49,6,True,9,9,0.00666666666666671,0.37934313538822684,98.10030103500321
orth6r_39bf1ac80cbc_q05_rear_right,orth6r_39bf1ac80cbc,5,sobol,rear_right,261.81384137365967,433.21303294971585,0.0,47.37656059674918,0.9028063495643437,1.110802648589015,,0.7896093432791531,8,13,5,0.41283950617283954,47,6,True,9,9,0.00666666666666671,0.22069628494919713,100.85532941699785
orth6r_39bf1ac80cbc_q05_mid_left,orth6r_39bf1ac80cbc,5,sobol,mid_left,261.81384137365967,433.21303294971585,0.0,47.37656059674918,0.9028063495643437,1.110802648589015,,0.7896093432791531,6,13,4,0.3560493827160494,45,6,True,9,9,0.00666666666666671,0.5001813559730066,110.82209816700197
orth6r_39bf1ac80cbc_q06_rear_left,orth6r_39bf1ac80cbc,6,sobol,rear_left,331.5251380065456,364.877696922049,0.0,68.99834110401571,1.1431901310570538,0.9355838382616639,,1.1499723517335951,7,15,1,0.3679012345679012,39,4,False,3,9,-6.456357997724343e-05,3.241851231905457e-14,133.71436753600574
orth6r_39bf1ac80cbc_q06_rear_center,orth6r_39bf1ac80cbc,6,sobol,rear_center,331.5251380065456,364.877696922049,0.0,68.99834110401571,1.1431901310570538,0.9355838382616639,,1.1499723517335951,11,15,4,0.49382716049382713,50,5,True,9,9,0.00666666666666671,0.25034381054244736,98.0275992349998
orth6r_39bf1ac80cbc_q06_rear_right,orth6r_39bf1ac80cbc,6,sobol,rear_right,331.5251380065456,364.877696922049,0.0,68.99834110401571,1.1431901310570538,0.9355838382616639,,1.1499723517335951,8,13,3,0.38814814814814813,50,5,True,9,9,0.00666666666666671,0.22069628494919735,89.56451333400037
orth6r_39bf1ac80cbc_q06_mid_left,orth6r_39bf1ac80cbc,6,sobol,mid_left,331.5251380065456,364.877696922049,0.0,68.99834110401571,1.1431901310570538,0.9355838382616639,,1.1499723517335951,11,15,3,0.48148148148148145,47,6,True,9,9,0.00666666666666671,0.3524129722144247,108.53502416399715
orth6r_39bf1ac80cbc_q07_rear_left,orth6r_39bf1ac80cbc,7,sobol,rear_left,317.41645684465766,454.88782636821276,0.0,57.06172853708267,1.0945395063608885,1.1663790419697762,,0.9510288089513779,11,13,3,0.4548148148148148,48,6,True,9,9,0.00666666666666671,0.2723020012415849,106.09467633099848
orth6r_39bf1ac80cbc_q07_rear_center,orth6r_39bf1ac80cbc,7,sobol,rear_center,317.41645684465766,454.88782636821276,0.0,57.06172853708267,1.0945395063608885,1.1663790419697762,,0.9510288089513779,11,18,10,0.6079012345679012,47,5,True,9,9,0.00666666666666671,0.5093622685330532,92.98000420000608
orth6r_39bf1ac80cbc_q07_rear_right,orth6r_39bf1ac80cbc,7,sobol,rear_right,317.41645684465766,454.88782636821276,0.0,57.06172853708267,1.0945395063608885,1.1663790419697762,,0.9510288089513779,10,20,8,0.5876543209876544,52,6,True,9,9,0.00666666666666671,0.22069628494919757,91.2200843249957
orth6r_39bf1ac80cbc_q07_mid_left,orth6r_39bf1ac80cbc,7,sobol,mid_left,317.41645684465766,454.88782636821276,0.0,57.06172853708267,1.0945395063608885,1.1663790419697762,,0.9510288089513779,11,21,12,0.6725925925925926,47,5,True,9,9,0.00666666666666671,0.6318213648141042,104.75226146000205
orth6r_39bf1ac80cbc_q08_rear_left,orth6r_39bf1ac80cbc,8,sobol,rear_left,248.67874441668388,331.0155894700438,0.0,67.31128614395857,0.8575129117816687,0.848757921718061,,1.1218547690659761,1,0,0,0.022222222222222223,15,0,False,0,9,,,172.69292774100177
orth6r_39bf1ac80cbc_q08_rear_center,orth6r_39bf1ac80cbc,8,sobol,rear_center,248.67874441668388,331.0155894700438,0.0,67.31128614395857,0.8575129117816687,0.848757921718061,,1.1218547690659761,3,7,0,0.16,45,5,False,0,9,-0.0008470745797294135,2.7489122089718876e-13,121.7924419339979
orth6r_39bf1ac80cbc_q08_rear_right,orth6r_39bf1ac80cbc,8,sobol,rear_right,248.67874441668388,331.0155894700438,0.0,67.31128614395857,0.8575129117816687,0.848757921718061,,1.1218547690659761,7,7,0,0.2488888888888889,46,5,False,3,9,-0.0008470845674925925,1.0169642905566434e-13,104.30143848300213
orth6r_39bf1ac80cbc_q08_mid_left,orth6r_39bf1ac80cbc,8,sobol,mid_left,248.67874441668388,331.0155894700438,0.0,67.31128614395857,0.8575129117816687,0.848757921718061,,1.1218547690659761,4,12,0,0.24888888888888885,36,3,False,0,9,-0.0008472128235527121,3.552713678800501e-15,154.850094499001
orth6r_39bf1ac80cbc_q09_rear_left,orth6r_39bf1ac80cbc,9,sobol,rear_left,240.4728474700823,390.85997025948024,0.0,58.892726758494966,0.829216715414077,1.002205051947385,,0.9815454459749162,1,6,0,0.10222222222222221,27,0,False,3,9,0.0015649237519004544,4.440892098500626e-16,140.70071018399904
orth6r_39bf1ac80cbc_q09_rear_center,orth6r_39bf1ac80cbc,9,sobol,rear_center,240.4728474700823,390.85997025948024,0.0,58.892726758494966,0.829216715414077,1.002205051947385,,0.9815454459749162,7,10,1,0.30123456790123454,48,5,True,9,9,0.0015649391817426916,1.0905498726287988e-11,112.86312613799964
orth6r_39bf1ac80cbc_q09_rear_right,orth6r_39bf1ac80cbc,9,sobol,rear_right,240.4728474700823,390.85997025948024,0.0,58.892726758494966,0.829216715414077,1.002205051947385,,0.9815454459749162,10,11,3,0.40592592592592586,50,6,True,9,9,0.00666666666666671,0.22069628494919713,82.64349622100417
orth6r_39bf1ac80cbc_q09_mid_left,orth6r_39bf1ac80cbc,9,sobol,mid_left,240.4728474700823,390.85997025948024,0.0,58.892726758494966,0.829216715414077,1.002205051947385,,0.9815454459749162,6,10,1,0.27901234567901234,42,6,True,9,9,0.00666666666666671,0.008480639928892586,133.1173344609997
orth6r_39bf1ac80cbc_q10_rear_left,orth6r_39bf1ac80cbc,10,sobol,rear_left,317.1244615549221,370.66770207602536,0.0,65.39228436537087,1.0935326260514557,0.9504300053231418,,1.0898714060895145,5,13,1,0.2967901234567901,38,2,False,2,9,-0.00029299524589945086,1.199040866595169e-14,115.71641531899513
orth6r_39bf1ac80cbc_q10_rear_center,orth6r_39bf1ac80cbc,10,sobol,rear_center,317.1244615549221,370.66770207602536,0.0,65.39228436537087,1.0935326260514557,0.9504300053231418,,1.0898714060895145,11,14,4,0.48049382716049377,48,5,True,9,9,0.00666666666666671,0.23872555836085407,101.56970958799502
orth6r_39bf1ac80cbc_q10_rear_right,orth6r_39bf1ac80cbc,10,sobol,rear_right,317.1244615549221,370.66770207602536,0.0,65.39228436537087,1.0935326260514557,0.9504300053231418,,1.0898714060895145,8,11,3,0.36148148148148146,50,5,True,9,9,0.00666666666666671,0.22069628494919713,84.9636390240048
orth6r_39bf1ac80cbc_q10_mid_left,orth6r_39bf1ac80cbc,10,sobol,mid_left,317.1244615549221,370.66770207602536,0.0,65.39228436537087,1.0935326260514557,0.9504300053231418,,1.0898714060895145,10,13,3,0.4325925925925926,48,6,True,9,9,0.00666666666666671,0.34771078796987664,111.35596047499712
orth6r_39bf1ac80cbc_q11_rear_left,orth6r_39bf1ac80cbc,11,sobol,rear_left,339.18178008869285,472.8063336526975,0.0,45.486855637282126,1.1695923451334238,1.2123239324428141,,0.7581142606213689,8,20,5,0.5061728395061729,42,5,True,9,9,0.00666666666666671,0.3684385879818539,91.89465776499856
orth6r_39bf1ac80cbc_q11_rear_center,orth6r_39bf1ac80cbc,11,sobol,rear_center,339.18178008869285,472.8063336526975,0.0,45.486855637282126,1.1695923451334238,1.2123239324428141,,0.7581142606213689,10,22,13,0.6760493827160494,45,6,True,9,9,0.00666666666666671,0.5093622685371966,90.87875255600375
orth6r_39bf1ac80cbc_q11_rear_right,orth6r_39bf1ac80cbc,11,sobol,rear_right,339.18178008869285,472.8063336526975,0.0,45.486855637282126,1.1695923451334238,1.2123239324428141,,0.7581142606213689,10,22,12,0.6637037037037037,50,6,True,9,9,0.00666666666666671,0.2206962849492784,96.51520379399881
orth6r_39bf1ac80cbc_q11_mid_left,orth6r_39bf1ac80cbc,11,sobol,mid_left,339.18178008869285,472.8063336526975,0.0,45.486855637282126,1.1695923451334238,1.2123239324428141,,0.7581142606213689,10,23,14,0.7017283950617283,41,5,True,9,9,0.00666666666666671,0.6825701815056386,104.15939768800308
orth6r_39bf1ac80cbc_q12_rear_left,orth6r_39bf1ac80cbc,12,sobol,rear_left,263.7867977656424,300.9101404482499,0.0,70.85863614454865,0.9096096474677324,0.7715644626878202,,1.180977269075811,1,0,0,0.022222222222222223,13,0,False,0,9,,,182.78700253400166
orth6r_39bf1ac80cbc_q12_rear_center,orth6r_39bf1ac80cbc,12,sobol,rear_center,263.7867977656424,300.9101404482499,0.0,70.85863614454865,0.9096096474677324,0.7715644626878202,,1.180977269075811,4,9,0,0.2088888888888889,40,4,False,0,9,-0.0004864908181002811,4.4231285301066237e-13,140.7843456480041
orth6r_39bf1ac80cbc_q12_rear_right,orth6r_39bf1ac80cbc,12,sobol,rear_right,263.7867977656424,300.9101404482499,0.0,70.85863614454865,0.9096096474677324,0.7715644626878202,,1.180977269075811,3,6,0,0.14666666666666667,43,5,False,0,9,-0.0004866533769101594,1.9984014443252818e-14,103.41229008300434
orth6r_39bf1ac80cbc_q12_mid_left,orth6r_39bf1ac80cbc,12,sobol,mid_left,263.7867977656424,300.9101404482499,0.0,70.85863614454865,0.9096096474677324,0.7715644626878202,,1.180977269075811,4,11,0,0.23555555555555555,31,1,False,0,9,-0.0004867491234055443,4.440892098500626e-16,154.0619572739961
orth6r_39bf1ac80cbc_q13_rear_left,orth6r_39bf1ac80cbc,13,sobol,rear_left,273.93207472283393,447.70580917596817,0.0,60.79947022721171,0.9445933611132205,1.1479636132717133,,1.013324503786862,9,13,1,0.38567901234567903,46,5,True,9,9,0.00666666666666671,0.08431022389715759,111.35444478699355
orth6r_39bf1ac80cbc_q13_rear_center,orth6r_39bf1ac80cbc,13,sobol,rear_center,273.93207472283393,447.70580917596817,0.0,60.79947022721171,0.9445933611132205,1.1479636132717133,,1.013324503786862,8,13,5,0.41283950617283954,50,5,True,9,9,0.00666666666666671,0.4588227426868585,98.54958715500106
orth6r_39bf1ac80cbc_q13_rear_right,orth6r_39bf1ac80cbc,13,sobol,rear_right,273.93207472283393,447.70580917596817,0.0,60.79947022721171,0.9445933611132205,1.1479636132717133,,1.013324503786862,9,15,6,0.47407407407407404,50,6,True,9,9,0.00666666666666671,0.22069628494919713,82.28585196200584
orth6r_39bf1ac80cbc_q13_mid_left,orth6r_39bf1ac80cbc,13,sobol,mid_left,273.93207472283393,447.70580917596817,0.0,60.79947022721171,0.9445933611132205,1.1479636132717133,,1.013324503786862,9,15,7,0.48641975308641977,46,6,True,9,9,0.00666666666666671,0.5695227738119946,96.58972680199804
orth6r_39bf1ac80cbc_q14_rear_left,orth6r_39bf1ac80cbc,14,sobol,rear_left,347.09454212803394,326.39096022583544,0.0,56.05818310752511,1.196877731475979,0.8368998980149627,,0.9343030517920852,4,9,0,0.2088888888888889,30,3,True,9,9,0.004249100276391034,4.440892098500626e-16,133.07982175800134
orth6r_39bf1ac80cbc_q14_rear_center,orth6r_39bf1ac80cbc,14,sobol,rear_center,347.09454212803394,326.39096022583544,0.0,56.05818310752511,1.196877731475979,0.8368998980149627,,0.9343030517920852,10,13,3,0.4325925925925926,46,6,True,9,9,0.00666666666666671,0.14670497521288928,106.24171433500305
orth6r_39bf1ac80cbc_q14_rear_right,orth6r_39bf1ac80cbc,14,sobol,rear_right,347.09454212803394,326.39096022583544,0.0,56.05818310752511,1.196877731475979,0.8368998980149627,,0.9343030517920852,12,18,3,0.5437037037037037,49,6,True,9,9,0.00666666666666671,0.22069628494924598,102.23136602299928
orth6r_39bf1ac80cbc_q14_mid_left,orth6r_39bf1ac80cbc,14,sobol,mid_left,347.09454212803394,326.39096022583544,0.0,56.05818310752511,1.196877731475979,0.8368998980149627,,0.9343030517920852,10,13,2,0.4202469135802469,43,4,True,9,9,0.00666666666666671,0.2513308859965906,122.00501387400436
orth6r_39bf1ac80cbc_q15_rear_left,orth6r_39bf1ac80cbc,15,sobol,rear_left,306.97978094220156,419.19932747259736,0.0,73.64910126663744,1.0585509687662125,1.0748700704425573,,1.227485021110624,9,15,1,0.41234567901234565,48,5,True,9,9,0.00666666666666671,0.056431817939346374,116.93056346700178
orth6r_39bf1ac80cbc_q15_rear_center,orth6r_39bf1ac80cbc,15,sobol,rear_center,306.97978094220156,419.19932747259736,0.0,73.64910126663744,1.0585509687662125,1.0748700704425573,,1.227485021110624,10,14,5,0.4706172839506173,53,5,True,9,9,0.00666666666666671,0.4016252189424383,92.24727578299644
orth6r_39bf1ac80cbc_q15_rear_right,orth6r_39bf1ac80cbc,15,sobol,rear_right,306.97978094220156,419.19932747259736,0.0,73.64910126663744,1.0585509687662125,1.0748700704425573,,1.227485021110624,9,15,6,0.47407407407407404,51,5,True,9,9,0.00666666666666671,0.22069628494919713,91.68344326600345
orth6r_39bf1ac80cbc_q15_mid_left,orth6r_39bf1ac80cbc,15,sobol,mid_left,306.97978094220156,419.19932747259736,0.0,73.64910126663744,1.0585509687662125,1.0748700704425573,,1.227485021110624,10,15,7,0.508641975308642,52,6,True,9,9,0.00666666666666671,0.5025969338823983,101.76492006700573
orth6r_39bf1ac80cbc_q16_rear_left,orth6r_39bf1ac80cbc,16,sobol,rear_left,232.56052620708942,342.70975596271455,0.0,50.269050719216466,0.8019328489899635,0.8787429640069604,,0.8378175119869411,1,0,0,0.022222222222222223,10,0,False,0,9,,,162.53130776200123
orth6r_39bf1ac80cbc_q16_rear_center,orth6r_39bf1ac80cbc,16,sobol,rear_center,232.56052620708942,342.70975596271455,0.0,50.269050719216466,0.8019328489899635,0.8787429640069604,,0.8378175119869411,1,5,0,0.08888888888888889,39,4,True,7,9,0.00666666666666671,1.3944401189291966e-13,137.11407137799688
orth6r_39bf1ac80cbc_q16_rear_right,orth6r_39bf1ac80cbc,16,sobol,rear_right,232.56052620708942,342.70975596271455,0.0,50.269050719216466,0.8019328489899635,0.8787429640069604,,0.8378175119869411,2,4,0,0.09777777777777778,44,5,True,8,9,0.00666666666666671,4.1744385725905886e-14,113.0212712920038
orth6r_39bf1ac80cbc_q16_mid_left,orth6r_39bf1ac80cbc,16,sobol,mid_left,232.56052620708942,342.70975596271455,0.0,50.269050719216466,0.8019328489899635,0.8787429640069604,,0.8378175119869411,0,8,0,0.10666666666666667,32,2,True,7,9,0.00666666666666671,7.771561172376096e-14,170.0529020279937
orth6r_ebb9ebb875ae_q00_rear_left,orth6r_ebb9ebb875ae,0,baseline,rear_left,290.0,390.0,0.0,0.0,1.0,1.0,,,1,4,0,0.07555555555555556,34,0,True,8,9,0.00666666666666671,0.012745242889443453,98.34593509099795
orth6r_ebb9ebb875ae_q00_rear_center,orth6r_ebb9ebb875ae,0,baseline,rear_center,290.0,390.0,0.0,0.0,1.0,1.0,,,5,13,4,0.33382716049382716,59,5,True,9,9,0.00666666666666671,0.2772890286015479,86.01324999200006
orth6r_ebb9ebb875ae_q00_rear_right,orth6r_ebb9ebb875ae,0,baseline,rear_right,290.0,390.0,0.0,0.0,1.0,1.0,,,9,17,8,0.5254320987654321,59,5,True,9,9,0.00666666666666671,0.43208572483156193,88.67060438199405
orth6r_ebb9ebb875ae_q00_mid_left,orth6r_ebb9ebb875ae,0,baseline,mid_left,290.0,390.0,0.0,0.0,1.0,1.0,,,6,15,3,0.3703703703703704,58,4,True,9,9,0.00666666666666671,0.3794736320753602,92.79987230000552
orth6r_ebb9ebb875ae_q01_rear_left,orth6r_ebb9ebb875ae,1,sobol,rear_left,220.37192650604993,477.1096069877968,0.0,0.0,0.759903194848448,1.2233579666353762,,,2,8,1,0.1634567901234568,48,1,True,9,9,0.00666666666666671,0.09130084112938519,103.50451766599872
orth6r_ebb9ebb875ae_q01_rear_center,orth6r_ebb9ebb875ae,1,sobol,rear_center,220.37192650604993,477.1096069877968,0.0,0.0,0.759903194848448,1.2233579666353762,,,7,17,8,0.48098765432098767,59,5,True,9,9,0.00666666666666671,0.5292903633482502,87.21602341400285
orth6r_ebb9ebb875ae_q01_rear_right,orth6r_ebb9ebb875ae,1,sobol,rear_right,220.37192650604993,477.1096069877968,0.0,0.0,0.759903194848448,1.2233579666353762,,,9,20,11,0.6024691358024691,46,5,True,9,9,0.00666666666666671,0.7301843387402298,95.11894645199936
orth6r_ebb9ebb875ae_q01_mid_left,orth6r_ebb9ebb875ae,1,sobol,mid_left,220.37192650604993,477.1096069877968,0.0,0.0,0.759903194848448,1.2233579666353762,,,7,17,5,0.44395061728395063,59,5,True,9,9,0.00666666666666671,0.661584859306453,96.08260320900445
orth6r_ebb9ebb875ae_q02_rear_left,orth6r_ebb9ebb875ae,2,sobol,rear_left,330.0118701579049,293.6547868978232,0.0,0.0,1.1379719660617411,0.7529609920457006,,,1,0,0,0.022222222222222223,17,0,False,0,9,,,101.16993471799651
orth6r_ebb9ebb875ae_q02_rear_center,orth6r_ebb9ebb875ae,2,sobol,rear_center,330.0118701579049,293.6547868978232,0.0,0.0,1.1379719660617411,0.7529609920457006,,,2,6,0,0.12444444444444443,52,2,True,8,9,-0.0005828594565244968,0.011797625799919498,94.31590535100258
orth6r_ebb9ebb875ae_q02_rear_right,orth6r_ebb9ebb875ae,2,sobol,rear_right,330.0118701579049,293.6547868978232,0.0,0.0,1.1379719660617411,0.7529609920457006,,,4,11,6,0.30962962962962964,59,5,True,9,9,0.00666666666666671,0.14675659885411552,87.156478719
orth6r_ebb9ebb875ae_q02_mid_left,orth6r_ebb9ebb875ae,2,sobol,mid_left,330.0118701579049,293.6547868978232,0.0,0.0,1.1379719660617411,0.7529609920457006,,,3,9,1,0.19901234567901235,49,3,True,9,9,0.00666666666666671,0.0952081411106267,98.99882339299802
orth6r_ebb9ebb875ae_q03_rear_left,orth6r_ebb9ebb875ae,3,sobol,rear_left,304.8679267941042,393.48026318941265,0.0,0.0,1.0512687130831182,1.0089237517677248,,,2,6,0,0.12444444444444443,42,0,True,8,9,0.00666666666666671,0.009341056869289766,80.90178012799879
orth6r_ebb9ebb875ae_q03_rear_center,orth6r_ebb9ebb875ae,3,sobol,rear_center,304.8679267941042,393.48026318941265,0.0,0.0,1.0512687130831182,1.0089237517677248,,,6,16,5,0.40839506172839507,59,5,True,9,9,0.00666666666666671,0.30958166005301146,99.07641952599806
orth6r_ebb9ebb875ae_q03_rear_right,orth6r_ebb9ebb875ae,3,sobol,rear_right,304.8679267941042,393.48026318941265,0.0,0.0,1.0512687130831182,1.0089237517677248,,,9,20,9,0.5777777777777778,59,5,True,9,9,0.00666666666666671,0.45312321838538927,99.99817720500141
orth6r_ebb9ebb875ae_q03_mid_left,orth6r_ebb9ebb875ae,3,sobol,mid_left,304.8679267941042,393.48026318941265,0.0,0.0,1.0512687130831182,1.0089237517677248,,,7,17,3,0.4192592592592593,59,5,True,9,9,0.00666666666666671,0.4040632259877841,90.3605233269991
orth6r_ebb9ebb875ae_q04_rear_left,orth6r_ebb9ebb875ae,4,sobol,rear_left,268.2147795660421,383.37741577997804,0.0,0.0,0.9248785502277315,0.9830190148204565,,,1,2,0,0.04888888888888889,28,0,False,2,9,0.00666666666666671,0.003400475066763331,97.50787678000052
orth6r_ebb9ebb875ae_q04_rear_center,orth6r_ebb9ebb875ae,4,sobol,rear_center,268.2147795660421,383.37741577997804,0.0,0.0,0.9248785502277315,0.9830190148204565,,,3,11,2,0.2380246913580247,57,5,True,9,9,0.00666666666666671,0.1961774861310568,97.73157171400089
orth6r_ebb9ebb875ae_q04_rear_right,orth6r_ebb9ebb875ae,4,sobol,rear_right,268.2147795660421,383.37741577997804,0.0,0.0,0.9248785502277315,0.9830190148204565,,,6,15,8,0.43209876543209874,59,5,True,9,9,0.00666666666666671,0.38623945463521436,93.0796348990043
orth6r_ebb9ebb875ae_q04_mid_left,orth6r_ebb9ebb875ae,4,sobol,mid_left,268.2147795660421,383.37741577997804,0.0,0.0,0.9248785502277315,0.9830190148204565,,,3,13,1,0.25234567901234567,53,3,True,9,9,0.00666666666666671,0.32414477716829637,86.17723700399802
orth6r_ebb9ebb875ae_q05_rear_left,orth6r_ebb9ebb875ae,5,sobol,rear_left,281.2325715413317,419.83658687677234,0.0,0.0,0.9697674880735576,1.0765040689148009,,,1,7,0,0.11555555555555556,45,0,True,9,9,0.00666666666666671,0.03049646300411224,100.41619190399797
orth6r_ebb9ebb875ae_q05_rear_center,orth6r_ebb9ebb875ae,5,sobol,rear_center,281.2325715413317,419.83658687677234,0.0,0.0,0.9697674880735576,1.0765040689148009,,,6,17,7,0.4464197530864198,59,5,True,9,9,0.00666666666666671,0.3774210449118529,89.00146449999738
orth6r_ebb9ebb875ae_q05_rear_right,orth6r_ebb9ebb875ae,5,sobol,rear_right,281.2325715413317,419.83658687677234,0.0,0.0,0.9697674880735576,1.0765040689148009,,,9,21,10,0.6034567901234568,58,5,True,9,9,0.00666666666666671,0.532911445309695,89.49756469999556
orth6r_ebb9ebb875ae_q05_mid_left,orth6r_ebb9ebb875ae,5,sobol,mid_left,281.2325715413317,419.83658687677234,0.0,0.0,0.9697674880735576,1.0765040689148009,,,6,17,4,0.40938271604938276,59,5,True,9,9,0.00666666666666671,0.4796192435534201,86.36721898199903
orth6r_ebb9ebb875ae_q06_rear_left,orth6r_ebb9ebb875ae,6,sobol,rear_left,318.99976370390505,357.21161185763776,0.0,0.0,1.0999991851858795,0.9159272098913789,,,1,2,0,0.04888888888888889,33,0,True,6,9,-0.00013108899835569815,0.009428497193750385,89.3581234930025
orth6r_ebb9ebb875ae_q06_rear_center,orth6r_ebb9ebb875ae,6,sobol,rear_center,318.99976370390505,357.21161185763776,0.0,0.0,1.0999991851858795,0.9159272098913789,,,4,13,4,0.3116049382716049,59,5,True,9,9,0.00666666666666671,0.2024167532029697,89.82425469799637
orth6r_ebb9ebb875ae_q06_rear_right,orth6r_ebb9ebb875ae,6,sobol,rear_right,318.99976370390505,357.21161185763776,0.0,0.0,1.0999991851858795,0.9159272098913789,,,9,18,8,0.5387654320987654,59,5,True,9,9,0.00666666666666671,0.3435044616601135,92.96581337099633
orth6r_ebb9ebb875ae_q06_mid_left,orth6r_ebb9ebb875ae,6,sobol,mid_left,318.99976370390505,357.21161185763776,0.0,0.0,1.0999991851858795,0.9159272098913789,,,6,15,2,0.35802469135802467,55,3,True,9,9,0.00666666666666671,0.2957361755280168,92.75128912500077
orth6r_ebb9ebb875ae_q07_rear_left,orth6r_ebb9ebb875ae,7,sobol,rear_left,353.24433314148337,452.37116562668234,0.0,0.0,1.2180839073844254,1.159926065709442,,,10,19,3,0.5125925925925926,59,5,True,9,9,0.00666666666666671,0.2983632262113831,91.20938584700343
orth6r_ebb9ebb875ae_q07_rear_center,orth6r_ebb9ebb875ae,7,sobol,rear_center,353.24433314148337,452.37116562668234,0.0,0.0,1.2180839073844254,1.159926065709442,,,13,24,15,0.7940740740740742,59,5,True,9,9,0.00666666666666671,0.5153362799208476,88.68202235399804
orth6r_ebb9ebb875ae_q07_rear_right,orth6r_ebb9ebb875ae,7,sobol,rear_right,353.24433314148337,452.37116562668234,0.0,0.0,1.2180839073844254,1.159926065709442,,,13,25,22,0.8938271604938272,59,5,True,9,9,0.00666666666666671,0.6325363786879028,82.47663437800657
orth6r_ebb9ebb875ae_q07_mid_left,orth6r_ebb9ebb875ae,7,sobol,mid_left,353.24433314148337,452.37116562668234,0.0,0.0,1.2180839073844254,1.159926065709442,,,13,24,15,0.7940740740740742,57,5,True,9,9,0.00666666666666671,0.5917269321658258,93.4846221609987
orth6r_ebb9ebb875ae_q08_rear_left,orth6r_ebb9ebb875ae,8,sobol,rear_left,242.49042233917862,318.5835620574654,0.0,0.0,0.8361738701350987,0.8168809283524752,,,0,0,0,0.0,2,0,False,0,9,,,119.0052977699961
orth6r_ebb9ebb875ae_q08_rear_center,orth6r_ebb9ebb875ae,8,sobol,rear_center,242.49042233917862,318.5835620574654,0.0,0.0,0.8361738701350987,0.8168809283524752,,,1,0,0,0.022222222222222223,33,0,False,0,9,0.00666666666666671,0.017815206608589484,95.14481270699616
orth6r_ebb9ebb875ae_q08_rear_right,orth6r_ebb9ebb875ae,8,sobol,rear_right,242.49042233917862,318.5835620574654,0.0,0.0,0.8361738701350987,0.8168809283524752,,,2,6,2,0.1491358024691358,57,5,True,7,9,0.00666666666666671,0.003454763873193656,94.30703326199728
orth6r_ebb9ebb875ae_q08_mid_left,orth6r_ebb9ebb875ae,8,sobol,mid_left,242.49042233917862,318.5835620574654,0.0,0.0,0.8361738701350987,0.8168809283524752,,,1,1,0,0.035555555555555556,28,0,False,1,9,0.00666666666666671,5.832050389287247e-07,109.16884015499818
orth6r_ebb9ebb875ae_q09_rear_left,orth6r_ebb9ebb875ae,9,sobol,rear_left,246.87464884947985,405.15859129372984,0.0,0.0,0.8512918925844133,1.0388681828044355,,,1,1,0,0.035555555555555556,30,0,False,2,9,0.00666666666666671,0.0033285999835306335,97.93869460099813
orth6r_ebb9ebb875ae_q09_rear_center,orth6r_ebb9ebb875ae,9,sobol,rear_center,246.87464884947985,405.15859129372984,0.0,0.0,0.8512918925844133,1.0388681828044355,,,3,11,3,0.25037037037037035,56,5,True,9,9,0.00666666666666671,0.23694423781668483,100.95696043600037
orth6r_ebb9ebb875ae_q09_rear_right,orth6r_ebb9ebb875ae,9,sobol,rear_right,246.87464884947985,405.15859129372984,0.0,0.0,0.8512918925844133,1.0388681828044355,,,8,15,8,0.4765432098765432,56,5,True,9,9,0.00666666666666671,0.4414466490840918,95.90017741200427
orth6r_ebb9ebb875ae_q09_mid_left,orth6r_ebb9ebb875ae,9,sobol,mid_left,246.87464884947985,405.15859129372984,0.0,0.0,0.8512918925844133,1.0388681828044355,,,3,13,1,0.25234567901234567,54,3,True,9,9,0.00666666666666671,0.37380648084722456,89.21633049200318
orth6r_ebb9ebb875ae_q10_rear_left,orth6r_ebb9ebb875ae,10,sobol,rear_left,353.6737997410819,365.7957644574345,0.0,0.0,1.2195648266933858,0.9379378575831652,,,4,7,0,0.1822222222222222,45,0,True,9,9,0.00666666666666671,0.02483000523607659,85.75850119000097
orth6r_ebb9ebb875ae_q10_rear_center,orth6r_ebb9ebb875ae,10,sobol,rear_center,353.6737997410819,365.7957644574345,0.0,0.0,1.2195648266933858,0.9379378575831652,,,8,17,7,0.49086419753086424,59,5,True,9,9,0.00666666666666671,0.2678594794300966,96.28871805700328
orth6r_ebb9ebb875ae_q10_rear_right,orth6r_ebb9ebb875ae,10,sobol,rear_right,353.6737997410819,365.7957644574345,0.0,0.0,1.2195648266933858,0.9379378575831652,,,10,24,13,0.7027160493827159,59,5,True,9,9,0.00666666666666671,0.38688492769656935,83.90446460299427
orth6r_ebb9ebb875ae_q10_mid_left,orth6r_ebb9ebb875ae,10,sobol,mid_left,353.6737997410819,365.7957644574345,0.0,0.0,1.2195648266933858,0.9379378575831652,,,8,19,4,0.48049382716049377,59,5,True,9,9,0.00666666666666671,0.346110697282795,88.150970005001
orth6r_ebb9ebb875ae_q11_rear_left,orth6r_ebb9ebb875ae,11,sobol,rear_left,315.4560220660642,467.06703723873943,0.0,0.0,1.087779386434704,1.1976077877916396,,,7,17,4,0.43160493827160495,59,5,True,9,9,0.00666666666666671,0.30869173267759864,92.86953270800586
orth6r_ebb9ebb875ae_q11_rear_center,orth6r_ebb9ebb875ae,11,sobol,rear_center,315.4560220660642,467.06703723873943,0.0,0.0,1.087779386434704,1.1976077877916396,,,10,24,14,0.7150617283950617,59,5,True,9,9,0.00666666666666671,0.5578237932029562,92.48908407099952
orth6r_ebb9ebb875ae_q11_rear_right,orth6r_ebb9ebb875ae,11,sobol,rear_right,315.4560220660642,467.06703723873943,0.0,0.0,1.087779386434704,1.1976077877916396,,,11,25,22,0.8493827160493828,59,5,True,9,9,0.00666666666666671,0.6915437917547635,97.98099812000146
orth6r_ebb9ebb875ae_q11_mid_left,orth6r_ebb9ebb875ae,11,sobol,mid_left,315.4560220660642,467.06703723873943,0.0,0.0,1.087779386434704,1.1976077877916396,,,10,24,14,0.7150617283950617,59,5,True,9,9,0.00666666666666671,0.6450002960412375,92.96460330000264
orth6r_ebb9ebb875ae_q12_rear_left,orth6r_ebb9ebb875ae,12,sobol,rear_left,280.52847318816924,309.9815334286541,0.0,0.0,0.9673395627178252,0.7948244446888566,,,0,0,0,0.0,6,0,False,0,9,,,108.06430960900616
orth6r_ebb9ebb875ae_q12_rear_center,orth6r_ebb9ebb875ae,12,sobol,rear_center,280.52847318816924,309.9815334286541,0.0,0.0,0.9673395627178252,0.7948244446888566,,,2,3,0,0.08444444444444443,43,0,False,4,9,-0.0005066045232660146,0.03823478872480157,92.1360883219968
orth6r_ebb9ebb875ae_q12_rear_right,orth6r_ebb9ebb875ae,12,sobol,rear_right,280.52847318816924,309.9815334286541,0.0,0.0,0.9673395627178252,0.7948244446888566,,,3,8,2,0.1980246913580247,59,5,True,9,9,0.00666666666666671,0.08062736539891358,94.435768577001
orth6r_ebb9ebb875ae_q12_mid_left,orth6r_ebb9ebb875ae,12,sobol,mid_left,280.52847318816924,309.9815334286541,0.0,0.0,0.9673395627178252,0.7948244446888566,,,1,3,0,0.062222222222222213,34,0,True,8,9,-0.0009654061890905022,0.007167781854158228,89.24112124300154
orth6r_ebb9ebb875ae_q13_rear_left,orth6r_ebb9ebb875ae,13,sobol,rear_left,257.31619840953493,443.7694787839428,0.0,0.0,0.8872972358949482,1.137870458420366,,,2,8,1,0.1634567901234568,43,0,True,9,9,0.00666666666666671,0.06153199023975642,97.35453890499775
orth6r_ebb9ebb875ae_q13_rear_center,orth6r_ebb9ebb875ae,13,sobol,rear_center,257.31619840953493,443.7694787839428,0.0,0.0,0.8872972358949482,1.137870458420366,,,6,17,8,0.45876543209876547,58,5,True,9,9,0.00666666666666671,0.4416931016572554,95.86046586700104
orth6r_ebb9ebb875ae_q13_rear_right,orth6r_ebb9ebb875ae,13,sobol,rear_right,257.31619840953493,443.7694787839428,0.0,0.0,0.8872972358949482,1.137870458420366,,,9,22,11,0.6291358024691358,57,5,True,9,9,0.00666666666666671,0.6129051772640779,98.76689057799376
orth6r_ebb9ebb875ae_q13_mid_left,orth6r_ebb9ebb875ae,13,sobol,mid_left,257.31619840953493,443.7694787839428,0.0,0.0,0.8872972358949482,1.137870458420366,,,6,17,4,0.40938271604938276,59,5,True,9,9,0.00666666666666671,0.5546200792753659,90.52302348100056
orth6r_ebb9ebb875ae_q14_rear_left,orth6r_ebb9ebb875ae,14,sobol,rear_left,293.3931148285046,333.08857211843133,0.0,0.0,1.0117003959603608,0.8540732618421316,,,1,0,0,0.022222222222222223,15,0,False,0,9,,,93.26839011900302
orth6r_ebb9ebb875ae_q14_rear_center,orth6r_ebb9ebb875ae,14,sobol,rear_center,293.3931148285046,333.08857211843133,0.0,0.0,1.0117003959603608,0.8540732618421316,,,2,7,2,0.16246913580246913,54,3,True,9,9,0.00666666666666671,0.02971064719962868,96.05704270699789
orth6r_ebb9ebb875ae_q14_rear_right,orth6r_ebb9ebb875ae,14,sobol,rear_right,293.3931148285046,333.08857211843133,0.0,0.0,1.0117003959603608,0.8540732618421316,,,4,13,8,0.3609876543209876,59,5,True,9,9,0.00666666666666671,0.22920003194410787,92.684624446003
orth6r_ebb9ebb875ae_q14_mid_left,orth6r_ebb9ebb875ae,14,sobol,mid_left,293.3931148285046,333.08857211843133,0.0,0.0,1.0117003959603608,0.8540732618421316,,,2,10,1,0.19012345679012346,46,0,True,9,9,0.00666666666666671,0.16772857598460345,88.1355638219975
orth6r_ebb9ebb875ae_q15_rear_left,orth6r_ebb9ebb875ae,15,sobol,rear_left,340.6363726919517,426.83822093065834,0.0,0.0,1.1746081816963851,1.0944569767452776,,,7,16,3,0.40592592592592597,58,4,True,9,9,0.00666666666666671,0.20713529273726916,99.48800449899863
orth6r_ebb9ebb875ae_q15_rear_center,orth6r_ebb9ebb875ae,15,sobol,rear_center,340.6363726919517,426.83822093065834,0.0,0.0,1.1746081816963851,1.0944569767452776,,,10,24,12,0.6903703703703704,59,5,True,9,9,0.00666666666666671,0.43996619269326254,82.49169828199956
orth6r_ebb9ebb875ae_q15_rear_right,orth6r_ebb9ebb875ae,15,sobol,rear_right,340.6363726919517,426.83822093065834,0.0,0.0,1.1746081816963851,1.0944569767452776,,,11,25,20,0.8246913580246913,59,5,True,9,9,0.00666666666666671,0.5621114147709216,94.74222932699922
orth6r_ebb9ebb875ae_q15_mid_left,orth6r_ebb9ebb875ae,15,sobol,mid_left,340.6363726919517,426.83822093065834,0.0,0.0,1.1746081816963851,1.0944569767452776,,,10,23,12,0.677037037037037,59,5,True,9,9,0.00666666666666671,0.5197927149675101,94.84468342100445
orth6r_ebb9ebb875ae_q16_rear_left,orth6r_ebb9ebb875ae,16,sobol,rear_left,232.68777647521347,343.92580102197826,0.0,0.0,0.8023716430179775,0.8818610282614827,,,0,0,0,0.0,3,0,False,0,9,,,110.59135456699732
orth6r_ebb9ebb875ae_q16_rear_center,orth6r_ebb9ebb875ae,16,sobol,rear_center,232.68777647521347,343.92580102197826,0.0,0.0,0.8023716430179775,0.8818610282614827,,,1,3,0,0.062222222222222213,42,0,False,3,9,0.00666666666666671,0.008988794207339001,90.44302537100157
orth6r_ebb9ebb875ae_q16_rear_right,orth6r_ebb9ebb875ae,16,sobol,rear_right,232.68777647521347,343.92580102197826,0.0,0.0,0.8023716430179775,0.8818610282614827,,,2,7,2,0.16246913580246913,59,5,True,9,9,0.00666666666666671,0.04589870494820536,99.85252766800113
orth6r_ebb9ebb875ae_q16_mid_left,orth6r_ebb9ebb875ae,16,sobol,mid_left,232.68777647521347,343.92580102197826,0.0,0.0,0.8023716430179775,0.8818610282614827,,,1,3,0,0.062222222222222213,31,0,True,5,9,0.00666666666666671,0.010738146246419777,101.24198947200057
orth6r_148133fca859_q00_rear_left,orth6r_148133fca859,0,baseline,rear_left,60.0,296.1418578992169,390.0,0.0,1.0,1.0,1.0,,5,13,2,0.3091358024691358,31,4,True,9,9,0.00666666666666671,0.680320057056754,104.52027169600478
orth6r_148133fca859_q00_rear_center,orth6r_148133fca859,0,baseline,rear_center,60.0,296.1418578992169,390.0,0.0,1.0,1.0,1.0,,10,20,4,0.5382716049382715,38,5,True,9,9,0.00666666666666671,1.0095014576364,93.98384876800264
orth6r_148133fca859_q00_rear_right,orth6r_148133fca859,0,baseline,rear_right,60.0,296.1418578992169,390.0,0.0,1.0,1.0,1.0,,10,21,5,0.5639506172839506,37,4,True,9,9,0.00666666666666671,0.8228333471099674,111.81317796399526
orth6r_148133fca859_q00_mid_left,orth6r_148133fca859,0,baseline,mid_left,60.0,296.1418578992169,390.0,0.0,1.0,1.0,1.0,,10,20,3,0.5259259259259259,39,6,True,9,9,0.00666666666666671,0.21716831412885584,107.01842616799695
orth6r_148133fca859_q01_rear_left,orth6r_148133fca859,1,sobol,rear_left,45.59419169090688,362.28750111520856,466.2456426769495,0.0,0.759903194848448,1.2233579666353762,1.195501647889614,,0,0,0,0.0,0,0,False,0,9,-0.0018322365915203892,1.2909904725288979,105.75579857199773
orth6r_148133fca859_q01_rear_center,orth6r_148133fca859,1,sobol,rear_center,45.59419169090688,362.28750111520856,466.2456426769495,0.0,0.759903194848448,1.2233579666353762,1.195501647889614,,0,0,0,0.0,0,0,False,0,9,-0.002972249995025808,1.1776203787396633,104.29977083999984
orth6r_148133fca859_q01_rear_right,orth6r_148133fca859,1,sobol,rear_right,45.59419169090688,362.28750111520856,466.2456426769495,0.0,0.759903194848448,1.2233579666353762,1.195501647889614,,0,0,0,0.0,0,0,False,0,9,-0.004429993608978347,0.9604775495785882,110.92851283399796
orth6r_148133fca859_q01_mid_left,orth6r_148133fca859,1,sobol,mid_left,45.59419169090688,362.28750111520856,466.2456426769495,0.0,0.759903194848448,1.2233579666353762,1.195501647889614,,0,0,0,0.0,0,0,False,0,9,-0.0022875655591786115,0.001897477402544201,109.16703303299437
orth6r_148133fca859_q02_rear_left,orth6r_148133fca859,2,sobol,rear_left,60.292335441336036,234.76852376307096,338.65031411871314,0.0,1.0048722573556006,0.7927569760940969,0.8683341387659311,,1,0,0,0.022222222222222223,17,0,False,0,9,,,111.42832410200208
orth6r_148133fca859_q02_rear_center,orth6r_148133fca859,2,sobol,rear_center,60.292335441336036,234.76852376307096,338.65031411871314,0.0,1.0048722573556006,0.7927569760940969,0.8683341387659311,,3,7,1,0.17234567901234568,35,5,True,9,9,0.00666666666666671,0.20329453892576943,104.79051172099571
orth6r_148133fca859_q02_rear_right,orth6r_148133fca859,2,sobol,rear_right,60.292335441336036,234.76852376307096,338.65031411871314,0.0,1.0048722573556006,0.7927569760940969,0.8683341387659311,,5,12,3,0.3081481481481481,37,6,True,9,9,0.00666666666666671,0.5760790807318059,108.19301201900089
orth6r_148133fca859_q02_mid_left,orth6r_148133fca859,2,sobol,mid_left,60.292335441336036,234.76852376307096,338.65031411871314,0.0,1.0048722573556006,0.7927569760940969,0.8683341387659311,,3,10,1,0.2123456790123457,33,4,True,9,9,0.00666666666666671,0.24106061179521365,109.53431545799685
orth6r_148133fca859_q03_rear_left,orth6r_148133fca859,3,sobol,rear_left,74.44785319268702,314.54061453396264,407.2884709713981,0.0,1.2407975532114506,1.0621281866915524,1.0443294127471745,,10,18,2,0.48691358024691356,40,6,True,9,9,0.00666666666666671,0.6172671948632908,100.77359688500292
orth6r_148133fca859_q03_rear_center,orth6r_148133fca859,3,sobol,rear_center,74.44785319268702,314.54061453396264,407.2884709713981,0.0,1.2407975532114506,1.0621281866915524,1.0443294127471745,,12,21,6,0.6207407407407407,44,6,True,9,9,0.00666666666666671,1.0813849493818335,106.37012782300008
orth6r_148133fca859_q03_rear_right,orth6r_148133fca859,3,sobol,rear_right,74.44785319268702,314.54061453396264,407.2884709713981,0.0,1.2407975532114506,1.0621281866915524,1.0443294127471745,,13,21,6,0.642962962962963,42,5,True,9,9,0.00666666666666671,0.8812415522398362,107.90348984299635
orth6r_148133fca859_q03_mid_left,orth6r_148133fca859,3,sobol,mid_left,74.44785319268702,314.54061453396264,407.2884709713981,0.0,1.2407975532114506,1.0621281866915524,1.0443294127471745,,13,20,4,0.6049382716049383,39,6,True,9,9,0.00666666666666671,0.13359726731746857,102.77051778800524
orth6r_148133fca859_q04_rear_left,orth6r_148133fca859,4,sobol,rear_left,59.54831041395664,291.7688549235737,352.09510469343513,0.0,0.9924718402326107,0.9852334181778133,0.9028079607523978,,2,7,1,0.15012345679012348,31,3,True,8,9,0.00666666666666671,0.24394547490988305,109.91397983299976
orth6r_148133fca859_q04_rear_center,orth6r_148133fca859,4,sobol,rear_center,59.54831041395664,291.7688549235737,352.09510469343513,0.0,0.9924718402326107,0.9852334181778133,0.9028079607523978,,7,16,3,0.40592592592592597,40,6,True,9,9,0.00666666666666671,0.9454905971825454,97.53504854200582
orth6r_148133fca859_q04_rear_right,orth6r_148133fca859,4,sobol,rear_right,59.54831041395664,291.7688549235737,352.09510469343513,0.0,0.9924718402326107,0.9852334181778133,0.9028079607523978,,10,20,4,0.5382716049382715,35,5,True,9,9,0.00666666666666671,0.7863083942730789,109.44780096299655
orth6r_148133fca859_q04_mid_left,orth6r_148133fca859,4,sobol,mid_left,59.54831041395664,291.7688549235737,352.09510469343513,0.0,0.9924718402326107,0.9852334181778133,0.9028079607523978,,7,18,2,0.4202469135802469,39,6,True,9,9,0.00666666666666671,0.20394604271014938,110.03009750199999
orth6r_148133fca859_q05_rear_left,orth6r_148133fca859,5,sobol,rear_left,54.16838097386062,328.9551601125219,307.94764387886977,0.0,0.9028063495643437,1.110802648589015,0.7896093432791531,,1,5,0,0.08888888888888889,18,0,True,6,9,0.0002555084600521229,0.3752963391282327,108.7958784529983
orth6r_148133fca859_q05_rear_center,orth6r_148133fca859,5,sobol,rear_center,54.16838097386062,328.9551601125219,307.94764387886977,0.0,0.9028063495643437,1.110802648589015,0.7896093432791531,,5,14,1,0.3101234567901235,37,4,True,9,9,0.004839617677346572,0.8974673916282669,100.61329298000055
orth6r_148133fca859_q05_rear_right,orth6r_148133fca859,5,sobol,rear_right,54.16838097386062,328.9551601125219,307.94764387886977,0.0,0.9028063495643437,1.110802648589015,0.7896093432791531,,8,18,3,0.4548148148148148,38,5,True,9,9,0.00586034926988678,0.8518275656373946,103.50561181300145
orth6r_148133fca859_q05_mid_left,orth6r_148133fca859,5,sobol,mid_left,54.16838097386062,328.9551601125219,307.94764387886977,0.0,0.9028063495643437,1.110802648589015,0.7896093432791531,,6,16,0,0.3466666666666667,31,3,True,9,9,0.003355367324100675,0.1579499876176098,107.77985120600351
orth6r_148133fca859_q06_rear_left,orth6r_148133fca859,6,sobol,rear_left,68.59140786342323,277.06553608328966,448.4892171761021,0.0,1.1431901310570538,0.9355838382616639,1.1499723517335951,,7,17,2,0.40691358024691365,34,5,True,9,9,0.00666666666666671,0.7288281628272042,105.25128088600468
orth6r_148133fca859_q06_rear_center,orth6r_148133fca859,6,sobol,rear_center,68.59140786342323,277.06553608328966,448.4892171761021,0.0,1.1431901310570538,0.9355838382616639,1.1499723517335951,,11,21,4,0.5738271604938271,43,5,True,9,9,0.00666666666666671,1.005230580398862,108.96008065100614
orth6r_148133fca859_q06_rear_right,orth6r_148133fca859,6,sobol,rear_right,68.59140786342323,277.06553608328966,448.4892171761021,0.0,1.1431901310570538,0.9355838382616639,1.1499723517335951,,12,21,6,0.6207407407407407,43,6,True,9,9,0.00666666666666671,0.7898983357384506,107.54383356800099
orth6r_148133fca859_q06_mid_left,orth6r_148133fca859,6,sobol,mid_left,68.59140786342323,277.06553608328966,448.4892171761021,0.0,1.1431901310570538,0.9355838382616639,1.1499723517335951,,11,21,5,0.5861728395061728,40,6,True,9,9,0.00666666666666671,0.21572782553984649,103.15527433600073
orth6r_148133fca859_q07_rear_left,orth6r_148133fca859,7,sobol,rear_left,65.6723703816533,345.41365650363826,370.90123549103737,0.0,1.0945395063608885,1.1663790419697762,0.9510288089513779,,9,17,2,0.45135802469135805,38,6,True,9,9,0.00666666666666671,0.5683391651684766,91.19497695500468
orth6r_148133fca859_q07_rear_center,orth6r_148133fca859,7,sobol,rear_center,65.6723703816533,345.41365650363826,370.90123549103737,0.0,1.0945395063608885,1.1663790419697762,0.9510288089513779,,12,21,4,0.5960493827160493,40,5,True,9,9,0.00666666666666671,1.1350618966513482,108.44829472700076
orth6r_148133fca859_q07_rear_right,orth6r_148133fca859,7,sobol,rear_right,65.6723703816533,345.41365650363826,370.90123549103737,0.0,1.0945395063608885,1.1663790419697762,0.9510288089513779,,13,21,6,0.642962962962963,42,5,True,9,9,0.00666666666666671,0.9517354079827539,103.57498869999836
orth6r_148133fca859_q07_mid_left,orth6r_148133fca859,7,sobol,mid_left,65.6723703816533,345.41365650363826,370.90123549103737,0.0,1.0945395063608885,1.1663790419697762,0.9510288089513779,,12,21,4,0.5960493827160493,37,5,True,9,9,0.00666666666666671,0.12481712991647331,108.06628564499988
orth6r_148133fca859_q08_rear_left,orth6r_148133fca859,8,sobol,rear_left,51.45077470690012,251.3527478442647,437.5233599357307,0.0,0.8575129117816687,0.848757921718061,1.1218547690659761,,2,9,0,0.16444444444444442,30,3,True,9,9,0.002056298202179202,0.7384834507554117,101.86299588799739
orth6r_148133fca859_q08_rear_center,orth6r_148133fca859,8,sobol,rear_center,51.45077470690012,251.3527478442647,437.5233599357307,0.0,0.8575129117816687,0.848757921718061,1.1218547690659761,,7,18,1,0.4079012345679012,40,6,True,9,9,0.0034862364705082333,0.9277839553150463,110.67171959100233
orth6r_148133fca859_q08_rear_right,orth6r_148133fca859,8,sobol,rear_right,51.45077470690012,251.3527478442647,437.5233599357307,0.0,0.8575129117816687,0.848757921718061,1.1218547690659761,,9,20,0,0.4666666666666666,23,1,True,9,9,0.0019244985869862757,0.7234072860628176,103.72283642699767
orth6r_148133fca859_q08_mid_left,orth6r_148133fca859,8,sobol,mid_left,51.45077470690012,251.3527478442647,437.5233599357307,0.0,0.8575129117816687,0.848757921718061,1.1218547690659761,,8,20,0,0.4444444444444445,35,5,True,9,9,0.0039574482212719475,0.31471686850434644,107.01606971000001
orth6r_148133fca859_q09_rear_left,orth6r_148133fca859,9,sobol,rear_left,49.75300292484462,296.7948660796798,382.8027239302174,0.0,0.829216715414077,1.002205051947385,0.9815454459749162,,0,5,0,0.06666666666666667,16,1,True,5,9,-0.00027351634620018106,0.6359106385784323,106.69430063999607
orth6r_148133fca859_q09_rear_center,orth6r_148133fca859,9,sobol,rear_center,49.75300292484462,296.7948660796798,382.8027239302174,0.0,0.829216715414077,1.002205051947385,0.9815454459749162,,3,16,0,0.28,31,4,True,9,9,0.002112661131971977,0.9939620147750093,103.7712297370017
orth6r_148133fca859_q09_rear_right,orth6r_148133fca859,9,sobol,rear_right,49.75300292484462,296.7948660796798,382.8027239302174,0.0,0.829216715414077,1.002205051947385,0.9815454459749162,,8,21,1,0.4701234567901234,24,3,True,9,9,0.0007956009151090515,0.8137031370312802,118.11149105599907
orth6r_148133fca859_q09_mid_left,orth6r_148133fca859,9,sobol,mid_left,49.75300292484462,296.7948660796798,382.8027239302174,0.0,0.829216715414077,1.002205051947385,0.9815454459749162,,2,17,0,0.27111111111111114,30,3,True,9,9,0.001250854648462127,0.2564061381065561,105.83844030199543
orth6r_148133fca859_q10_rear_left,orth6r_148133fca859,10,sobol,rear_left,65.61195756308734,281.4621075795579,425.04984837491065,0.0,1.0935326260514557,0.9504300053231418,1.0898714060895145,,7,16,2,0.3935802469135803,33,5,True,9,9,0.00666666666666671,0.7148148857337551,105.45612247299869
orth6r_148133fca859_q10_rear_center,orth6r_148133fca859,10,sobol,rear_center,65.61195756308734,281.4621075795579,425.04984837491065,0.0,1.0935326260514557,0.9504300053231418,1.0898714060895145,,10,21,4,0.551604938271605,42,5,True,9,9,0.00666666666666671,1.0027945369589384,115.46563258700189
orth6r_148133fca859_q10_rear_right,orth6r_148133fca859,10,sobol,rear_right,65.61195756308734,281.4621075795579,425.04984837491065,0.0,1.0935326260514557,0.9504300053231418,1.0898714060895145,,11,21,5,0.5861728395061728,39,6,True,9,9,0.00666666666666671,0.7984231787543217,107.26900921399647
orth6r_148133fca859_q10_mid_left,orth6r_148133fca859,10,sobol,mid_left,65.61195756308734,281.4621075795579,425.04984837491065,0.0,1.0935326260514557,0.9504300053231418,1.0898714060895145,,10,21,5,0.5639506172839506,40,6,True,9,9,0.00666666666666671,0.22046286353889677,104.71501340699615
orth6r_148133fca859_q11_rear_left,orth6r_148133fca859,11,sobol,rear_left,70.17554070800543,359.01986172929975,295.6645616423339,0.0,1.1695923451334238,1.2123239324428141,0.7581142606213689,,4,10,1,0.23456790123456792,35,5,True,9,9,0.00666666666666671,0.4131331188385601,109.43805834099476
orth6r_148133fca859_q11_rear_center,orth6r_148133fca859,11,sobol,rear_center,70.17554070800543,359.01986172929975,295.6645616423339,0.0,1.1695923451334238,1.2123239324428141,0.7581142606213689,,11,17,5,0.5328395061728395,39,5,True,9,9,0.00666666666666671,1.0446581962593253,92.7489620349952
orth6r_148133fca859_q11_rear_right,orth6r_148133fca859,11,sobol,rear_right,70.17554070800543,359.01986172929975,295.6645616423339,0.0,1.1695923451334238,1.2123239324428141,0.7581142606213689,,12,21,6,0.6207407407407407,43,5,True,9,9,0.00666666666666671,0.9623294654080355,110.20463245400606
orth6r_148133fca859_q11_mid_left,orth6r_148133fca859,11,sobol,mid_left,70.17554070800543,359.01986172929975,295.6645616423339,0.0,1.1695923451334238,1.2123239324428141,0.7581142606213689,,11,19,3,0.5348148148148147,34,5,True,9,9,0.00666666666666671,0.04229722625693588,111.86626366099517
orth6r_148133fca859_q12_rear_left,orth6r_148133fca859,12,sobol,rear_left,54.576578848063946,228.49253346938212,460.58113493956625,0.0,0.9096096474677324,0.7715644626878202,1.180977269075811,,4,13,0,0.2622222222222222,34,5,True,9,9,0.005620369183799434,0.7651497824845759,103.43056137499661
orth6r_148133fca859_q12_rear_center,orth6r_148133fca859,12,sobol,rear_center,54.576578848063946,228.49253346938212,460.58113493956625,0.0,0.9096096474677324,0.7715644626878202,1.180977269075811,,8,19,1,0.4434567901234568,39,6,True,9,9,0.006401570803543602,0.8928335340636826,104.06032855599915
orth6r_148133fca859_q12_rear_right,orth6r_148133fca859,12,sobol,rear_right,54.576578848063946,228.49253346938212,460.58113493956625,0.0,0.9096096474677324,0.7715644626878202,1.180977269075811,,9,19,1,0.46567901234567904,28,2,True,9,9,0.004737575183909465,0.6782674754243585,122.20996531700075
orth6r_148133fca859_q12_mid_left,orth6r_148133fca859,12,sobol,mid_left,54.576578848063946,228.49253346938212,460.58113493956625,0.0,0.9096096474677324,0.7715644626878202,1.180977269075811,,9,20,0,0.4666666666666666,36,6,True,9,9,0.00666666666666671,0.3278601185178531,106.44968651999807
orth6r_148133fca859_q13_rear_left,orth6r_148133fca859,13,sobol,rear_left,56.67560166679323,339.9600772349833,395.19655647687614,0.0,0.9445933611132205,1.1479636132717133,1.013324503786862,,9,18,1,0.4523456790123457,39,6,True,9,9,0.006597806315579449,0.6356970779461251,108.57176078599878
orth6r_148133fca859_q13_rear_center,orth6r_148133fca859,13,sobol,rear_center,56.67560166679323,339.9600772349833,395.19655647687614,0.0,0.9445933611132205,1.1479636132717133,1.013324503786862,,12,21,4,0.5960493827160493,38,6,True,9,9,0.00666666666666671,1.125759824983581,90.84054731200013
orth6r_148133fca859_q13_rear_right,orth6r_148133fca859,13,sobol,rear_right,56.67560166679323,339.9600772349833,395.19655647687614,0.0,0.9445933611132205,1.1479636132717133,1.013324503786862,,13,21,5,0.6306172839506173,37,4,True,9,9,0.00666666666666671,0.9328926650668523,99.98437698499765
orth6r_148133fca859_q13_mid_left,orth6r_148133fca859,13,sobol,mid_left,56.67560166679323,339.9600772349833,395.19655647687614,0.0,0.9445933611132205,1.1479636132717133,1.013324503786862,,13,21,1,0.5812345679012346,40,6,True,9,9,0.00666666666666671,0.18346113728487357,108.55592221100233
orth6r_148133fca859_q14_rear_left,orth6r_148133fca859,14,sobol,rear_left,71.81266388855875,247.8410906738162,364.3781901989132,0.0,1.196877731475979,0.8368998980149627,0.9343030517920852,,2,4,0,0.09777777777777778,29,0,False,3,9,0.00666666666666671,0.44134335109662626,111.92208733699954
orth6r_148133fca859_q14_rear_center,orth6r_148133fca859,14,sobol,rear_center,71.81266388855875,247.8410906738162,364.3781901989132,0.0,1.196877731475979,0.8368998980149627,0.9343030517920852,,6,14,2,0.34469135802469136,40,6,True,9,9,0.00666666666666671,0.7794145430035573,104.56180965399835
orth6r_148133fca859_q14_rear_right,orth6r_148133fca859,14,sobol,rear_right,71.81266388855875,247.8410906738162,364.3781901989132,0.0,1.196877731475979,0.8368998980149627,0.9343030517920852,,9,16,3,0.45037037037037037,40,6,True,9,9,0.00666666666666671,0.6798360130583581,99.58831476700288
orth6r_148133fca859_q14_mid_left,orth6r_148133fca859,14,sobol,mid_left,71.81266388855875,247.8410906738162,364.3781901989132,0.0,1.196877731475979,0.8368998980149627,0.9343030517920852,,6,16,1,0.35901234567901236,35,5,True,9,9,0.00666666666666671,0.2038763637960912,114.3405615829979
orth6r_148133fca859_q15_rear_left,orth6r_148133fca859,15,sobol,rear_left,63.51305812597274,318.3140196611211,478.71915823314345,0.0,1.0585509687662125,1.0748700704425573,1.227485021110624,,12,21,4,0.5960493827160493,41,6,True,9,9,0.00666666666666671,0.6976531176896903,109.93770418900385
orth6r_148133fca859_q15_rear_center,orth6r_148133fca859,15,sobol,rear_center,63.51305812597274,318.3140196611211,478.71915823314345,0.0,1.0585509687662125,1.0748700704425573,1.227485021110624,,14,22,4,0.6538271604938272,44,6,True,9,9,0.00666666666666671,1.0940026156626361,107.86336352999933
orth6r_148133fca859_q15_rear_right,orth6r_148133fca859,15,sobol,rear_right,63.51305812597274,318.3140196611211,478.71915823314345,0.0,1.0585509687662125,1.0748700704425573,1.227485021110624,,15,21,4,0.6627160493827161,38,5,True,9,9,0.00666666666666671,0.8681482496632285,99.6672392219989
orth6r_148133fca859_q15_mid_left,orth6r_148133fca859,15,sobol,mid_left,63.51305812597274,318.3140196611211,478.71915823314345,0.0,1.0585509687662125,1.0748700704425573,1.227485021110624,,15,22,2,0.6513580246913581,41,6,True,9,9,0.00666666666666671,0.1915771938488544,108.97930493499734
orth6r_148133fca859_q16_rear_left,orth6r_148133fca859,16,sobol,rear_left,48.11597093939781,260.232573976886,326.74882967490703,0.0,0.8019328489899635,0.8787429640069604,0.8378175119869411,,0,0,0,0.0,4,0,False,0,9,,,110.3141424419955
orth6r_148133fca859_q16_rear_center,orth6r_148133fca859,16,sobol,rear_center,48.11597093939781,260.232573976886,326.74882967490703,0.0,0.8019328489899635,0.8787429640069604,0.8378175119869411,,0,4,0,0.05333333333333334,12,1,True,5,9,-0.00015961291567008484,0.4009440121025567,108.71668845300155
orth6r_148133fca859_q16_rear_right,orth6r_148133fca859,16,sobol,rear_right,48.11597093939781,260.232573976886,326.74882967490703,0.0,0.8019328489899635,0.8787429640069604,0.8378175119869411,,1,8,0,0.1288888888888889,16,2,True,9,9,0.00016585246278646992,0.6282460759300181,108.77097642200533
orth6r_148133fca859_q16_mid_left,orth6r_148133fca859,16,sobol,mid_left,48.11597093939781,260.232573976886,326.74882967490703,0.0,0.8019328489899635,0.8787429640069604,0.8378175119869411,,0,4,0,0.05333333333333334,10,0,False,0,9,-0.00018738017016296793,0.08419236895217619,98.39570652400289
orth6r_9cb821f00d15_q00_rear_left,orth6r_9cb821f00d15,0,baseline,rear_left,0.0,290.0,390.0,0.0,,1.0,1.0,,2,8,1,0.1634567901234568,32,3,True,9,9,0.00666666666666671,0.3845270316360878,111.2016452260068
orth6r_9cb821f00d15_q00_rear_center,orth6r_9cb821f00d15,0,baseline,rear_center,0.0,290.0,390.0,0.0,,1.0,1.0,,6,17,5,0.4217283950617284,41,6,True,9,9,0.00666666666666671,0.9073216736330558,105.42573121399619
orth6r_9cb821f00d15_q00_rear_right,orth6r_9cb821f00d15,0,baseline,rear_right,0.0,290.0,390.0,0.0,,1.0,1.0,,9,17,7,0.5130864197530864,43,5,True,9,9,0.00666666666666671,0.7663567307802166,100.40047461799986
orth6r_9cb821f00d15_q00_mid_left,orth6r_9cb821f00d15,0,baseline,mid_left,0.0,290.0,390.0,0.0,,1.0,1.0,,6,17,3,0.3970370370370371,37,6,True,9,9,0.00666666666666671,0.7807074264033482,107.0904031109967
orth6r_9cb821f00d15_q01_rear_left,orth6r_9cb821f00d15,1,sobol,rear_left,0.0,220.37192650604993,477.1096069877968,0.0,,0.759903194848448,1.2233579666353762,,2,9,1,0.17679012345679013,38,4,True,9,9,0.00666666666666671,0.5941258661052076,108.01180390800437
orth6r_9cb821f00d15_q01_rear_center,orth6r_9cb821f00d15,1,sobol,rear_center,0.0,220.37192650604993,477.1096069877968,0.0,,0.759903194848448,1.2233579666353762,,6,17,4,0.40938271604938276,42,7,True,9,9,0.00666666666666671,0.8509335187909679,91.33734937100235
orth6r_9cb821f00d15_q01_rear_right,orth6r_9cb821f00d15,1,sobol,rear_right,0.0,220.37192650604993,477.1096069877968,0.0,,0.759903194848448,1.2233579666353762,,7,19,7,0.4953086419753086,43,6,True,9,9,0.00666666666666671,0.6454663780795873,93.48392449200037
orth6r_9cb821f00d15_q01_mid_left,orth6r_9cb821f00d15,1,sobol,mid_left,0.0,220.37192650604993,477.1096069877968,0.0,,0.759903194848448,1.2233579666353762,,6,18,3,0.41037037037037033,42,7,True,9,9,0.00666666666666671,1.0411954727960915,101.55552479399921
orth6r_9cb821f00d15_q02_rear_left,orth6r_9cb821f00d15,2,sobol,rear_left,0.0,330.0118701579049,293.6547868978232,0.0,,1.1379719660617411,0.7529609920457006,,1,1,0,0.035555555555555556,25,0,False,0,9,0.00666666666666671,0.11834326142695639,120.40740912900219
orth6r_9cb821f00d15_q02_rear_center,orth6r_9cb821f00d15,2,sobol,rear_center,0.0,330.0118701579049,293.6547868978232,0.0,,1.1379719660617411,0.7529609920457006,,3,9,1,0.19901234567901235,43,5,True,9,9,0.00666666666666671,0.6209067891033038,105.92844150699966
orth6r_9cb821f00d15_q02_rear_right,orth6r_9cb821f00d15,2,sobol,rear_right,0.0,330.0118701579049,293.6547868978232,0.0,,1.1379719660617411,0.7529609920457006,,5,15,3,0.3481481481481481,49,5,True,9,9,0.00666666666666671,0.7636401830922834,109.35987833300169
orth6r_9cb821f00d15_q02_mid_left,orth6r_9cb821f00d15,2,sobol,mid_left,0.0,330.0118701579049,293.6547868978232,0.0,,1.1379719660617411,0.7529609920457006,,3,11,1,0.22567901234567903,38,4,True,9,9,0.00666666666666671,0.4879726592534639,104.24075722900307
orth6r_9cb821f00d15_q03_rear_left,orth6r_9cb821f00d15,3,sobol,rear_left,0.0,304.8679267941042,393.48026318941265,0.0,,1.0512687130831182,1.0089237517677248,,3,9,1,0.19901234567901235,34,4,True,9,9,0.00666666666666671,0.48807672203205676,104.96879642400017
orth6r_9cb821f00d15_q03_rear_center,orth6r_9cb821f00d15,3,sobol,rear_center,0.0,304.8679267941042,393.48026318941265,0.0,,1.0512687130831182,1.0089237517677248,,7,17,5,0.44395061728395063,46,6,True,9,9,0.00666666666666671,0.9305662336755762,101.39953615799459
orth6r_9cb821f00d15_q03_rear_right,orth6r_9cb821f00d15,3,sobol,rear_right,0.0,304.8679267941042,393.48026318941265,0.0,,1.0512687130831182,1.0089237517677248,,9,21,9,0.591111111111111,45,6,True,9,9,0.00666666666666671,0.8079216132014055,109.07694657200045
orth6r_9cb821f00d15_q03_mid_left,orth6r_9cb821f00d15,3,sobol,mid_left,0.0,304.8679267941042,393.48026318941265,0.0,,1.0512687130831182,1.0089237517677248,,7,18,3,0.4325925925925926,36,6,True,9,9,0.00666666666666671,0.8019807833522448,99.99989057899802
orth6r_9cb821f00d15_q04_rear_left,orth6r_9cb821f00d15,4,sobol,rear_left,0.0,268.2147795660421,383.37741577997804,0.0,,0.9248785502277315,0.9830190148204565,,1,4,0,0.07555555555555556,29,2,True,6,9,0.00666666666666671,0.26247884339445626,104.99112561600487
orth6r_9cb821f00d15_q04_rear_center,orth6r_9cb821f00d15,4,sobol,rear_center,0.0,268.2147795660421,383.37741577997804,0.0,,0.9248785502277315,0.9830190148204565,,3,13,3,0.277037037037037,40,6,True,9,9,0.00666666666666671,0.8455825128878913,104.53628514199954
orth6r_9cb821f00d15_q04_rear_right,orth6r_9cb821f00d15,4,sobol,rear_right,0.0,268.2147795660421,383.37741577997804,0.0,,0.9248785502277315,0.9830190148204565,,6,16,5,0.40839506172839507,44,5,True,9,9,0.00666666666666671,0.700154677410399,115.0345903080015
orth6r_9cb821f00d15_q04_mid_left,orth6r_9cb821f00d15,4,sobol,mid_left,0.0,268.2147795660421,383.37741577997804,0.0,,0.9248785502277315,0.9830190148204565,,4,14,2,0.30024691358024697,34,5,True,9,9,0.00666666666666671,0.7071877851655004,111.89003657500143
orth6r_9cb821f00d15_q05_rear_left,orth6r_9cb821f00d15,5,sobol,rear_left,0.0,281.2325715413317,419.83658687677234,0.0,,0.9697674880735576,1.0765040689148009,,3,9,1,0.19901234567901235,33,4,True,9,9,0.00666666666666671,0.5309278484768511,100.75408230400353
orth6r_9cb821f00d15_q05_rear_center,orth6r_9cb821f00d15,5,sobol,rear_center,0.0,281.2325715413317,419.83658687677234,0.0,,0.9697674880735576,1.0765040689148009,,6,17,5,0.4217283950617284,42,5,True,9,9,0.00666666666666671,0.9473466418020926,95.42974741999933
orth6r_9cb821f00d15_q05_rear_right,orth6r_9cb821f00d15,5,sobol,rear_right,0.0,281.2325715413317,419.83658687677234,0.0,,0.9697674880735576,1.0765040689148009,,9,21,8,0.5787654320987654,46,6,True,9,9,0.00666666666666671,0.7622563655002097,109.86510199999611
orth6r_9cb821f00d15_q05_mid_left,orth6r_9cb821f00d15,5,sobol,mid_left,0.0,281.2325715413317,419.83658687677234,0.0,,0.9697674880735576,1.0765040689148009,,6,18,3,0.41037037037037033,37,6,True,9,9,0.00666666666666671,0.8814734914802465,112.6802903880016
orth6r_9cb821f00d15_q06_rear_left,orth6r_9cb821f00d15,6,sobol,rear_left,0.0,318.99976370390505,357.21161185763776,0.0,,1.0999991851858795,0.9159272098913789,,2,8,1,0.1634567901234568,32,3,True,9,9,0.00666666666666671,0.3337808402139464,106.66710317700199
orth6r_9cb821f00d15_q06_rear_center,orth6r_9cb821f00d15,6,sobol,rear_center,0.0,318.99976370390505,357.21161185763776,0.0,,1.0999991851858795,0.9159272098913789,,6,17,5,0.4217283950617284,44,6,True,9,9,0.00666666666666671,0.8183283168059594,111.09585649300425
orth6r_9cb821f00d15_q06_rear_right,orth6r_9cb821f00d15,6,sobol,rear_right,0.0,318.99976370390505,357.21161185763776,0.0,,1.0999991851858795,0.9159272098913789,,9,18,6,0.514074074074074,43,5,True,9,9,0.00666666666666671,0.8200932773835283,89.96414558000106
orth6r_9cb821f00d15_q06_mid_left,orth6r_9cb821f00d15,6,sobol,mid_left,0.0,318.99976370390505,357.21161185763776,0.0,,1.0999991851858795,0.9159272098913789,,6,16,3,0.3837037037037037,37,6,True,9,9,0.00666666666666671,0.6924638790107487,89.78006871099933
orth6r_9cb821f00d15_q07_rear_left,orth6r_9cb821f00d15,7,sobol,rear_left,0.0,353.24433314148337,452.37116562668234,0.0,,1.2180839073844254,1.159926065709442,,11,19,5,0.5595061728395062,41,6,True,9,9,0.00666666666666671,0.787657285111653,102.30104027900234
orth6r_9cb821f00d15_q07_rear_center,orth6r_9cb821f00d15,7,sobol,rear_center,0.0,353.24433314148337,452.37116562668234,0.0,,1.2180839073844254,1.159926065709442,,13,22,8,0.6809876543209876,46,6,True,9,9,0.00666666666666671,1.0990251497382943,105.37342815900047
orth6r_9cb821f00d15_q07_rear_right,orth6r_9cb821f00d15,7,sobol,rear_right,0.0,353.24433314148337,452.37116562668234,0.0,,1.2180839073844254,1.159926065709442,,13,21,6,0.642962962962963,43,5,True,9,9,0.00666666666666671,0.9314167993617855,108.55964025900175
orth6r_9cb821f00d15_q07_mid_left,orth6r_9cb821f00d15,7,sobol,mid_left,0.0,353.24433314148337,452.37116562668234,0.0,,1.2180839073844254,1.159926065709442,,13,21,5,0.6306172839506173,41,6,True,9,9,0.00666666666666671,0.9819377541435206,82.3961671490033
orth6r_9cb821f00d15_q08_rear_left,orth6r_9cb821f00d15,8,sobol,rear_left,0.0,242.49042233917862,318.5835620574654,0.0,,0.8361738701350987,0.8168809283524752,,0,0,0,0.0,9,0,False,0,9,,,123.48942295699817
orth6r_9cb821f00d15_q08_rear_center,orth6r_9cb821f00d15,8,sobol,rear_center,0.0,242.49042233917862,318.5835620574654,0.0,,0.8361738701350987,0.8168809283524752,,1,2,0,0.04888888888888889,30,2,False,2,9,0.00666666666666671,0.16972291152097796,113.4043042580015
orth6r_9cb821f00d15_q08_rear_right,orth6r_9cb821f00d15,8,sobol,rear_right,0.0,242.49042233917862,318.5835620574654,0.0,,0.8361738701350987,0.8168809283524752,,2,6,1,0.13679012345679012,46,6,True,9,9,0.00666666666666671,0.26810982815309536,120.40480763599771
orth6r_9cb821f00d15_q08_mid_left,orth6r_9cb821f00d15,8,sobol,mid_left,0.0,242.49042233917862,318.5835620574654,0.0,,0.8361738701350987,0.8168809283524752,,1,2,0,0.04888888888888889,27,0,False,3,9,0.00666666666666671,0.18299554782601657,119.7919736900003
orth6r_9cb821f00d15_q09_rear_left,orth6r_9cb821f00d15,9,sobol,rear_left,0.0,246.87464884947985,405.15859129372984,0.0,,0.8512918925844133,1.0388681828044355,,1,4,0,0.07555555555555556,31,2,True,6,9,0.00666666666666671,0.276871014326443,93.43307326200011
orth6r_9cb821f00d15_q09_rear_center,orth6r_9cb821f00d15,9,sobol,rear_center,0.0,246.87464884947985,405.15859129372984,0.0,,0.8512918925844133,1.0388681828044355,,3,13,3,0.277037037037037,39,6,True,9,9,0.00666666666666671,0.8315081683337959,107.30442528700223
orth6r_9cb821f00d15_q09_rear_right,orth6r_9cb821f00d15,9,sobol,rear_right,0.0,246.87464884947985,405.15859129372984,0.0,,0.8512918925844133,1.0388681828044355,,6,16,5,0.40839506172839507,48,6,True,9,9,0.00666666666666671,0.6647243586543983,105.37568989899592
orth6r_9cb821f00d15_q09_mid_left,orth6r_9cb821f00d15,9,sobol,mid_left,0.0,246.87464884947985,405.15859129372984,0.0,,0.8512918925844133,1.0388681828044355,,4,14,2,0.30024691358024697,38,6,True,9,9,0.00666666666666671,0.7523210918360836,102.97369446299854
orth6r_9cb821f00d15_q10_rear_left,orth6r_9cb821f00d15,10,sobol,rear_left,0.0,353.6737997410819,365.7957644574345,0.0,,1.2195648266933858,0.9379378575831652,,4,13,2,0.2869135802469136,39,5,True,9,9,0.00666666666666671,0.5291603336216553,101.58168027100328
orth6r_9cb821f00d15_q10_rear_center,orth6r_9cb821f00d15,10,sobol,rear_center,0.0,353.6737997410819,365.7957644574345,0.0,,1.2195648266933858,0.9379378575831652,,9,18,5,0.5017283950617284,45,6,True,9,9,0.00666666666666671,0.8521645506609434,103.02736873100366
orth6r_9cb821f00d15_q10_rear_right,orth6r_9cb821f00d15,10,sobol,rear_right,0.0,353.6737997410819,365.7957644574345,0.0,,1.2195648266933858,0.9379378575831652,,10,21,6,0.5762962962962962,47,5,True,9,9,0.00666666666666671,0.9247029218257653,99.39934161400015
orth6r_9cb821f00d15_q10_mid_left,orth6r_9cb821f00d15,10,sobol,mid_left,0.0,353.6737997410819,365.7957644574345,0.0,,1.2195648266933858,0.9379378575831652,,8,20,3,0.48148148148148145,39,6,True,9,9,0.00666666666666671,0.7363094809462241,90.58098725200398
orth6r_9cb821f00d15_q11_rear_left,orth6r_9cb821f00d15,11,sobol,rear_left,0.0,315.4560220660642,467.06703723873943,0.0,,1.087779386434704,1.1976077877916396,,7,18,5,0.45728395061728394,39,6,True,9,9,0.00666666666666671,0.8189967396675366,106.66209231700486
orth6r_9cb821f00d15_q11_rear_center,orth6r_9cb821f00d15,11,sobol,rear_center,0.0,315.4560220660642,467.06703723873943,0.0,,1.087779386434704,1.1976077877916396,,10,21,8,0.6009876543209877,47,6,True,9,9,0.00666666666666671,1.052745250998207,99.36994953699468
orth6r_9cb821f00d15_q11_rear_right,orth6r_9cb821f00d15,11,sobol,rear_right,0.0,315.4560220660642,467.06703723873943,0.0,,1.087779386434704,1.1976077877916396,,11,21,7,0.6108641975308642,45,6,True,9,9,0.00666666666666671,0.8466525433727612,104.12626708199969
orth6r_9cb821f00d15_q11_mid_left,orth6r_9cb821f00d15,11,sobol,mid_left,0.0,315.4560220660642,467.06703723873943,0.0,,1.087779386434704,1.1976077877916396,,10,21,5,0.5639506172839506,34,5,True,9,9,0.00666666666666671,1.0405483908504494,101.90223927799525
orth6r_9cb821f00d15_q12_rear_left,orth6r_9cb821f00d15,12,sobol,rear_left,0.0,280.52847318816924,309.9815334286541,0.0,,0.9673395627178252,0.7948244446888566,,0,0,0,0.0,14,0,False,0,9,,,119.7941030180009
orth6r_9cb821f00d15_q12_rear_center,orth6r_9cb821f00d15,12,sobol,rear_center,0.0,280.52847318816924,309.9815334286541,0.0,,0.9673395627178252,0.7948244446888566,,2,5,0,0.11111111111111112,36,4,True,8,9,0.00666666666666671,0.202324298089255,105.45800470100221
orth6r_9cb821f00d15_q12_rear_right,orth6r_9cb821f00d15,12,sobol,rear_right,0.0,280.52847318816924,309.9815334286541,0.0,,0.9673395627178252,0.7948244446888566,,3,8,2,0.1980246913580247,49,6,True,9,9,0.00666666666666671,0.5951428617654761,103.42092536199925
orth6r_9cb821f00d15_q12_mid_left,orth6r_9cb821f00d15,12,sobol,mid_left,0.0,280.52847318816924,309.9815334286541,0.0,,0.9673395627178252,0.7948244446888566,,1,7,1,0.12790123456790123,32,2,True,9,9,0.00666666666666671,0.32108845466100844,120.88744716699875
orth6r_9cb821f00d15_q13_rear_left,orth6r_9cb821f00d15,13,sobol,rear_left,0.0,257.31619840953493,443.7694787839428,0.0,,0.8872972358949482,1.137870458420366,,3,9,1,0.19901234567901235,35,4,True,9,9,0.00666666666666671,0.56265070728857,105.73185255799763
orth6r_9cb821f00d15_q13_rear_center,orth6r_9cb821f00d15,13,sobol,rear_center,0.0,257.31619840953493,443.7694787839428,0.0,,0.8872972358949482,1.137870458420366,,6,17,5,0.4217283950617284,40,6,True,9,9,0.00666666666666671,0.909810993560173,109.73214716000075
orth6r_9cb821f00d15_q13_rear_right,orth6r_9cb821f00d15,13,sobol,rear_right,0.0,257.31619840953493,443.7694787839428,0.0,,0.8872972358949482,1.137870458420366,,9,20,8,0.5654320987654321,46,6,True,9,9,0.00666666666666671,0.7160684378711302,115.80160449200048
orth6r_9cb821f00d15_q13_mid_left,orth6r_9cb821f00d15,13,sobol,mid_left,0.0,257.31619840953493,443.7694787839428,0.0,,0.8872972358949482,1.137870458420366,,6,18,3,0.41037037037037033,38,6,True,9,9,0.00666666666666671,0.9453100465554514,108.71231822000118
orth6r_9cb821f00d15_q14_rear_left,orth6r_9cb821f00d15,14,sobol,rear_left,0.0,293.3931148285046,333.08857211843133,0.0,,1.0117003959603608,0.8540732618421316,,1,1,0,0.035555555555555556,24,0,False,1,9,0.00666666666666671,0.06361133684923503,102.18359153300116
orth6r_9cb821f00d15_q14_rear_center,orth6r_9cb821f00d15,14,sobol,rear_center,0.0,293.3931148285046,333.08857211843133,0.0,,1.0117003959603608,0.8540732618421316,,3,9,1,0.19901234567901235,42,5,True,9,9,0.00666666666666671,0.6486420442131182,111.0520925660021
orth6r_9cb821f00d15_q14_rear_right,orth6r_9cb821f00d15,14,sobol,rear_right,0.0,293.3931148285046,333.08857211843133,0.0,,1.0117003959603608,0.8540732618421316,,4,15,4,0.33827160493827163,44,6,True,9,9,0.00666666666666671,0.7054097275140667,108.92113373100437
orth6r_9cb821f00d15_q14_mid_left,orth6r_9cb821f00d15,14,sobol,mid_left,0.0,293.3931148285046,333.08857211843133,0.0,,1.0117003959603608,0.8540732618421316,,3,11,1,0.22567901234567903,36,4,True,9,9,0.00666666666666671,0.5474101317190616,97.09480986300332
orth6r_9cb821f00d15_q15_rear_left,orth6r_9cb821f00d15,15,sobol,rear_left,0.0,340.6363726919517,426.83822093065834,0.0,,1.1746081816963851,1.0944569767452776,,7,17,5,0.44395061728395063,39,6,True,9,9,0.00666666666666671,0.7078172075902454,96.29693872999633
orth6r_9cb821f00d15_q15_rear_center,orth6r_9cb821f00d15,15,sobol,rear_center,0.0,340.6363726919517,426.83822093065834,0.0,,1.1746081816963851,1.0944569767452776,,10,21,8,0.6009876543209877,45,5,True,9,9,0.00666666666666671,1.0305053110011233,111.04602100399643
orth6r_9cb821f00d15_q15_rear_right,orth6r_9cb821f00d15,15,sobol,rear_right,0.0,340.6363726919517,426.83822093065834,0.0,,1.1746081816963851,1.0944569767452776,,11,21,7,0.6108641975308642,43,5,True,9,9,0.00666666666666671,0.9050722322912906,93.83068899100181
orth6r_9cb821f00d15_q15_mid_left,orth6r_9cb821f00d15,15,sobol,mid_left,0.0,340.6363726919517,426.83822093065834,0.0,,1.1746081816963851,1.0944569767452776,,10,21,5,0.5639506172839506,40,6,True,9,9,0.00666666666666671,0.911414959396416,98.34881679099635
orth6r_9cb821f00d15_q16_rear_left,orth6r_9cb821f00d15,16,sobol,rear_left,0.0,232.68777647521347,343.92580102197826,0.0,,0.8023716430179775,0.8818610282614827,,0,0,0,0.0,13,0,False,0,9,,,107.91351429199858
orth6r_9cb821f00d15_q16_rear_center,orth6r_9cb821f00d15,16,sobol,rear_center,0.0,232.68777647521347,343.92580102197826,0.0,,0.8023716430179775,0.8818610282614827,,1,3,0,0.062222222222222213,33,4,True,5,9,0.00666666666666671,0.3093846453513662,113.98633272600273
orth6r_9cb821f00d15_q16_rear_right,orth6r_9cb821f00d15,16,sobol,rear_right,0.0,232.68777647521347,343.92580102197826,0.0,,0.8023716430179775,0.8818610282614827,,2,7,1,0.15012345679012348,44,6,True,9,9,0.00666666666666671,0.49106139723536146,109.62219264099986
orth6r_9cb821f00d15_q16_mid_left,orth6r_9cb821f00d15,16,sobol,mid_left,0.0,232.68777647521347,343.92580102197826,0.0,,0.8023716430179775,0.8818610282614827,,1,3,0,0.062222222222222213,32,2,True,8,9,0.00666666666666671,0.11192485816152375,105.78338360999624
orth6r_27d47e03a0b7_q00_rear_left,orth6r_27d47e03a0b7,0,baseline,rear_left,290.0,390.0,0.0,60.0,1.0,1.0,,1.0,1,7,1,0.12790123456790123,25,1,True,8,9,0.00666666666666671,0.038065013104138234,104.48482126100134
orth6r_27d47e03a0b7_q00_rear_center,orth6r_27d47e03a0b7,0,baseline,rear_center,290.0,390.0,0.0,60.0,1.0,1.0,,1.0,6,14,2,0.34469135802469136,40,6,True,9,9,0.00666666666666671,0.29448534937185755,96.9873624910033
orth6r_27d47e03a0b7_q00_rear_right,orth6r_27d47e03a0b7,0,baseline,rear_right,290.0,390.0,0.0,60.0,1.0,1.0,,1.0,9,15,5,0.46172839506172836,39,6,True,9,9,0.00666666666666671,0.2198214703722272,99.28112638299353
orth6r_27d47e03a0b7_q00_mid_left,orth6r_27d47e03a0b7,0,baseline,mid_left,290.0,390.0,0.0,60.0,1.0,1.0,,1.0,6,15,3,0.3703703703703704,37,6,False,3,9,0.00666666666666671,0.39587988360982096,111.37452740700246
orth6r_27d47e03a0b7_q01_rear_left,orth6r_27d47e03a0b7,1,sobol,rear_left,220.37192650604993,477.1096069877968,0.0,71.73009887337685,0.759903194848448,1.2233579666353762,,1.195501647889614,2,8,1,0.1634567901234568,35,2,True,8,9,0.00666666666666671,0.1287714443176564,116.03180693699687
orth6r_27d47e03a0b7_q01_rear_center,orth6r_27d47e03a0b7,1,sobol,rear_center,220.37192650604993,477.1096069877968,0.0,71.73009887337685,0.759903194848448,1.2233579666353762,,1.195501647889614,6,16,5,0.40839506172839507,42,7,True,9,9,0.00666666666666671,0.5095920225825208,106.80929913300497
orth6r_27d47e03a0b7_q01_rear_right,orth6r_27d47e03a0b7,1,sobol,rear_right,220.37192650604993,477.1096069877968,0.0,71.73009887337685,0.759903194848448,1.2233579666353762,,1.195501647889614,7,15,5,0.4172839506172839,40,5,True,9,9,0.00666666666666671,0.2194394110866693,103.39850656699855
orth6r_27d47e03a0b7_q01_mid_left,orth6r_27d47e03a0b7,1,sobol,mid_left,220.37192650604993,477.1096069877968,0.0,71.73009887337685,0.759903194848448,1.2233579666353762,,1.195501647889614,6,17,4,0.40938271604938276,42,7,False,1,9,0.00666666666666671,0.6863742418754029,110.69810183899972
orth6r_27d47e03a0b7_q02_rear_left,orth6r_27d47e03a0b7,2,sobol,rear_left,291.4129546331242,309.1752206766978,0.0,52.10004832595586,1.0048722573556006,0.7927569760940969,,0.8683341387659311,0,0,0,0.0,7,0,False,0,9,,,114.0629703720042
orth6r_27d47e03a0b7_q02_rear_center,orth6r_27d47e03a0b7,2,sobol,rear_center,291.4129546331242,309.1752206766978,0.0,52.10004832595586,1.0048722573556006,0.7927569760940969,,0.8683341387659311,2,2,0,0.07111111111111111,28,0,True,4,9,-0.0005332020453787389,0.044777285668882616,99.70900931800134
orth6r_27d47e03a0b7_q02_rear_right,orth6r_27d47e03a0b7,2,sobol,rear_right,291.4129546331242,309.1752206766978,0.0,52.10004832595586,1.0048722573556006,0.7927569760940969,,0.8683341387659311,3,8,3,0.2103703703703704,39,6,True,9,9,0.00666666666666671,0.1398699526480871,104.06720826600213
orth6r_27d47e03a0b7_q02_mid_left,orth6r_27d47e03a0b7,2,sobol,mid_left,291.4129546331242,309.1752206766978,0.0,52.10004832595586,1.0048722573556006,0.7927569760940969,,0.8683341387659311,1,5,1,0.10123456790123457,29,1,False,3,9,0.00666666666666671,0.06400845149516154,111.65932263599825
orth6r_27d47e03a0b7_q03_rear_left,orth6r_27d47e03a0b7,3,sobol,rear_left,359.8312904313206,414.22999280970544,0.0,62.65976476483047,1.2407975532114506,1.0621281866915524,,1.0443294127471745,7,16,3,0.40592592592592597,37,4,True,8,9,0.00666666666666671,0.20560898426141838,102.42428559399559
orth6r_27d47e03a0b7_q03_rear_center,orth6r_27d47e03a0b7,3,sobol,rear_center,359.8312904313206,414.22999280970544,0.0,62.65976476483047,1.2407975532114506,1.0621281866915524,,1.0443294127471745,11,21,9,0.6355555555555555,40,6,True,9,9,0.00666666666666671,0.3158640191359958,107.33981610299816
orth6r_27d47e03a0b7_q03_rear_right,orth6r_27d47e03a0b7,3,sobol,rear_right,359.8312904313206,414.22999280970544,0.0,62.65976476483047,1.2407975532114506,1.0621281866915524,,1.0443294127471745,13,20,12,0.7037037037037037,37,6,True,9,9,0.00666666666666671,0.2214748427777533,113.24947215400607
orth6r_27d47e03a0b7_q03_mid_left,orth6r_27d47e03a0b7,3,sobol,mid_left,359.8312904313206,414.22999280970544,0.0,62.65976476483047,1.2407975532114506,1.0621281866915524,,1.0443294127471745,11,21,9,0.6355555555555555,40,6,False,5,9,0.00666666666666671,0.496570734989084,97.27383188599924
orth6r_27d47e03a0b7_q04_rear_left,orth6r_27d47e03a0b7,4,sobol,rear_left,287.8168336674571,384.2410330893472,0.0,54.16847764514386,0.9924718402326107,0.9852334181778133,,0.9028079607523978,1,4,1,0.08790123456790123,22,1,True,6,9,0.00666666666666671,0.010308073501429149,101.48143681399961
orth6r_27d47e03a0b7_q04_rear_center,orth6r_27d47e03a0b7,4,sobol,rear_center,287.8168336674571,384.2410330893472,0.0,54.16847764514386,0.9924718402326107,0.9852334181778133,,0.9028079607523978,4,14,2,0.30024691358024697,39,6,True,9,9,0.00666666666666671,0.26643783929915976,108.63463656300155
orth6r_27d47e03a0b7_q04_rear_right,orth6r_27d47e03a0b7,4,sobol,rear_right,287.8168336674571,384.2410330893472,0.0,54.16847764514386,0.9924718402326107,0.9852334181778133,,0.9028079607523978,7,15,5,0.4172839506172839,39,6,True,9,9,0.00666666666666671,0.21998496573946724,103.39244709399645
orth6r_27d47e03a0b7_q04_mid_left,orth6r_27d47e03a0b7,4,sobol,mid_left,287.8168336674571,384.2410330893472,0.0,54.16847764514386,0.9924718402326107,0.9852334181778133,,0.9028079607523978,6,15,2,0.35802469135802467,36,5,False,4,9,0.00666666666666671,0.37016881931830614,104.38591253699997
orth6r_27d47e03a0b7_q05_rear_left,orth6r_27d47e03a0b7,5,sobol,rear_left,261.81384137365967,433.21303294971585,0.0,47.37656059674918,0.9028063495643437,1.110802648589015,,0.7896093432791531,1,6,0,0.10222222222222221,28,1,True,8,9,0.00666666666666671,0.0334917063077258,105.27982876800525
orth6r_27d47e03a0b7_q05_rear_center,orth6r_27d47e03a0b7,5,sobol,rear_center,261.81384137365967,433.21303294971585,0.0,47.37656059674918,0.9028063495643437,1.110802648589015,,0.7896093432791531,6,16,4,0.3960493827160494,36,6,True,9,9,0.00666666666666671,0.4157441756886546,120.1941264690031
orth6r_27d47e03a0b7_q05_rear_right,orth6r_27d47e03a0b7,5,sobol,rear_right,261.81384137365967,433.21303294971585,0.0,47.37656059674918,0.9028063495643437,1.110802648589015,,0.7896093432791531,9,16,5,0.4750617283950617,37,6,True,9,9,0.00666666666666671,0.22015333286610939,112.70430484299868
orth6r_27d47e03a0b7_q05_mid_left,orth6r_27d47e03a0b7,5,sobol,mid_left,261.81384137365967,433.21303294971585,0.0,47.37656059674918,0.9028063495643437,1.110802648589015,,0.7896093432791531,6,17,3,0.3970370370370371,36,5,False,4,9,0.00666666666666671,0.5263657525646965,117.0916981670016
orth6r_27d47e03a0b7_q06_rear_left,orth6r_27d47e03a0b7,6,sobol,rear_left,331.5251380065456,364.877696922049,0.0,68.99834110401571,1.1431901310570538,0.9355838382616639,,1.1499723517335951,2,6,1,0.13679012345679012,29,2,True,7,9,-3.429182662575969e-05,0.0014729509036612853,104.21054444100446
orth6r_27d47e03a0b7_q06_rear_center,orth6r_27d47e03a0b7,6,sobol,rear_center,331.5251380065456,364.877696922049,0.0,68.99834110401571,1.1431901310570538,0.9355838382616639,,1.1499723517335951,7,15,2,0.3802469135802469,41,6,True,9,9,0.006414150340969808,0.26495425675261775,102.73981487600395
orth6r_27d47e03a0b7_q06_rear_right,orth6r_27d47e03a0b7,6,sobol,rear_right,331.5251380065456,364.877696922049,0.0,68.99834110401571,1.1431901310570538,0.9355838382616639,,1.1499723517335951,9,16,8,0.5120987654320988,38,6,True,9,9,0.00666666666666671,0.2198150445336684,107.39464526999654
orth6r_27d47e03a0b7_q06_mid_left,orth6r_27d47e03a0b7,6,sobol,mid_left,331.5251380065456,364.877696922049,0.0,68.99834110401571,1.1431901310570538,0.9355838382616639,,1.1499723517335951,7,17,3,0.4192592592592593,38,5,False,2,9,0.00666666666666671,0.34941889452040353,109.9077718089975
orth6r_27d47e03a0b7_q07_rear_left,orth6r_27d47e03a0b7,7,sobol,rear_left,317.41645684465766,454.88782636821276,0.0,57.06172853708267,1.0945395063608885,1.1663790419697762,,0.9510288089513779,7,17,3,0.4192592592592593,37,5,True,8,9,0.00666666666666671,0.28195923466593786,99.84590598900104
orth6r_27d47e03a0b7_q07_rear_center,orth6r_27d47e03a0b7,7,sobol,rear_center,317.41645684465766,454.88782636821276,0.0,57.06172853708267,1.0945395063608885,1.1663790419697762,,0.9510288089513779,10,21,7,0.5886419753086419,41,6,True,9,9,0.00666666666666671,0.5074902284501843,107.0852618429999
orth6r_27d47e03a0b7_q07_rear_right,orth6r_27d47e03a0b7,7,sobol,rear_right,317.41645684465766,454.88782636821276,0.0,57.06172853708267,1.0945395063608885,1.1663790419697762,,0.9510288089513779,11,19,11,0.6335802469135802,39,6,True,9,9,0.00666666666666671,0.22038315915131923,87.18075783299719
orth6r_27d47e03a0b7_q07_mid_left,orth6r_27d47e03a0b7,7,sobol,mid_left,317.41645684465766,454.88782636821276,0.0,57.06172853708267,1.0945395063608885,1.1663790419697762,,0.9510288089513779,10,21,8,0.6009876543209877,36,6,False,4,9,0.00666666666666671,0.5566217231033534,114.44469883599959
orth6r_27d47e03a0b7_q08_rear_left,orth6r_27d47e03a0b7,8,sobol,rear_left,248.67874441668388,331.0155894700438,0.0,67.31128614395857,0.8575129117816687,0.848757921718061,,1.1218547690659761,0,0,0,0.0,4,0,False,0,9,,,106.35554909799976
orth6r_27d47e03a0b7_q08_rear_center,orth6r_27d47e03a0b7,8,sobol,rear_center,248.67874441668388,331.0155894700438,0.0,67.31128614395857,0.8575129117816687,0.848757921718061,,1.1218547690659761,1,3,0,0.062222222222222213,26,0,True,6,9,0.00666666666666671,0.0009534956716676923,112.56188767300046
orth6r_27d47e03a0b7_q08_rear_right,orth6r_27d47e03a0b7,8,sobol,rear_right,248.67874441668388,331.0155894700438,0.0,67.31128614395857,0.8575129117816687,0.848757921718061,,1.1218547690659761,3,6,1,0.15901234567901235,38,6,True,9,9,0.00666666666666671,0.012057414675596956,100.5296470270041
orth6r_27d47e03a0b7_q08_mid_left,orth6r_27d47e03a0b7,8,sobol,mid_left,248.67874441668388,331.0155894700438,0.0,67.31128614395857,0.8575129117816687,0.848757921718061,,1.1218547690659761,1,2,0,0.04888888888888889,26,2,False,1,9,-3.539383609203056e-05,0.020220025790136376,116.87768486099958
orth6r_27d47e03a0b7_q09_rear_left,orth6r_27d47e03a0b7,9,sobol,rear_left,240.4728474700823,390.85997025948024,0.0,58.892726758494966,0.829216715414077,1.002205051947385,,0.9815454459749162,1,0,0,0.022222222222222223,14,0,False,0,9,0.00666666666666671,0.039221083272412915,93.33748570700118
orth6r_27d47e03a0b7_q09_rear_center,orth6r_27d47e03a0b7,9,sobol,rear_center,240.4728474700823,390.85997025948024,0.0,58.892726758494966,0.829216715414077,1.002205051947385,,0.9815454459749162,3,7,1,0.17234567901234568,35,5,True,9,9,0.00666666666666671,0.15633747951958332,103.69543135500135
orth6r_27d47e03a0b7_q09_rear_right,orth6r_27d47e03a0b7,9,sobol,rear_right,240.4728474700823,390.85997025948024,0.0,58.892726758494966,0.829216715414077,1.002205051947385,,0.9815454459749162,3,13,5,0.3017283950617284,37,6,True,9,9,0.00666666666666671,0.21985875084227047,102.24496872899908
orth6r_27d47e03a0b7_q09_mid_left,orth6r_27d47e03a0b7,9,sobol,mid_left,240.4728474700823,390.85997025948024,0.0,58.892726758494966,0.829216715414077,1.002205051947385,,0.9815454459749162,3,10,1,0.2123456790123457,33,3,False,3,9,0.00666666666666671,0.3082875320130367,104.50725716199668
orth6r_27d47e03a0b7_q10_rear_left,orth6r_27d47e03a0b7,10,sobol,rear_left,317.1244615549221,370.66770207602536,0.0,65.39228436537087,1.0935326260514557,0.9504300053231418,,1.0898714060895145,2,7,1,0.15012345679012348,27,1,True,5,9,-0.0012860740443534774,0.02458963896056865,108.73523603400099
orth6r_27d47e03a0b7_q10_rear_center,orth6r_27d47e03a0b7,10,sobol,rear_center,317.1244615549221,370.66770207602536,0.0,65.39228436537087,1.0935326260514557,0.9504300053231418,,1.0898714060895145,6,14,2,0.34469135802469136,40,6,True,9,9,0.00666666666666671,0.2265790156808669,109.21655388100044
orth6r_27d47e03a0b7_q10_rear_right,orth6r_27d47e03a0b7,10,sobol,rear_right,317.1244615549221,370.66770207602536,0.0,65.39228436537087,1.0935326260514557,0.9504300053231418,,1.0898714060895145,9,16,7,0.4997530864197531,39,6,True,9,9,0.00666666666666671,0.21974046087491583,105.13443063700106
orth6r_27d47e03a0b7_q10_mid_left,orth6r_27d47e03a0b7,10,sobol,mid_left,317.1244615549221,370.66770207602536,0.0,65.39228436537087,1.0935326260514557,0.9504300053231418,,1.0898714060895145,6,16,3,0.3837037037037037,36,4,False,2,9,0.00666666666666671,0.35671180103663813,99.69599970700074
orth6r_27d47e03a0b7_q11_rear_left,orth6r_27d47e03a0b7,11,sobol,rear_left,339.18178008869285,472.8063336526975,0.0,45.486855637282126,1.1695923451334238,1.2123239324428141,,0.7581142606213689,10,19,5,0.537283950617284,40,6,True,8,9,0.00666666666666671,0.3553105309155833,116.08922913199785
orth6r_27d47e03a0b7_q11_rear_center,orth6r_27d47e03a0b7,11,sobol,rear_center,339.18178008869285,472.8063336526975,0.0,45.486855637282126,1.1695923451334238,1.2123239324428141,,0.7581142606213689,13,21,10,0.6923456790123458,41,6,True,9,9,0.00666666666666671,0.505154502056987,108.03010181700665
orth6r_27d47e03a0b7_q11_rear_right,orth6r_27d47e03a0b7,11,sobol,rear_right,339.18178008869285,472.8063336526975,0.0,45.486855637282126,1.1695923451334238,1.2123239324428141,,0.7581142606213689,13,19,12,0.6903703703703704,39,6,True,9,9,0.00666666666666671,0.22128558850649527,103.69716232200153
orth6r_27d47e03a0b7_q11_mid_left,orth6r_27d47e03a0b7,11,sobol,mid_left,339.18178008869285,472.8063336526975,0.0,45.486855637282126,1.1695923451334238,1.2123239324428141,,0.7581142606213689,13,21,10,0.6923456790123458,40,6,False,5,9,0.00666666666666671,0.5753167930230298,111.12886507799703
orth6r_27d47e03a0b7_q12_rear_left,orth6r_27d47e03a0b7,12,sobol,rear_left,263.7867977656424,300.9101404482499,0.0,70.85863614454865,0.9096096474677324,0.7715644626878202,,1.180977269075811,0,0,0,0.0,3,0,False,0,9,,,103.68511840300198
orth6r_27d47e03a0b7_q12_rear_center,orth6r_27d47e03a0b7,12,sobol,rear_center,263.7867977656424,300.9101404482499,0.0,70.85863614454865,0.9096096474677324,0.7715644626878202,,1.180977269075811,1,0,0,0.022222222222222223,22,1,False,2,9,0.00666666666666671,0.03471506278948722,105.16006119299709
orth6r_27d47e03a0b7_q12_rear_right,orth6r_27d47e03a0b7,12,sobol,rear_right,263.7867977656424,300.9101404482499,0.0,70.85863614454865,0.9096096474677324,0.7715644626878202,,1.180977269075811,2,4,1,0.11012345679012346,38,6,True,6,9,-0.001130094435899412,0.059784844007571,94.92356238199864
orth6r_27d47e03a0b7_q12_mid_left,orth6r_27d47e03a0b7,12,sobol,mid_left,263.7867977656424,300.9101404482499,0.0,70.85863614454865,0.9096096474677324,0.7715644626878202,,1.180977269075811,1,2,0,0.04888888888888889,25,0,False,0,9,-0.001097269091048056,0.0006856046807355298,106.20936763399368
orth6r_27d47e03a0b7_q13_rear_left,orth6r_27d47e03a0b7,13,sobol,rear_left,273.93207472283393,447.70580917596817,0.0,60.79947022721171,0.9445933611132205,1.1479636132717133,,1.013324503786862,4,10,1,0.23456790123456792,33,4,True,8,9,0.00666666666666671,0.1699336455142455,107.52266382899688
orth6r_27d47e03a0b7_q13_rear_center,orth6r_27d47e03a0b7,13,sobol,rear_center,273.93207472283393,447.70580917596817,0.0,60.79947022721171,0.9445933611132205,1.1479636132717133,,1.013324503786862,7,17,6,0.45629629629629626,36,6,True,9,9,0.00666666666666671,0.4896804740967706,113.41750549699645
orth6r_27d47e03a0b7_q13_rear_right,orth6r_27d47e03a0b7,13,sobol,rear_right,273.93207472283393,447.70580917596817,0.0,60.79947022721171,0.9445933611132205,1.1479636132717133,,1.013324503786862,9,19,7,0.5397530864197531,37,6,True,9,9,0.00666666666666671,0.21979779618565187,102.22557361100189
orth6r_27d47e03a0b7_q13_mid_left,orth6r_27d47e03a0b7,13,sobol,mid_left,273.93207472283393,447.70580917596817,0.0,60.79947022721171,0.9445933611132205,1.1479636132717133,,1.013324503786862,7,19,5,0.4706172839506173,37,6,False,3,9,0.00666666666666671,0.5924222583522938,109.58138001900079
orth6r_27d47e03a0b7_q14_rear_left,orth6r_27d47e03a0b7,14,sobol,rear_left,347.09454212803394,326.39096022583544,0.0,56.05818310752511,1.196877731475979,0.8368998980149627,,0.9343030517920852,1,5,1,0.10123456790123457,23,1,False,2,9,-0.0009904906714099937,0.0017850335879092682,102.00174221600173
orth6r_27d47e03a0b7_q14_rear_center,orth6r_27d47e03a0b7,14,sobol,rear_center,347.09454212803394,326.39096022583544,0.0,56.05818310752511,1.196877731475979,0.8368998980149627,,0.9343030517920852,5,13,2,0.3091358024691358,37,4,True,9,9,0.003901622114721691,0.04175463602216922,104.30984310899657
orth6r_27d47e03a0b7_q14_rear_right,orth6r_27d47e03a0b7,14,sobol,rear_right,347.09454212803394,326.39096022583544,0.0,56.05818310752511,1.196877731475979,0.8368998980149627,,0.9343030517920852,9,15,7,0.48641975308641977,37,5,True,9,9,0.004839776628155365,0.0718961545293455,93.99340365099488
orth6r_27d47e03a0b7_q14_mid_left,orth6r_27d47e03a0b7,14,sobol,mid_left,347.09454212803394,326.39096022583544,0.0,56.05818310752511,1.196877731475979,0.8368998980149627,,0.9343030517920852,6,14,2,0.34469135802469136,39,4,False,4,9,0.00666666666666671,0.18966366168687632,101.5155064770006
orth6r_27d47e03a0b7_q15_rear_left,orth6r_27d47e03a0b7,15,sobol,rear_left,306.97978094220156,419.19932747259736,0.0,73.64910126663744,1.0585509687662125,1.0748700704425573,,1.227485021110624,4,10,1,0.23456790123456792,32,3,True,8,9,0.0014312083107593451,0.1472159648301541,86.09388017599849
orth6r_27d47e03a0b7_q15_rear_center,orth6r_27d47e03a0b7,15,sobol,rear_center,306.97978094220156,419.19932747259736,0.0,73.64910126663744,1.0585509687662125,1.0748700704425573,,1.227485021110624,9,17,7,0.5130864197530864,41,6,True,9,9,0.00666666666666671,0.42048698141569907,80.71999314900313
orth6r_27d47e03a0b7_q15_rear_right,orth6r_27d47e03a0b7,15,sobol,rear_right,306.97978094220156,419.19932747259736,0.0,73.64910126663744,1.0585509687662125,1.0748700704425573,,1.227485021110624,9,19,9,0.5644444444444444,39,6,True,9,9,0.00666666666666671,0.2195288532045485,73.47378598200157
orth6r_27d47e03a0b7_q15_mid_left,orth6r_27d47e03a0b7,15,sobol,mid_left,306.97978094220156,419.19932747259736,0.0,73.64910126663744,1.0585509687662125,1.0748700704425573,,1.227485021110624,9,19,5,0.5150617283950617,36,6,False,2,9,0.00666666666666671,0.5114123049492629,77.74419605399453
orth6r_27d47e03a0b7_q16_rear_left,orth6r_27d47e03a0b7,16,sobol,rear_left,232.56052620708942,342.70975596271455,0.0,50.269050719216466,0.8019328489899635,0.8787429640069604,,0.8378175119869411,0,0,0,0.0,3,0,False,0,9,,,60.052970807002566
orth6r_27d47e03a0b7_q16_rear_center,orth6r_27d47e03a0b7,16,sobol,rear_center,232.56052620708942,342.70975596271455,0.0,50.269050719216466,0.8019328489899635,0.8787429640069604,,0.8378175119869411,1,3,0,0.062222222222222213,26,0,False,3,9,0.00666666666666671,0.011264604819345436,64.74126694999723
orth6r_27d47e03a0b7_q16_rear_right,orth6r_27d47e03a0b7,16,sobol,rear_right,232.56052620708942,342.70975596271455,0.0,50.269050719216466,0.8019328489899635,0.8787429640069604,,0.8378175119869411,3,6,1,0.15901234567901235,38,6,True,8,9,-0.0007233958341135785,0.07790447902592801,61.453559048997704
orth6r_27d47e03a0b7_q16_mid_left,orth6r_27d47e03a0b7,16,sobol,mid_left,232.56052620708942,342.70975596271455,0.0,50.269050719216466,0.8019328489899635,0.8787429640069604,,0.8378175119869411,1,2,0,0.04888888888888889,23,0,False,3,9,0.00666666666666671,0.019210118075844385,66.51281162400119
